/* Generated by tools/vkbridge/shaders/build.sh from bc_decode.comp - do not edit. */
#pragma once
#include <stdint.h>
	// 1115.1.0
static const uint32_t spv_bc1[] = {
	0x07230203,0x00010300,0x0008000b,0x0000029e,0x00000000,0x00020011,0x00000001,0x0006000b,
	0x00000001,0x4c534c47,0x6474732e,0x3035342e,0x00000000,0x0003000e,0x00000000,0x00000001,
	0x0006000f,0x00000005,0x00000004,0x6e69616d,0x00000000,0x00000027,0x00060010,0x00000004,
	0x00000011,0x00000008,0x00000008,0x00000001,0x00030003,0x00000002,0x000001c2,0x000a0004,
	0x475f4c47,0x4c474f4f,0x70635f45,0x74735f70,0x5f656c79,0x656e696c,0x7269645f,0x69746365,
	0x00006576,0x00080004,0x475f4c47,0x4c474f4f,0x6e695f45,0x64756c63,0x69645f65,0x74636572,
	0x00657669,0x00040005,0x00000004,0x6e69616d,0x00000000,0x00060005,0x0000000f,0x28747570,
	0x753b3175,0x66763b31,0x00003b34,0x00030005,0x0000000c,0x00007874,0x00030005,0x0000000d,
	0x00007974,0x00030005,0x0000000e,0x00000076,0x00050005,0x00000014,0x35626772,0x75283536,
	0x00003b31,0x00030005,0x00000013,0x00000063,0x000a0005,0x00000020,0x6f6c6f63,0x6c625f72,
	0x286b636f,0x753b3175,0x31623b31,0x3475763b,0x5d36315b,0x0000003b,0x00030005,0x0000001c,
	0x00006f6c,0x00030005,0x0000001d,0x00786469,0x00040005,0x0000001e,0x7161706f,0x00006575,
	0x00040005,0x0000001f,0x65786574,0x0000736c,0x00030005,0x00000024,0x006b6c62,0x00080005,
	0x00000027,0x475f6c67,0x61626f6c,0x766e496c,0x7461636f,0x496e6f69,0x00000044,0x00030005,
	0x0000002a,0x00000070,0x00030005,0x00000038,0x00004350,0x00060006,0x00000038,0x00000000,
	0x5f637273,0x64726f77,0x00000000,0x00060006,0x00000038,0x00000001,0x5f776f72,0x636f6c62,
	0x0000736b,0x00070006,0x00000038,0x00000002,0x6579616c,0x6c625f72,0x736b636f,0x00000000,
	0x00050006,0x00000038,0x00000003,0x67616c66,0x00000073,0x00050006,0x00000038,0x00000004,
	0x5f747364,0x0066666f,0x00050006,0x00000038,0x00000005,0x65747865,0x0000746e,0x00030005,
	0x0000003a,0x00006370,0x00030005,0x0000004d,0x00747364,0x00030005,0x00000066,0x00000072,
	0x00030005,0x0000006c,0x00000067,0x00030005,0x00000071,0x00000062,0x00030005,0x00000089,
	0x00003063,0x00030005,0x0000008d,0x00003163,0x00030005,0x00000091,0x00003072,0x00030005,
	0x00000095,0x00003067,0x00030005,0x00000099,0x00003062,0x00030005,0x0000009c,0x00003172,
	0x00030005,0x000000a0,0x00003167,0x00030005,0x000000a4,0x00003162,0x00030005,0x000000a9,
	0x00666572,0x00040005,0x000000ab,0x61726170,0x0000006d,0x00040005,0x000000b1,0x61726170,
	0x0000006d,0x00030005,0x0000010b,0x00000074,0x00030005,0x0000011f,0x006b6c62,0x00040005,
	0x00000122,0x6b6c626e,0x00000000,0x00040005,0x0000013b,0x64726f77,0x00000073,0x00040005,
	0x0000013c,0x65736162,0x00000000,0x00030005,0x00000150,0x00000062,0x00030005,0x00000152,
	0x00637253,0x00040006,0x00000152,0x00000000,0x00000077,0x00030005,0x00000154,0x00637273,
	0x00030005,0x00000174,0x006e6773,0x00030005,0x0000017a,0x00786574,0x00040005,0x0000017b,
	0x61726170,0x0000006d,0x00040005,0x0000017e,0x61726170,0x0000006d,0x00040005,0x00000181,
	0x61726170,0x0000006d,0x00040005,0x00000182,0x61726170,0x0000006d,0x00030005,0x00000186,
	0x00000074,0x00030005,0x0000018e,0x00000063,0x00040005,0x000001a2,0x61726170,0x0000006d,
	0x00040005,0x000001a3,0x61726170,0x0000006d,0x00040005,0x000001a4,0x61726170,0x0000006d,
	0x00040047,0x00000027,0x0000000b,0x0000001c,0x00030047,0x00000038,0x00000002,0x00050048,
	0x00000038,0x00000000,0x00000023,0x00000000,0x00050048,0x00000038,0x00000001,0x00000023,
	0x00000004,0x00050048,0x00000038,0x00000002,0x00000023,0x00000008,0x00050048,0x00000038,
	0x00000003,0x00000023,0x0000000c,0x00050048,0x00000038,0x00000004,0x00000023,0x00000010,
	0x00050048,0x00000038,0x00000005,0x00000023,0x00000018,0x00030047,0x0000004d,0x00000019,
	0x00040047,0x0000004d,0x00000021,0x00000001,0x00040047,0x0000004d,0x00000022,0x00000000,
	0x00040047,0x00000151,0x00000006,0x00000004,0x00030047,0x00000152,0x00000002,0x00040048,
	0x00000152,0x00000000,0x00000018,0x00050048,0x00000152,0x00000000,0x00000023,0x00000000,
	0x00030047,0x00000154,0x00000018,0x00040047,0x00000154,0x00000021,0x00000000,0x00040047,
	0x00000154,0x00000022,0x00000000,0x00040047,0x000001a9,0x0000000b,0x00000019,0x00020013,
	0x00000002,0x00030021,0x00000003,0x00000002,0x00040015,0x00000006,0x00000020,0x00000000,
	0x00040020,0x00000007,0x00000007,0x00000006,0x00030016,0x00000008,0x00000020,0x00040017,
	0x00000009,0x00000008,0x00000004,0x00040020,0x0000000a,0x00000007,0x00000009,0x00060021,
	0x0000000b,0x00000002,0x00000007,0x00000007,0x0000000a,0x00040017,0x00000011,0x00000006,
	0x00000004,0x00040021,0x00000012,0x00000011,0x00000007,0x00020014,0x00000016,0x00040020,
	0x00000017,0x00000007,0x00000016,0x0004002b,0x00000006,0x00000018,0x00000010,0x0004001c,
	0x00000019,0x00000011,0x00000018,0x00040020,0x0000001a,0x00000007,0x00000019,0x00070021,
	0x0000001b,0x00000002,0x00000007,0x00000007,0x00000017,0x0000001a,0x00040017,0x00000022,
	0x00000006,0x00000002,0x00040020,0x00000023,0x00000007,0x00000022,0x00040017,0x00000025,
	0x00000006,0x00000003,0x00040020,0x00000026,0x00000001,0x00000025,0x0004003b,0x00000026,
	0x00000027,0x00000001,0x0004002b,0x00000006,0x0000002c,0x00000004,0x0004002b,0x00000006,
	0x00000033,0x00000000,0x00040015,0x00000036,0x00000020,0x00000001,0x00040017,0x00000037,
	0x00000036,0x00000002,0x0008001e,0x00000038,0x00000006,0x00000006,0x00000006,0x00000006,
	0x00000037,0x00000022,0x00040020,0x00000039,0x00000009,0x00000038,0x0004003b,0x00000039,
	0x0000003a,0x00000009,0x0004002b,0x00000036,0x0000003b,0x00000005,0x00040020,0x0000003c,
	0x00000009,0x00000006,0x0004002b,0x00000006,0x00000042,0x00000001,0x00090019,0x0000004b,
	0x00000008,0x00000001,0x00000000,0x00000001,0x00000000,0x00000002,0x00000004,0x00040020,
	0x0000004c,0x00000000,0x0000004b,0x0004003b,0x0000004c,0x0000004d,0x00000000,0x0004002b,
	0x00000036,0x0000004f,0x00000004,0x00040020,0x00000050,0x00000009,0x00000037,0x0004002b,
	0x00000006,0x00000056,0x00000002,0x00040020,0x00000057,0x00000001,0x00000006,0x0004002b,
	0x00000036,0x0000005a,0x00000003,0x0004002b,0x00000036,0x0000005d,0x00000008,0x00040017,
	0x00000061,0x00000036,0x00000003,0x0004002b,0x00000036,0x00000068,0x0000000b,0x0004002b,
	0x00000006,0x0000006a,0x0000001f,0x0004002b,0x00000006,0x0000006f,0x0000003f,0x0004002b,
	0x00000006,0x00000075,0x0000020f,0x0004002b,0x00000006,0x00000077,0x00000017,0x0004002b,
	0x00000036,0x00000079,0x00000006,0x0004002b,0x00000006,0x0000007c,0x00000103,0x0004002b,
	0x00000006,0x0000007e,0x00000021,0x0004002b,0x00000006,0x00000085,0x000000ff,0x0004002b,
	0x00000006,0x0000008b,0x0000ffff,0x0004002b,0x00000036,0x0000008f,0x00000010,0x0004001c,
	0x000000a7,0x00000011,0x0000002c,0x00040020,0x000000a8,0x00000007,0x000000a7,0x0004002b,
	0x00000036,0x000000aa,0x00000000,0x00040020,0x000000ae,0x00000007,0x00000011,0x0004002b,
	0x00000036,0x000000b0,0x00000001,0x0004002b,0x00000036,0x000000bc,0x00000002,0x0004002b,
	0x00000006,0x000000c1,0x0000015f,0x0004002b,0x00000006,0x000000c3,0x0000003d,0x0004002b,
	0x00000036,0x000000c5,0x00000007,0x0004002b,0x00000006,0x000000cb,0x00000acb,0x0004002b,
	0x00000006,0x000000cd,0x0000040f,0x0004002b,0x00000006,0x000000f4,0x0000041d,0x0004002b,
	0x00000006,0x000000f6,0x0000007d,0x0004002b,0x00000006,0x000000fc,0x00001031,0x0004002b,
	0x00000006,0x000000fe,0x000003fb,0x0007002c,0x00000011,0x00000109,0x00000033,0x00000033,
	0x00000033,0x00000033,0x0004002b,0x00000006,0x00000118,0x00000003,0x00040020,0x00000123,
	0x00000009,0x00000022,0x0003001d,0x00000151,0x00000006,0x0003001e,0x00000152,0x00000151,
	0x00040020,0x00000153,0x0000000c,0x00000152,0x0004003b,0x00000153,0x00000154,0x0000000c,
	0x00040020,0x00000156,0x0000000c,0x00000006,0x0003002a,0x00000016,0x00000179,0x0004002b,
	0x00000008,0x0000019f,0x437f0000,0x0004002b,0x00000006,0x000001a8,0x00000008,0x0006002c,
	0x00000025,0x000001a9,0x000001a8,0x000001a8,0x00000042,0x0004002b,0x00000006,0x000001aa,
	0x00000020,0x0004001c,0x000001ab,0x00000036,0x000001aa,0x0004002b,0x00000036,0x000001ac,
	0x0000000a,0x0004002b,0x00000036,0x000001ad,0xffffffff,0x0004002b,0x00000036,0x000001ae,
	0x0000000c,0x0004002b,0x00000036,0x000001af,0x0000000d,0x0004002b,0x00000036,0x000001b0,
	0x00000009,0x0023002c,0x000001ab,0x000001b1,0x000000aa,0x000000b0,0x000000bc,0x000001ac,
	0x000001ad,0x000001ad,0x0000005a,0x00000068,0x000001ad,0x000001ad,0x0000004f,0x000001ae,
	0x000001ad,0x000001ad,0x0000003b,0x000001af,0x000001ad,0x000001ad,0x00000079,0x000001ad,
	0x000001ad,0x000001ad,0x000000c5,0x000001ad,0x000001ad,0x000001ad,0x0000005d,0x000001ad,
	0x000001ad,0x000001ad,0x000001b0,0x000001ad,0x0004002b,0x00000006,0x000001b2,0x0000000f,
	0x0004001c,0x000001b3,0x00000006,0x000001b2,0x0004002b,0x00000006,0x000001b4,0x00000014,
	0x0004002b,0x00000006,0x000001b5,0x0000002c,0x0004002b,0x00000006,0x000001b6,0x00000054,
	0x0004002b,0x00000006,0x000001b7,0x00000069,0x0004002b,0x00000006,0x000001b8,0x00000091,
	0x0004002b,0x00000006,0x000001b9,0x000000a7,0x0004002b,0x00000006,0x000001ba,0x000000bd,
	0x0004002b,0x00000006,0x000001bb,0x000000d5,0x0004002b,0x00000006,0x000001bc,0x000000db,
	0x0004002b,0x00000006,0x000001bd,0x000000e4,0x0004002b,0x00000006,0x000001be,0x000000ed,
	0x0004002b,0x00000006,0x000001bf,0x000000f6,0x0012002c,0x000001b3,0x000001c0,0x00000033,
	0x000001b4,0x000001b5,0x0000006f,0x000001b6,0x000001b7,0x000000f6,0x000001b8,0x000001b9,
	0x000001ba,0x000001bb,0x000001bc,0x000001bd,0x000001be,0x000001bf,0x0004001c,0x000001c1,
	0x00000006,0x000001bf,0x0004002b,0x00000006,0x000001c2,0x00000816,0x0004002b,0x00000006,
	0x000001c3,0x0000081a,0x0004002b,0x00000006,0x000001c4,0x0000081b,0x0004002b,0x00000006,
	0x000001c5,0x000000a0,0x0004002b,0x00000006,0x000001c6,0x000000a4,0x0004002b,0x00000006,
	0x000001c7,0x000000a8,0x0004002b,0x00000006,0x000001c8,0x00000051,0x0004002b,0x00000006,
	0x000001c9,0x00000817,0x0004002b,0x00000006,0x000001ca,0x00000046,0x0004002b,0x00000006,
	0x000001cb,0x00000055,0x0004002b,0x00000006,0x000001cc,0x0000001b,0x0004002b,0x00000006,
	0x000001cd,0x00000047,0x0004002b,0x00000006,0x000001ce,0x00000059,0x0004002b,0x00000006,
	0x000001cf,0x0000021b,0x0004002b,0x00000006,0x000001d0,0x0000004a,0x0004002b,0x00000006,
	0x000001d1,0x00000052,0x0004002b,0x00000006,0x000001d2,0x0000041b,0x0004002b,0x00000006,
	0x000001d3,0x00000053,0x0004002b,0x00000006,0x000001d4,0x0000061b,0x0004002b,0x00000006,
	0x000001d5,0x0000005c,0x0004002b,0x00000006,0x000001d6,0x00000a16,0x0004002b,0x00000006,
	0x000001d7,0x00000a17,0x0004002b,0x00000006,0x000001d8,0x00000070,0x0004002b,0x00000006,
	0x000001d9,0x00000074,0x0004002b,0x00000006,0x000001da,0x00000a1a,0x0004002b,0x00000006,
	0x000001db,0x00000078,0x0004002b,0x00000006,0x000001dc,0x00000a1b,0x0004002b,0x00000006,
	0x000001dd,0x00000061,0x0004002b,0x00000006,0x000001de,0x00000065,0x0004002b,0x00000006,
	0x000001df,0x00000062,0x0004002b,0x00000006,0x000001e0,0x00000063,0x0004002b,0x00000006,
	0x000001e1,0x00001410,0x0004002b,0x00000006,0x000001e2,0x00000045,0x0004002b,0x00000006,
	0x000001e3,0x00001414,0x0004002b,0x00000006,0x000001e4,0x00000049,0x0004002b,0x00000006,
	0x000001e5,0x00001418,0x0004002b,0x00000006,0x000001e6,0x00000041,0x0004002b,0x00000006,
	0x000001e7,0x00000042,0x0004002b,0x00000006,0x000001e8,0x00000043,0x0004002b,0x00000006,
	0x000001e9,0x00000090,0x0004002b,0x00000006,0x000001ea,0x00000094,0x0004002b,0x00000006,
	0x000001eb,0x00000098,0x0004002b,0x00000006,0x000001ec,0x00000080,0x0004002b,0x00000006,
	0x000001ed,0x00000084,0x0004002b,0x00000006,0x000001ee,0x00000088,0x0004002b,0x00000006,
	0x000001ef,0x00000060,0x0004002b,0x00000006,0x000001f0,0x00000064,0x0004002b,0x00000006,
	0x000001f1,0x00000068,0x0004002b,0x00000006,0x000001f2,0x000000a1,0x0004002b,0x00000006,
	0x000001f3,0x000000a5,0x0004002b,0x00000006,0x000001f4,0x000000a9,0x0004002b,0x00000006,
	0x000001f5,0x00000095,0x0004002b,0x00000006,0x000001f6,0x00000099,0x0004002b,0x00000006,
	0x000001f7,0x00000081,0x0004002b,0x00000006,0x000001f8,0x00005420,0x0004002b,0x00000006,
	0x000001f9,0x00000085,0x0004002b,0x00000006,0x000001fa,0x00005424,0x0004002b,0x00000006,
	0x000001fb,0x00000089,0x0004002b,0x00000006,0x000001fc,0x00005428,0x0004002b,0x00000006,
	0x000001fd,0x00005460,0x0004002b,0x00000006,0x000001fe,0x00005464,0x0004002b,0x00000006,
	0x000001ff,0x00005468,0x00f9002c,0x000001c1,0x00000200,0x000001c2,0x000001c3,0x000001c4,
	0x000001c5,0x000001c6,0x000001c7,0x000001c8,0x000001c9,0x000001ca,0x000001cb,0x000001cc,
	0x000001cd,0x000001ce,0x000001cf,0x000001d0,0x000001d1,0x000001d2,0x000001d3,0x000001d4,
	0x000001d5,0x000001d6,0x000001c9,0x000001d7,0x000001d8,0x000001cc,0x000001cf,0x000001c3,
	0x000001d9,0x000001da,0x000001d2,0x000001c2,0x000001db,0x000001d4,0x000001dc,0x000001c4,
	0x000001dd,0x000001ca,0x000001de,0x000001cd,0x000001b7,0x000001d0,0x000001df,0x000001e0,
	0x000001d5,0x000001c5,0x000001c6,0x000001c7,0x000001c8,0x000001e1,0x000001ca,0x000001e2,
	0x000001e3,0x000001cc,0x000001cd,0x000001e4,0x000001e5,0x000001cf,0x000001d0,0x000001d1,
	0x000001d2,0x000001d3,0x000001d4,0x000001d5,0x000001c5,0x000001c6,0x000001c7,0x000001e6,
	0x000001e1,0x000001c9,0x000001ca,0x000001cb,0x000001e3,0x000001cd,0x000001e4,0x000001e5,
	0x000001cf,0x000001d0,0x000001e7,0x000001cc,0x000001d2,0x000001e8,0x000001c2,0x000001d4,
	0x000001d5,0x000001c5,0x000001c6,0x000001c7,0x000001e6,0x000001e1,0x000001c3,0x000001ca,
	0x000001e2,0x000001e3,0x000001cc,0x000001cd,0x000001ce,0x000001e5,0x000001d0,0x000001e7,
	0x000001cf,0x000001d2,0x000001e8,0x000001c4,0x000001d4,0x000001d5,0x000001e9,0x000001c3,
	0x000001ea,0x000001c2,0x000001eb,0x000001c4,0x000001c8,0x000001c9,0x000001ca,0x000001cb,
	0x000001cc,0x000001cd,0x000001ce,0x000001cf,0x000001d0,0x000001d1,0x000001d2,0x000001d3,
	0x000001d4,0x000001d5,0x000001ec,0x000001c9,0x000001c3,0x000001ed,0x000001d2,0x000001c2,
	0x000001ee,0x000001d4,0x000001c4,0x000001dd,0x000001ca,0x000001cb,0x000001cc,0x000001cd,
	0x000001ce,0x000001cf,0x000001d0,0x000001df,0x000001e0,0x000001d5,0x000001ec,0x000001cc,
	0x000001c3,0x000001ed,0x000001d6,0x000001c2,0x000001ee,0x000001d7,0x000001c4,0x000001c8,
	0x000001c9,0x000001ca,0x000001de,0x000001cd,0x000001ce,0x000001cf,0x000001d0,0x000001d1,
	0x000001d2,0x000001d3,0x000001d4,0x000001d5,0x000001ec,0x000001cf,0x000001c3,0x000001ed,
	0x000001da,0x000001c2,0x000001ee,0x000001dc,0x000001c4,0x000001c8,0x000001c9,0x000001ca,
	0x000001cb,0x000001cc,0x000001cd,0x000001b7,0x000001d0,0x000001d1,0x000001d2,0x000001d3,
	0x000001d4,0x000001d5,0x000001ef,0x000001c9,0x000001cc,0x000001cf,0x000001c3,0x000001f0,
	0x000001d6,0x000001da,0x000001d2,0x000001c2,0x000001f1,0x000001d7,0x000001d4,0x000001dc,
	0x000001c4,0x000001dd,0x000001ca,0x000001de,0x000001cd,0x000001b7,0x000001d0,0x000001df,
	0x000001e0,0x000001d5,0x000001c5,0x000001c6,0x000001c7,0x000001f2,0x000001f3,0x000001f4,
	0x000001c5,0x000001c6,0x000001c7,0x000001b8,0x000001e1,0x000001f5,0x000001e3,0x000001f6,
	0x000001e5,0x000001c5,0x000001c6,0x000001c7,0x000001f7,0x000001f8,0x000001f9,0x000001fa,
	0x000001fb,0x000001fc,0x000001c5,0x000001c6,0x000001c7,0x000001e6,0x000001fd,0x000001e2,
	0x000001fe,0x000001e4,0x000001ff,0x0004002b,0x00000006,0x00000201,0x0000000e,0x0004001c,
	0x00000202,0x00000036,0x00000201,0x0011002c,0x00000202,0x00000203,0x000001ac,0x000000c5,
	0x00000068,0x00000068,0x00000068,0x000001b0,0x0000005d,0x0000005d,0x0000005d,0x00000079,
	0x000001ac,0x00000068,0x000001ae,0x0000008f,0x0011002c,0x00000202,0x00000204,0x0000003b,
	0x00000079,0x0000003b,0x0000004f,0x0000004f,0x0000003b,0x00000079,0x0000003b,0x0000003b,
	0x00000079,0x000001ac,0x000001b0,0x0000005d,0x0000004f,0x0011002c,0x00000202,0x00000205,
	0x0000003b,0x00000079,0x0000004f,0x0000003b,0x0000004f,0x0000003b,0x0000003b,0x00000079,
	0x0000003b,0x00000079,0x000001ac,0x000001b0,0x0000005d,0x0000004f,0x0011002c,0x00000202,
	0x00000206,0x0000003b,0x00000079,0x0000004f,0x0000004f,0x0000003b,0x0000003b,0x0000003b,
	0x0000003b,0x00000079,0x00000079,0x000001ac,0x000001b0,0x0000005d,0x0000004f,0x0004002b,
	0x00000006,0x00000207,0x00000040,0x0004001c,0x00000208,0x00000006,0x00000207,0x0004002b,
	0x00000006,0x00000209,0x50505050,0x0004002b,0x00000006,0x0000020a,0x40404040,0x0004002b,
	0x00000006,0x0000020b,0x54545454,0x0004002b,0x00000006,0x0000020c,0x54505040,0x0004002b,
	0x00000006,0x0000020d,0x50404000,0x0004002b,0x00000006,0x0000020e,0x55545450,0x0004002b,
	0x00000006,0x0000020f,0x55545040,0x0004002b,0x00000006,0x00000210,0x54504000,0x0004002b,
	0x00000006,0x00000211,0x50400000,0x0004002b,0x00000006,0x00000212,0x55555450,0x0004002b,
	0x00000006,0x00000213,0x55544000,0x0004002b,0x00000006,0x00000214,0x54400000,0x0004002b,
	0x00000006,0x00000215,0x55555440,0x0004002b,0x00000006,0x00000216,0x55550000,0x0004002b,
	0x00000006,0x00000217,0x55555500,0x0004002b,0x00000006,0x00000218,0x55000000,0x0004002b,
	0x00000006,0x00000219,0x55150100,0x0004002b,0x00000006,0x0000021a,0x00004054,0x0004002b,
	0x00000006,0x0000021b,0x15010000,0x0004002b,0x00000006,0x0000021c,0x00405054,0x0004002b,
	0x00000006,0x0000021d,0x00004050,0x0004002b,0x00000006,0x0000021e,0x15050100,0x0004002b,
	0x00000006,0x0000021f,0x05010000,0x0004002b,0x00000006,0x00000220,0x40505054,0x0004002b,
	0x00000006,0x00000221,0x00404050,0x0004002b,0x00000006,0x00000222,0x05010100,0x0004002b,
	0x00000006,0x00000223,0x14141414,0x0004002b,0x00000006,0x00000224,0x05141450,0x0004002b,
	0x00000006,0x00000225,0x01155440,0x0004002b,0x00000006,0x00000226,0x00555500,0x0004002b,
	0x00000006,0x00000227,0x15014054,0x0004002b,0x00000006,0x00000228,0x05414150,0x0004002b,
	0x00000006,0x00000229,0x44444444,0x0004002b,0x00000006,0x0000022a,0x55005500,0x0004002b,
	0x00000006,0x0000022b,0x11441144,0x0004002b,0x00000006,0x0000022c,0x05055050,0x0004002b,
	0x00000006,0x0000022d,0x05500550,0x0004002b,0x00000006,0x0000022e,0x11114444,0x0004002b,
	0x00000006,0x0000022f,0x41144114,0x0004002b,0x00000006,0x00000230,0x44111144,0x0004002b,
	0x00000006,0x00000231,0x15055054,0x0004002b,0x00000006,0x00000232,0x01055040,0x0004002b,
	0x00000006,0x00000233,0x05041050,0x0004002b,0x00000006,0x00000234,0x05455150,0x0004002b,
	0x00000006,0x00000235,0x14414114,0x0004002b,0x00000006,0x00000236,0x50050550,0x0004002b,
	0x00000006,0x00000237,0x41411414,0x0004002b,0x00000006,0x00000238,0x00141400,0x0004002b,
	0x00000006,0x00000239,0x00041504,0x0004002b,0x00000006,0x0000023a,0x00105410,0x0004002b,
	0x00000006,0x0000023b,0x10541000,0x0004002b,0x00000006,0x0000023c,0x04150400,0x0004002b,
	0x00000006,0x0000023d,0x50410514,0x0004002b,0x00000006,0x0000023e,0x41051450,0x0004002b,
	0x00000006,0x0000023f,0x05415014,0x0004002b,0x00000006,0x00000240,0x14054150,0x0004002b,
	0x00000006,0x00000241,0x41050514,0x0004002b,0x00000006,0x00000242,0x41505014,0x0004002b,
	0x00000006,0x00000243,0x40011554,0x0004002b,0x00000006,0x00000244,0x54150140,0x0004002b,
	0x00000006,0x00000245,0x50505500,0x0004002b,0x00000006,0x00000246,0x00555050,0x0004002b,
	0x00000006,0x00000247,0x15151010,0x0004002b,0x00000006,0x00000248,0x54540404,0x0043002c,
	0x00000208,0x00000249,0x00000209,0x0000020a,0x0000020b,0x0000020c,0x0000020d,0x0000020e,
	0x0000020f,0x00000210,0x00000211,0x00000212,0x00000213,0x00000214,0x00000215,0x00000216,
	0x00000217,0x00000218,0x00000219,0x0000021a,0x0000021b,0x0000021c,0x0000021d,0x0000021e,
	0x0000021f,0x00000220,0x00000221,0x00000222,0x00000223,0x00000224,0x00000225,0x00000226,
	0x00000227,0x00000228,0x00000229,0x0000022a,0x0000022b,0x0000022c,0x0000022d,0x0000022e,
	0x0000022f,0x00000230,0x00000231,0x00000232,0x00000233,0x00000234,0x00000235,0x00000236,
	0x00000237,0x00000238,0x00000239,0x0000023a,0x0000023b,0x0000023c,0x0000023d,0x0000023e,
	0x0000023f,0x00000240,0x00000241,0x00000242,0x00000243,0x00000244,0x00000245,0x00000246,
	0x00000247,0x00000248,0x0004002b,0x00000006,0x0000024a,0x00000006,0x0043002c,0x00000208,
	0x0000024b,0x000001b2,0x000001b2,0x000001b2,0x000001b2,0x000001b2,0x000001b2,0x000001b2,
	0x000001b2,0x000001b2,0x000001b2,0x000001b2,0x000001b2,0x000001b2,0x000001b2,0x000001b2,
	0x000001b2,0x000001b2,0x00000056,0x000001a8,0x00000056,0x00000056,0x000001a8,0x000001a8,
	0x000001b2,0x00000056,0x000001a8,0x00000056,0x00000056,0x000001a8,0x000001a8,0x00000056,
	0x00000056,0x000001b2,0x000001b2,0x0000024a,0x000001a8,0x00000056,0x000001a8,0x000001b2,
	0x000001b2,0x00000056,0x000001a8,0x00000056,0x00000056,0x00000056,0x000001b2,0x000001b2,
	0x0000024a,0x0000024a,0x00000056,0x0000024a,0x000001a8,0x000001b2,0x000001b2,0x00000056,
	0x00000056,0x000001b2,0x000001b2,0x000001b2,0x000001b2,0x000001b2,0x00000056,0x00000056,
	0x000001b2,0x0004002b,0x00000006,0x0000024c,0xaa685050,0x0004002b,0x00000006,0x0000024d,
	0x6a5a5040,0x0004002b,0x00000006,0x0000024e,0x5a5a4200,0x0004002b,0x00000006,0x0000024f,
	0x5450a0a8,0x0004002b,0x00000006,0x00000250,0xa5a50000,0x0004002b,0x00000006,0x00000251,
	0xa0a05050,0x0004002b,0x00000006,0x00000252,0x5555a0a0,0x0004002b,0x00000006,0x00000253,
	0x5a5a5050,0x0004002b,0x00000006,0x00000254,0xaa550000,0x0004002b,0x00000006,0x00000255,
	0xaa555500,0x0004002b,0x00000006,0x00000256,0xaaaa5500,0x0004002b,0x00000006,0x00000257,
	0x90909090,0x0004002b,0x00000006,0x00000258,0x94949494,0x0004002b,0x00000006,0x00000259,
	0xa4a4a4a4,0x0004002b,0x00000006,0x0000025a,0xa9a59450,0x0004002b,0x00000006,0x0000025b,
	0x2a0a4250,0x0004002b,0x00000006,0x0000025c,0xa5945040,0x0004002b,0x00000006,0x0000025d,
	0x0a425054,0x0004002b,0x00000006,0x0000025e,0xa5a5a500,0x0004002b,0x00000006,0x0000025f,
	0x55a0a0a0,0x0004002b,0x00000006,0x00000260,0xa8a85454,0x0004002b,0x00000006,0x00000261,
	0x6a6a4040,0x0004002b,0x00000006,0x00000262,0xa4a45000,0x0004002b,0x00000006,0x00000263,
	0x1a1a0500,0x0004002b,0x00000006,0x00000264,0x0050a4a4,0x0004002b,0x00000006,0x00000265,
	0xaaa59090,0x0004002b,0x00000006,0x00000266,0x14696914,0x0004002b,0x00000006,0x00000267,
	0x69691400,0x0004002b,0x00000006,0x00000268,0xa08585a0,0x0004002b,0x00000006,0x00000269,
	0xaa821414,0x0004002b,0x00000006,0x0000026a,0x50a4a450,0x0004002b,0x00000006,0x0000026b,
	0x6a5a0200,0x0004002b,0x00000006,0x0000026c,0xa9a58000,0x0004002b,0x00000006,0x0000026d,
	0x5090a0a8,0x0004002b,0x00000006,0x0000026e,0xa8a09050,0x0004002b,0x00000006,0x0000026f,
	0x24242424,0x0004002b,0x00000006,0x00000270,0x00aa5500,0x0004002b,0x00000006,0x00000271,
	0x24924924,0x0004002b,0x00000006,0x00000272,0x24499224,0x0004002b,0x00000006,0x00000273,
	0x50a50a50,0x0004002b,0x00000006,0x00000274,0x500aa550,0x0004002b,0x00000006,0x00000275,
	0xaaaa4444,0x0004002b,0x00000006,0x00000276,0x66660000,0x0004002b,0x00000006,0x00000277,
	0xa5a0a5a0,0x0004002b,0x00000006,0x00000278,0x50a050a0,0x0004002b,0x00000006,0x00000279,
	0x69286928,0x0004002b,0x00000006,0x0000027a,0x44aaaa44,0x0004002b,0x00000006,0x0000027b,
	0x66666600,0x0004002b,0x00000006,0x0000027c,0xaa444444,0x0004002b,0x00000006,0x0000027d,
	0x54a854a8,0x0004002b,0x00000006,0x0000027e,0x95809580,0x0004002b,0x00000006,0x0000027f,
	0x96969600,0x0004002b,0x00000006,0x00000280,0xa85454a8,0x0004002b,0x00000006,0x00000281,
	0x80959580,0x0004002b,0x00000006,0x00000282,0xaa141414,0x0004002b,0x00000006,0x00000283,
	0x96960000,0x0004002b,0x00000006,0x00000284,0xaaaa1414,0x0004002b,0x00000006,0x00000285,
	0xa05050a0,0x0004002b,0x00000006,0x00000286,0xa0a5a5a0,0x0004002b,0x00000006,0x00000287,
	0x96000000,0x0004002b,0x00000006,0x00000288,0x40804080,0x0004002b,0x00000006,0x00000289,
	0xa9a8a9a8,0x0004002b,0x00000006,0x0000028a,0xaaaaaa44,0x0004002b,0x00000006,0x0000028b,
	0x2a4a5254,0x0043002c,0x00000208,0x0000028c,0x0000024c,0x0000024d,0x0000024e,0x0000024f,
	0x00000250,0x00000251,0x00000252,0x00000253,0x00000254,0x00000255,0x00000256,0x00000257,
	0x00000258,0x00000259,0x0000025a,0x0000025b,0x0000025c,0x0000025d,0x0000025e,0x0000025f,
	0x00000260,0x00000261,0x00000262,0x00000263,0x00000264,0x00000265,0x00000266,0x00000267,
	0x00000268,0x00000269,0x0000026a,0x0000026b,0x0000026c,0x0000026d,0x0000026e,0x0000026f,
	0x00000270,0x00000271,0x00000272,0x00000273,0x00000274,0x00000275,0x00000276,0x00000277,
	0x00000278,0x00000279,0x0000027a,0x0000027b,0x0000027c,0x0000027d,0x0000027e,0x0000027f,
	0x00000280,0x00000281,0x00000282,0x00000283,0x00000284,0x00000285,0x00000286,0x00000287,
	0x00000288,0x00000289,0x0000028a,0x0000028b,0x0004002b,0x00000006,0x0000028d,0x000000f3,
	0x0004002b,0x00000006,0x0000028e,0x00000083,0x0004002b,0x00000006,0x0000028f,0x0000008f,
	0x0004002b,0x00000006,0x00000290,0x000000f8,0x0004002b,0x00000006,0x00000291,0x000000f5,
	0x0004002b,0x00000006,0x00000292,0x0000008a,0x0004002b,0x00000006,0x00000293,0x00000035,
	0x0004002b,0x00000006,0x00000294,0x000000a6,0x0004002b,0x00000006,0x00000295,0x000000af,
	0x0004002b,0x00000006,0x00000296,0x0000006f,0x0004002b,0x00000006,0x00000297,0x000000fa,
	0x0004002b,0x00000006,0x00000298,0x000000fd,0x0004002b,0x00000006,0x00000299,0x000000fc,
	0x0043002c,0x00000208,0x0000029a,0x0000028d,0x0000028e,0x0000028f,0x0000006f,0x00000290,
	0x0000028d,0x0000006f,0x0000028f,0x00000290,0x00000290,0x000001bf,0x000001bf,0x000001bf,
	0x00000291,0x0000028d,0x0000028e,0x0000028d,0x0000028e,0x00000290,0x0000006f,0x0000028d,
	0x0000028e,0x000001bf,0x00000292,0x00000293,0x00000290,0x000001f1,0x00000294,0x00000290,
	0x00000291,0x00000295,0x0000028f,0x00000290,0x0000006f,0x0000028d,0x000001f3,0x00000294,
	0x00000292,0x000001eb,0x00000295,0x00000296,0x0000028d,0x0000028f,0x00000291,0x0000006f,
	0x00000296,0x00000296,0x0000028f,0x0000028d,0x0000006f,0x00000291,0x00000291,0x00000291,
	0x00000290,0x00000291,0x00000297,0x00000291,0x00000297,0x00000290,0x00000298,0x0000006f,
	0x00000299,0x0000028d,0x0000028e,0x0004001c,0x0000029b,0x00000036,0x000001a8,0x000b002c,
	0x0000029b,0x0000029c,0x0000004f,0x00000079,0x0000003b,0x000000c5,0x0000003b,0x000000c5,
	0x000000c5,0x0000003b,0x000b002c,0x0000029b,0x0000029d,0x000000aa,0x000000aa,0x000000aa,
	0x000000aa,0x00000079,0x0000005d,0x000000c5,0x0000003b,0x00050036,0x00000002,0x00000004,
	0x00000000,0x00000003,0x000200f8,0x00000005,0x0004003b,0x00000023,0x0000011f,0x00000007,
	0x0004003b,0x00000023,0x00000122,0x00000007,0x0004003b,0x00000007,0x0000013b,0x00000007,
	0x0004003b,0x00000007,0x0000013c,0x00000007,0x0004003b,0x000000ae,0x00000150,0x00000007,
	0x0004003b,0x00000007,0x0000015f,0x00000007,0x0004003b,0x00000007,0x0000016a,0x00000007,
	0x0004003b,0x00000017,0x00000174,0x00000007,0x0004003b,0x0000001a,0x0000017a,0x00000007,
	0x0004003b,0x00000007,0x0000017b,0x00000007,0x0004003b,0x00000007,0x0000017e,0x00000007,
	0x0004003b,0x00000017,0x00000181,0x00000007,0x0004003b,0x0000001a,0x00000182,0x00000007,
	0x0004003b,0x00000007,0x00000186,0x00000007,0x0004003b,0x000000ae,0x0000018e,0x00000007,
	0x0004003b,0x00000007,0x000001a2,0x00000007,0x0004003b,0x00000007,0x000001a3,0x00000007,
	0x0004003b,0x0000000a,0x000001a4,0x00000007,0x0004003d,0x00000025,0x00000120,0x00000027,
	0x0007004f,0x00000022,0x00000121,0x00000120,0x00000120,0x00000000,0x00000001,0x0003003e,
	0x0000011f,0x00000121,0x00050041,0x00000123,0x00000124,0x0000003a,0x0000003b,0x0004003d,
	0x00000022,0x00000125,0x00000124,0x00050050,0x00000022,0x00000126,0x00000118,0x00000118,
	0x00050080,0x00000022,0x00000127,0x00000125,0x00000126,0x00050050,0x00000022,0x00000128,
	0x0000002c,0x0000002c,0x00050086,0x00000022,0x00000129,0x00000127,0x00000128,0x0003003e,
	0x00000122,0x00000129,0x00050041,0x00000007,0x0000012a,0x0000011f,0x00000033,0x0004003d,
	0x00000006,0x0000012b,0x0000012a,0x00050041,0x00000007,0x0000012c,0x00000122,0x00000033,
	0x0004003d,0x00000006,0x0000012d,0x0000012c,0x000500ae,0x00000016,0x0000012e,0x0000012b,
	0x0000012d,0x000400a8,0x00000016,0x0000012f,0x0000012e,0x000300f7,0x00000131,0x00000000,
	0x000400fa,0x0000012f,0x00000130,0x00000131,0x000200f8,0x00000130,0x00050041,0x00000007,
	0x00000132,0x0000011f,0x00000042,0x0004003d,0x00000006,0x00000133,0x00000132,0x00050041,
	0x00000007,0x00000134,0x00000122,0x00000042,0x0004003d,0x00000006,0x00000135,0x00000134,
	0x000500ae,0x00000016,0x00000136,0x00000133,0x00000135,0x000200f9,0x00000131,0x000200f8,
	0x00000131,0x000700f5,0x00000016,0x00000137,0x0000012e,0x00000005,0x00000136,0x00000130,
	0x000300f7,0x00000139,0x00000000,0x000400fa,0x00000137,0x00000138,0x00000139,0x000200f8,
	0x00000138,0x000100fd,0x000200f8,0x00000139,0x0003003e,0x0000013b,0x00000056,0x00050041,
	0x0000003c,0x0000013d,0x0000003a,0x000000aa,0x0004003d,0x00000006,0x0000013e,0x0000013d,
	0x00050041,0x00000057,0x0000013f,0x00000027,0x00000056,0x0004003d,0x00000006,0x00000140,
	0x0000013f,0x00050041,0x0000003c,0x00000141,0x0000003a,0x000000bc,0x0004003d,0x00000006,
	0x00000142,0x00000141,0x00050084,0x00000006,0x00000143,0x00000140,0x00000142,0x00050041,
	0x00000007,0x00000144,0x0000011f,0x00000042,0x0004003d,0x00000006,0x00000145,0x00000144,
	0x00050041,0x0000003c,0x00000146,0x0000003a,0x000000b0,0x0004003d,0x00000006,0x00000147,
	0x00000146,0x00050084,0x00000006,0x00000148,0x00000145,0x00000147,0x00050080,0x00000006,
	0x00000149,0x00000143,0x00000148,0x00050041,0x00000007,0x0000014a,0x0000011f,0x00000033,
	0x0004003d,0x00000006,0x0000014b,0x0000014a,0x00050080,0x00000006,0x0000014c,0x00000149,
	0x0000014b,0x0004003d,0x00000006,0x0000014d,0x0000013b,0x00050084,0x00000006,0x0000014e,
	0x0000014c,0x0000014d,0x00050080,0x00000006,0x0000014f,0x0000013e,0x0000014e,0x0003003e,
	0x0000013c,0x0000014f,0x0004003d,0x00000006,0x00000155,0x0000013c,0x00060041,0x00000156,
	0x00000157,0x00000154,0x000000aa,0x00000155,0x0004003d,0x00000006,0x00000158,0x00000157,
	0x0004003d,0x00000006,0x00000159,0x0000013c,0x00050080,0x00000006,0x0000015a,0x00000159,
	0x00000042,0x00060041,0x00000156,0x0000015b,0x00000154,0x000000aa,0x0000015a,0x0004003d,
	0x00000006,0x0000015c,0x0000015b,0x0004003d,0x00000006,0x0000015d,0x0000013b,0x000500ac,
	0x00000016,0x0000015e,0x0000015d,0x00000056,0x000300f7,0x00000161,0x00000000,0x000400fa,
	0x0000015e,0x00000160,0x00000166,0x000200f8,0x00000160,0x0004003d,0x00000006,0x00000162,
	0x0000013c,0x00050080,0x00000006,0x00000163,0x00000162,0x00000056,0x00060041,0x00000156,
	0x00000164,0x00000154,0x000000aa,0x00000163,0x0004003d,0x00000006,0x00000165,0x00000164,
	0x0003003e,0x0000015f,0x00000165,0x000200f9,0x00000161,0x000200f8,0x00000166,0x0003003e,
	0x0000015f,0x00000033,0x000200f9,0x00000161,0x000200f8,0x00000161,0x0004003d,0x00000006,
	0x00000167,0x0000015f,0x0004003d,0x00000006,0x00000168,0x0000013b,0x000500ac,0x00000016,
	0x00000169,0x00000168,0x00000056,0x000300f7,0x0000016c,0x00000000,0x000400fa,0x00000169,
	0x0000016b,0x00000171,0x000200f8,0x0000016b,0x0004003d,0x00000006,0x0000016d,0x0000013c,
	0x00050080,0x00000006,0x0000016e,0x0000016d,0x00000118,0x00060041,0x00000156,0x0000016f,
	0x00000154,0x000000aa,0x0000016e,0x0004003d,0x00000006,0x00000170,0x0000016f,0x0003003e,
	0x0000016a,0x00000170,0x000200f9,0x0000016c,0x000200f8,0x00000171,0x0003003e,0x0000016a,
	0x00000033,0x000200f9,0x0000016c,0x000200f8,0x0000016c,0x0004003d,0x00000006,0x00000172,
	0x0000016a,0x00070050,0x00000011,0x00000173,0x00000158,0x0000015c,0x00000167,0x00000172,
	0x0003003e,0x00000150,0x00000173,0x00050041,0x0000003c,0x00000175,0x0000003a,0x0000005a,
	0x0004003d,0x00000006,0x00000176,0x00000175,0x000500c7,0x00000006,0x00000177,0x00000176,
	0x00000056,0x000500ab,0x00000016,0x00000178,0x00000177,0x00000033,0x0003003e,0x00000174,
	0x00000178,0x00050041,0x00000007,0x0000017c,0x00000150,0x00000033,0x0004003d,0x00000006,
	0x0000017d,0x0000017c,0x0003003e,0x0000017b,0x0000017d,0x00050041,0x00000007,0x0000017f,
	0x00000150,0x00000042,0x0004003d,0x00000006,0x00000180,0x0000017f,0x0003003e,0x0000017e,
	0x00000180,0x0003003e,0x00000181,0x00000179,0x0004003d,0x00000019,0x00000183,0x0000017a,
	0x0003003e,0x00000182,0x00000183,0x00080039,0x00000002,0x00000184,0x00000020,0x0000017b,
	0x0000017e,0x00000181,0x00000182,0x0004003d,0x00000019,0x00000185,0x00000182,0x0003003e,
	0x0000017a,0x00000185,0x0003003e,0x00000186,0x00000033,0x000200f9,0x00000187,0x000200f8,
	0x00000187,0x000400f6,0x00000189,0x0000018a,0x00000000,0x000200f9,0x0000018b,0x000200f8,
	0x0000018b,0x0004003d,0x00000006,0x0000018c,0x00000186,0x000500b0,0x00000016,0x0000018d,
	0x0000018c,0x00000018,0x000400fa,0x0000018d,0x00000188,0x00000189,0x000200f8,0x00000188,
	0x0004003d,0x00000006,0x0000018f,0x00000186,0x00050041,0x000000ae,0x00000190,0x0000017a,
	0x0000018f,0x0004003d,0x00000011,0x00000191,0x00000190,0x0003003e,0x0000018e,0x00000191,
	0x00050041,0x0000003c,0x00000192,0x0000003a,0x0000005a,0x0004003d,0x00000006,0x00000193,
	0x00000192,0x000500c7,0x00000006,0x00000194,0x00000193,0x00000042,0x000500ab,0x00000016,
	0x00000195,0x00000194,0x00000033,0x000300f7,0x00000197,0x00000000,0x000400fa,0x00000195,
	0x00000196,0x00000197,0x000200f8,0x00000196,0x00050041,0x00000007,0x00000198,0x0000018e,
	0x00000118,0x0003003e,0x00000198,0x00000085,0x000200f9,0x00000197,0x000200f8,0x00000197,
	0x0004003d,0x00000006,0x00000199,0x00000186,0x000500c7,0x00000006,0x0000019a,0x00000199,
	0x00000118,0x0004003d,0x00000006,0x0000019b,0x00000186,0x000500c2,0x00000006,0x0000019c,
	0x0000019b,0x000000bc,0x0004003d,0x00000011,0x0000019d,0x0000018e,0x00040070,0x00000009,
	0x0000019e,0x0000019d,0x00070050,0x00000009,0x000001a0,0x0000019f,0x0000019f,0x0000019f,
	0x0000019f,0x00050088,0x00000009,0x000001a1,0x0000019e,0x000001a0,0x0003003e,0x000001a2,
	0x0000019a,0x0003003e,0x000001a3,0x0000019c,0x0003003e,0x000001a4,0x000001a1,0x00070039,
	0x00000002,0x000001a5,0x0000000f,0x000001a2,0x000001a3,0x000001a4,0x000200f9,0x0000018a,
	0x000200f8,0x0000018a,0x0004003d,0x00000006,0x000001a6,0x00000186,0x00050080,0x00000006,
	0x000001a7,0x000001a6,0x000000b0,0x0003003e,0x00000186,0x000001a7,0x000200f9,0x00000187,
	0x000200f8,0x00000189,0x000100fd,0x00010038,0x00050036,0x00000002,0x0000000f,0x00000000,
	0x0000000b,0x00030037,0x00000007,0x0000000c,0x00030037,0x00000007,0x0000000d,0x00030037,
	0x0000000a,0x0000000e,0x000200f8,0x00000010,0x0004003b,0x00000023,0x00000024,0x00000007,
	0x0004003b,0x00000023,0x0000002a,0x00000007,0x0004003d,0x00000025,0x00000028,0x00000027,
	0x0007004f,0x00000022,0x00000029,0x00000028,0x00000028,0x00000000,0x00000001,0x0003003e,
	0x00000024,0x00000029,0x0004003d,0x00000022,0x0000002b,0x00000024,0x00050050,0x00000022,
	0x0000002d,0x0000002c,0x0000002c,0x00050084,0x00000022,0x0000002e,0x0000002b,0x0000002d,
	0x0004003d,0x00000006,0x0000002f,0x0000000c,0x0004003d,0x00000006,0x00000030,0x0000000d,
	0x00050050,0x00000022,0x00000031,0x0000002f,0x00000030,0x00050080,0x00000022,0x00000032,
	0x0000002e,0x00000031,0x0003003e,0x0000002a,0x00000032,0x00050041,0x00000007,0x00000034,
	0x0000002a,0x00000033,0x0004003d,0x00000006,0x00000035,0x00000034,0x00060041,0x0000003c,
	0x0000003d,0x0000003a,0x0000003b,0x00000033,0x0004003d,0x00000006,0x0000003e,0x0000003d,
	0x000500b0,0x00000016,0x0000003f,0x00000035,0x0000003e,0x000300f7,0x00000041,0x00000000,
	0x000400fa,0x0000003f,0x00000040,0x00000041,0x000200f8,0x00000040,0x00050041,0x00000007,
	0x00000043,0x0000002a,0x00000042,0x0004003d,0x00000006,0x00000044,0x00000043,0x00060041,
	0x0000003c,0x00000045,0x0000003a,0x0000003b,0x00000042,0x0004003d,0x00000006,0x00000046,
	0x00000045,0x000500b0,0x00000016,0x00000047,0x00000044,0x00000046,0x000200f9,0x00000041,
	0x000200f8,0x00000041,0x000700f5,0x00000016,0x00000048,0x0000003f,0x00000010,0x00000047,
	0x00000040,0x000300f7,0x0000004a,0x00000000,0x000400fa,0x00000048,0x00000049,0x0000004a,
	0x000200f8,0x00000049,0x0004003d,0x0000004b,0x0000004e,0x0000004d,0x00050041,0x00000050,
	0x00000051,0x0000003a,0x0000004f,0x0004003d,0x00000037,0x00000052,0x00000051,0x0004003d,
	0x00000022,0x00000053,0x0000002a,0x0004007c,0x00000037,0x00000054,0x00000053,0x00050080,
	0x00000037,0x00000055,0x00000052,0x00000054,0x00050041,0x00000057,0x00000058,0x00000027,
	0x00000056,0x0004003d,0x00000006,0x00000059,0x00000058,0x00050041,0x0000003c,0x0000005b,
	0x0000003a,0x0000005a,0x0004003d,0x00000006,0x0000005c,0x0000005b,0x000500c2,0x00000006,
	0x0000005e,0x0000005c,0x0000005d,0x00050080,0x00000006,0x0000005f,0x00000059,0x0000005e,
	0x0004007c,0x00000036,0x00000060,0x0000005f,0x00050051,0x00000036,0x00000062,0x00000055,
	0x00000000,0x00050051,0x00000036,0x00000063,0x00000055,0x00000001,0x00060050,0x00000061,
	0x00000064,0x00000062,0x00000063,0x00000060,0x0004003d,0x00000009,0x00000065,0x0000000e,
	0x00040063,0x0000004e,0x00000064,0x00000065,0x000200f9,0x0000004a,0x000200f8,0x0000004a,
	0x000100fd,0x00010038,0x00050036,0x00000011,0x00000014,0x00000000,0x00000012,0x00030037,
	0x00000007,0x00000013,0x000200f8,0x00000015,0x0004003b,0x00000007,0x00000066,0x00000007,
	0x0004003b,0x00000007,0x0000006c,0x00000007,0x0004003b,0x00000007,0x00000071,0x00000007,
	0x0004003d,0x00000006,0x00000067,0x00000013,0x000500c2,0x00000006,0x00000069,0x00000067,
	0x00000068,0x000500c7,0x00000006,0x0000006b,0x00000069,0x0000006a,0x0003003e,0x00000066,
	0x0000006b,0x0004003d,0x00000006,0x0000006d,0x00000013,0x000500c2,0x00000006,0x0000006e,
	0x0000006d,0x0000003b,0x000500c7,0x00000006,0x00000070,0x0000006e,0x0000006f,0x0003003e,
	0x0000006c,0x00000070,0x0004003d,0x00000006,0x00000072,0x00000013,0x000500c7,0x00000006,
	0x00000073,0x00000072,0x0000006a,0x0003003e,0x00000071,0x00000073,0x0004003d,0x00000006,
	0x00000074,0x00000066,0x00050084,0x00000006,0x00000076,0x00000074,0x00000075,0x00050080,
	0x00000006,0x00000078,0x00000076,0x00000077,0x000500c2,0x00000006,0x0000007a,0x00000078,
	0x00000079,0x0004003d,0x00000006,0x0000007b,0x0000006c,0x00050084,0x00000006,0x0000007d,
	0x0000007b,0x0000007c,0x00050080,0x00000006,0x0000007f,0x0000007d,0x0000007e,0x000500c2,
	0x00000006,0x00000080,0x0000007f,0x00000079,0x0004003d,0x00000006,0x00000081,0x00000071,
	0x00050084,0x00000006,0x00000082,0x00000081,0x00000075,0x00050080,0x00000006,0x00000083,
	0x00000082,0x00000077,0x000500c2,0x00000006,0x00000084,0x00000083,0x00000079,0x00070050,
	0x00000011,0x00000086,0x0000007a,0x00000080,0x00000084,0x00000085,0x000200fe,0x00000086,
	0x00010038,0x00050036,0x00000002,0x00000020,0x00000000,0x0000001b,0x00030037,0x00000007,
	0x0000001c,0x00030037,0x00000007,0x0000001d,0x00030037,0x00000017,0x0000001e,0x00030037,
	0x0000001a,0x0000001f,0x000200f8,0x00000021,0x0004003b,0x00000007,0x00000089,0x00000007,
	0x0004003b,0x00000007,0x0000008d,0x00000007,0x0004003b,0x00000007,0x00000091,0x00000007,
	0x0004003b,0x00000007,0x00000095,0x00000007,0x0004003b,0x00000007,0x00000099,0x00000007,
	0x0004003b,0x00000007,0x0000009c,0x00000007,0x0004003b,0x00000007,0x000000a0,0x00000007,
	0x0004003b,0x00000007,0x000000a4,0x00000007,0x0004003b,0x000000a8,0x000000a9,0x00000007,
	0x0004003b,0x00000007,0x000000ab,0x00000007,0x0004003b,0x00000007,0x000000b1,0x00000007,
	0x0004003b,0x00000007,0x0000010b,0x00000007,0x0004003d,0x00000006,0x0000008a,0x0000001c,
	0x000500c7,0x00000006,0x0000008c,0x0000008a,0x0000008b,0x0003003e,0x00000089,0x0000008c,
	0x0004003d,0x00000006,0x0000008e,0x0000001c,0x000500c2,0x00000006,0x00000090,0x0000008e,
	0x0000008f,0x0003003e,0x0000008d,0x00000090,0x0004003d,0x00000006,0x00000092,0x00000089,
	0x000500c2,0x00000006,0x00000093,0x00000092,0x00000068,0x000500c7,0x00000006,0x00000094,
	0x00000093,0x0000006a,0x0003003e,0x00000091,0x00000094,0x0004003d,0x00000006,0x00000096,
	0x00000089,0x000500c2,0x00000006,0x00000097,0x00000096,0x0000003b,0x000500c7,0x00000006,
	0x00000098,0x00000097,0x0000006f,0x0003003e,0x00000095,0x00000098,0x0004003d,0x00000006,
	0x0000009a,0x00000089,0x000500c7,0x00000006,0x0000009b,0x0000009a,0x0000006a,0x0003003e,
	0x00000099,0x0000009b,0x0004003d,0x00000006,0x0000009d,0x0000008d,0x000500c2,0x00000006,
	0x0000009e,0x0000009d,0x00000068,0x000500c7,0x00000006,0x0000009f,0x0000009e,0x0000006a,
	0x0003003e,0x0000009c,0x0000009f,0x0004003d,0x00000006,0x000000a1,0x0000008d,0x000500c2,
	0x00000006,0x000000a2,0x000000a1,0x0000003b,0x000500c7,0x00000006,0x000000a3,0x000000a2,
	0x0000006f,0x0003003e,0x000000a0,0x000000a3,0x0004003d,0x00000006,0x000000a5,0x0000008d,
	0x000500c7,0x00000006,0x000000a6,0x000000a5,0x0000006a,0x0003003e,0x000000a4,0x000000a6,
	0x0004003d,0x00000006,0x000000ac,0x00000089,0x0003003e,0x000000ab,0x000000ac,0x00050039,
	0x00000011,0x000000ad,0x00000014,0x000000ab,0x00050041,0x000000ae,0x000000af,0x000000a9,
	0x000000aa,0x0003003e,0x000000af,0x000000ad,0x0004003d,0x00000006,0x000000b2,0x0000008d,
	0x0003003e,0x000000b1,0x000000b2,0x00050039,0x00000011,0x000000b3,0x00000014,0x000000b1,
	0x00050041,0x000000ae,0x000000b4,0x000000a9,0x000000b0,0x0003003e,0x000000b4,0x000000b3,
	0x0004003d,0x00000006,0x000000b5,0x00000089,0x0004003d,0x00000006,0x000000b6,0x0000008d,
	0x000500ac,0x00000016,0x000000b7,0x000000b5,0x000000b6,0x0004003d,0x00000016,0x000000b8,
	0x0000001e,0x000500a6,0x00000016,0x000000b9,0x000000b7,0x000000b8,0x000300f7,0x000000bb,
	0x00000000,0x000400fa,0x000000b9,0x000000ba,0x000000f0,0x000200f8,0x000000ba,0x0004003d,
	0x00000006,0x000000bd,0x00000091,0x00050084,0x00000006,0x000000be,0x00000056,0x000000bd,
	0x0004003d,0x00000006,0x000000bf,0x0000009c,0x00050080,0x00000006,0x000000c0,0x000000be,
	0x000000bf,0x00050084,0x00000006,0x000000c2,0x000000c0,0x000000c1,0x00050080,0x00000006,
	0x000000c4,0x000000c2,0x000000c3,0x000500c2,0x00000006,0x000000c6,0x000000c4,0x000000c5,
	0x0004003d,0x00000006,0x000000c7,0x00000095,0x00050084,0x00000006,0x000000c8,0x00000056,
	0x000000c7,0x0004003d,0x00000006,0x000000c9,0x000000a0,0x00050080,0x00000006,0x000000ca,
	0x000000c8,0x000000c9,0x00050084,0x00000006,0x000000cc,0x000000ca,0x000000cb,0x00050080,
	0x00000006,0x000000ce,0x000000cc,0x000000cd,0x000500c2,0x00000006,0x000000cf,0x000000ce,
	0x00000068,0x0004003d,0x00000006,0x000000d0,0x00000099,0x00050084,0x00000006,0x000000d1,
	0x00000056,0x000000d0,0x0004003d,0x00000006,0x000000d2,0x000000a4,0x00050080,0x00000006,
	0x000000d3,0x000000d1,0x000000d2,0x00050084,0x00000006,0x000000d4,0x000000d3,0x000000c1,
	0x00050080,0x00000006,0x000000d5,0x000000d4,0x000000c3,0x000500c2,0x00000006,0x000000d6,
	0x000000d5,0x000000c5,0x00070050,0x00000011,0x000000d7,0x000000c6,0x000000cf,0x000000d6,
	0x00000085,0x00050041,0x000000ae,0x000000d8,0x000000a9,0x000000bc,0x0003003e,0x000000d8,
	0x000000d7,0x0004003d,0x00000006,0x000000d9,0x00000091,0x0004003d,0x00000006,0x000000da,
	0x0000009c,0x00050084,0x00000006,0x000000db,0x000000da,0x00000056,0x00050080,0x00000006,
	0x000000dc,0x000000d9,0x000000db,0x00050084,0x00000006,0x000000dd,0x000000dc,0x000000c1,
	0x00050080,0x00000006,0x000000de,0x000000dd,0x000000c3,0x000500c2,0x00000006,0x000000df,
	0x000000de,0x000000c5,0x0004003d,0x00000006,0x000000e0,0x00000095,0x0004003d,0x00000006,
	0x000000e1,0x000000a0,0x00050084,0x00000006,0x000000e2,0x000000e1,0x00000056,0x00050080,
	0x00000006,0x000000e3,0x000000e0,0x000000e2,0x00050084,0x00000006,0x000000e4,0x000000e3,
	0x000000cb,0x00050080,0x00000006,0x000000e5,0x000000e4,0x000000cd,0x000500c2,0x00000006,
	0x000000e6,0x000000e5,0x00000068,0x0004003d,0x00000006,0x000000e7,0x00000099,0x0004003d,
	0x00000006,0x000000e8,0x000000a4,0x00050084,0x00000006,0x000000e9,0x000000e8,0x00000056,
	0x00050080,0x00000006,0x000000ea,0x000000e7,0x000000e9,0x00050084,0x00000006,0x000000eb,
	0x000000ea,0x000000c1,0x00050080,0x00000006,0x000000ec,0x000000eb,0x000000c3,0x000500c2,
	0x00000006,0x000000ed,0x000000ec,0x000000c5,0x00070050,0x00000011,0x000000ee,0x000000df,
	0x000000e6,0x000000ed,0x00000085,0x00050041,0x000000ae,0x000000ef,0x000000a9,0x0000005a,
	0x0003003e,0x000000ef,0x000000ee,0x000200f9,0x000000bb,0x000200f8,0x000000f0,0x0004003d,
	0x00000006,0x000000f1,0x00000091,0x0004003d,0x00000006,0x000000f2,0x0000009c,0x00050080,
	0x00000006,0x000000f3,0x000000f1,0x000000f2,0x00050084,0x00000006,0x000000f5,0x000000f3,
	0x000000f4,0x00050080,0x00000006,0x000000f7,0x000000f5,0x000000f6,0x000500c2,0x00000006,
	0x000000f8,0x000000f7,0x0000005d,0x0004003d,0x00000006,0x000000f9,0x00000095,0x0004003d,
	0x00000006,0x000000fa,0x000000a0,0x00050080,0x00000006,0x000000fb,0x000000f9,0x000000fa,
	0x00050084,0x00000006,0x000000fd,0x000000fb,0x000000fc,0x00050080,0x00000006,0x000000ff,
	0x000000fd,0x000000fe,0x000500c2,0x00000006,0x00000100,0x000000ff,0x00000068,0x0004003d,
	0x00000006,0x00000101,0x00000099,0x0004003d,0x00000006,0x00000102,0x000000a4,0x00050080,
	0x00000006,0x00000103,0x00000101,0x00000102,0x00050084,0x00000006,0x00000104,0x00000103,
	0x000000f4,0x00050080,0x00000006,0x00000105,0x00000104,0x000000f6,0x000500c2,0x00000006,
	0x00000106,0x00000105,0x0000005d,0x00070050,0x00000011,0x00000107,0x000000f8,0x00000100,
	0x00000106,0x00000085,0x00050041,0x000000ae,0x00000108,0x000000a9,0x000000bc,0x0003003e,
	0x00000108,0x00000107,0x00050041,0x000000ae,0x0000010a,0x000000a9,0x0000005a,0x0003003e,
	0x0000010a,0x00000109,0x000200f9,0x000000bb,0x000200f8,0x000000bb,0x0003003e,0x0000010b,
	0x00000033,0x000200f9,0x0000010c,0x000200f8,0x0000010c,0x000400f6,0x0000010e,0x0000010f,
	0x00000000,0x000200f9,0x00000110,0x000200f8,0x00000110,0x0004003d,0x00000006,0x00000111,
	0x0000010b,0x000500b0,0x00000016,0x00000112,0x00000111,0x00000018,0x000400fa,0x00000112,
	0x0000010d,0x0000010e,0x000200f8,0x0000010d,0x0004003d,0x00000006,0x00000113,0x0000010b,
	0x0004003d,0x00000006,0x00000114,0x0000001d,0x0004003d,0x00000006,0x00000115,0x0000010b,
	0x00050084,0x00000006,0x00000116,0x00000056,0x00000115,0x000500c2,0x00000006,0x00000117,
	0x00000114,0x00000116,0x000500c7,0x00000006,0x00000119,0x00000117,0x00000118,0x00050041,
	0x000000ae,0x0000011a,0x000000a9,0x00000119,0x0004003d,0x00000011,0x0000011b,0x0000011a,
	0x00050041,0x000000ae,0x0000011c,0x0000001f,0x00000113,0x0003003e,0x0000011c,0x0000011b,
	0x000200f9,0x0000010f,0x000200f8,0x0000010f,0x0004003d,0x00000006,0x0000011d,0x0000010b,
	0x00050080,0x00000006,0x0000011e,0x0000011d,0x000000b0,0x0003003e,0x0000010b,0x0000011e,
	0x000200f9,0x0000010c,0x000200f8,0x0000010e,0x000100fd,0x00010038
};
	// 1115.1.0
static const uint32_t spv_bc2[] = {
	0x07230203,0x00010300,0x0008000b,0x000002ef,0x00000000,0x00020011,0x00000001,0x0006000b,
	0x00000001,0x4c534c47,0x6474732e,0x3035342e,0x00000000,0x0003000e,0x00000000,0x00000001,
	0x0006000f,0x00000005,0x00000004,0x6e69616d,0x00000000,0x00000067,0x00060010,0x00000004,
	0x00000011,0x00000008,0x00000008,0x00000001,0x00030003,0x00000002,0x000001c2,0x000a0004,
	0x475f4c47,0x4c474f4f,0x70635f45,0x74735f70,0x5f656c79,0x656e696c,0x7269645f,0x69746365,
	0x00006576,0x00080004,0x475f4c47,0x4c474f4f,0x6e695f45,0x64756c63,0x69645f65,0x74636572,
	0x00657669,0x00040005,0x00000004,0x6e69616d,0x00000000,0x00060005,0x0000000e,0x73746962,
	0x34757628,0x3b31753b,0x003b3175,0x00030005,0x0000000b,0x00000062,0x00030005,0x0000000c,
	0x00736f70,0x00030005,0x0000000d,0x0000006e,0x00060005,0x00000017,0x28747570,0x753b3175,
	0x66763b31,0x00003b34,0x00030005,0x00000014,0x00007874,0x00030005,0x00000015,0x00007974,
	0x00030005,0x00000016,0x00000076,0x00050005,0x0000001b,0x35626772,0x75283536,0x00003b31,
	0x00030005,0x0000001a,0x00000063,0x000a0005,0x00000027,0x6f6c6f63,0x6c625f72,0x286b636f,
	0x753b3175,0x31623b31,0x3475763b,0x5d36315b,0x0000003b,0x00030005,0x00000023,0x00006f6c,
	0x00030005,0x00000024,0x00786469,0x00040005,0x00000025,0x7161706f,0x00006575,0x00040005,
	0x00000026,0x65786574,0x0000736c,0x00030005,0x0000002f,0x00006977,0x00030005,0x00000034,
	0x0000006f,0x00030005,0x00000038,0x00000076,0x00030005,0x00000064,0x006b6c62,0x00080005,
	0x00000067,0x475f6c67,0x61626f6c,0x766e496c,0x7461636f,0x496e6f69,0x00000044,0x00030005,
	0x0000006a,0x00000070,0x00030005,0x00000076,0x00004350,0x00060006,0x00000076,0x00000000,
	0x5f637273,0x64726f77,0x00000000,0x00060006,0x00000076,0x00000001,0x5f776f72,0x636f6c62,
	0x0000736b,0x00070006,0x00000076,0x00000002,0x6579616c,0x6c625f72,0x736b636f,0x00000000,
	0x00050006,0x00000076,0x00000003,0x67616c66,0x00000073,0x00050006,0x00000076,0x00000004,
	0x5f747364,0x0066666f,0x00050006,0x00000076,0x00000005,0x65747865,0x0000746e,0x00030005,
	0x00000078,0x00006370,0x00030005,0x00000089,0x00747364,0x00030005,0x000000a2,0x00000072,
	0x00030005,0x000000a7,0x00000067,0x00030005,0x000000ac,0x00000062,0x00030005,0x000000c4,
	0x00003063,0x00030005,0x000000c8,0x00003163,0x00030005,0x000000cc,0x00003072,0x00030005,
	0x000000d0,0x00003067,0x00030005,0x000000d4,0x00003062,0x00030005,0x000000d7,0x00003172,
	0x00030005,0x000000db,0x00003167,0x00030005,0x000000df,0x00003162,0x00030005,0x000000e4,
	0x00666572,0x00040005,0x000000e6,0x61726170,0x0000006d,0x00040005,0x000000eb,0x61726170,
	0x0000006d,0x00030005,0x00000145,0x00000074,0x00030005,0x00000158,0x006b6c62,0x00040005,
	0x0000015b,0x6b6c626e,0x00000000,0x00040005,0x00000174,0x64726f77,0x00000073,0x00040005,
	0x00000175,0x65736162,0x00000000,0x00030005,0x00000189,0x00000062,0x00030005,0x0000018b,
	0x00637253,0x00040006,0x0000018b,0x00000000,0x00000077,0x00030005,0x0000018d,0x00637273,
	0x00030005,0x000001ad,0x006e6773,0x00030005,0x000001b3,0x00786574,0x00040005,0x000001b4,
	0x61726170,0x0000006d,0x00040005,0x000001b7,0x61726170,0x0000006d,0x00040005,0x000001ba,
	0x61726170,0x0000006d,0x00040005,0x000001bb,0x61726170,0x0000006d,0x00030005,0x000001bf,
	0x00000074,0x00030005,0x000001c9,0x00000061,0x00040005,0x000001cd,0x61726170,0x0000006d,
	0x00040005,0x000001cf,0x61726170,0x0000006d,0x00040005,0x000001d0,0x61726170,0x0000006d,
	0x00030005,0x000001d7,0x00000074,0x00040005,0x000001f4,0x61726170,0x0000006d,0x00040005,
	0x000001f5,0x61726170,0x0000006d,0x00040005,0x000001f6,0x61726170,0x0000006d,0x00040047,
	0x00000067,0x0000000b,0x0000001c,0x00030047,0x00000076,0x00000002,0x00050048,0x00000076,
	0x00000000,0x00000023,0x00000000,0x00050048,0x00000076,0x00000001,0x00000023,0x00000004,
	0x00050048,0x00000076,0x00000002,0x00000023,0x00000008,0x00050048,0x00000076,0x00000003,
	0x00000023,0x0000000c,0x00050048,0x00000076,0x00000004,0x00000023,0x00000010,0x00050048,
	0x00000076,0x00000005,0x00000023,0x00000018,0x00030047,0x00000089,0x00000019,0x00040047,
	0x00000089,0x00000021,0x00000001,0x00040047,0x00000089,0x00000022,0x00000000,0x00040047,
	0x0000018a,0x00000006,0x00000004,0x00030047,0x0000018b,0x00000002,0x00040048,0x0000018b,
	0x00000000,0x00000018,0x00050048,0x0000018b,0x00000000,0x00000023,0x00000000,0x00030047,
	0x0000018d,0x00000018,0x00040047,0x0000018d,0x00000021,0x00000000,0x00040047,0x0000018d,
	0x00000022,0x00000000,0x00040047,0x000001fb,0x0000000b,0x00000019,0x00020013,0x00000002,
	0x00030021,0x00000003,0x00000002,0x00040015,0x00000006,0x00000020,0x00000000,0x00040017,
	0x00000007,0x00000006,0x00000004,0x00040020,0x00000008,0x00000007,0x00000007,0x00040020,
	0x00000009,0x00000007,0x00000006,0x00060021,0x0000000a,0x00000006,0x00000008,0x00000009,
	0x00000009,0x00030016,0x00000010,0x00000020,0x00040017,0x00000011,0x00000010,0x00000004,
	0x00040020,0x00000012,0x00000007,0x00000011,0x00060021,0x00000013,0x00000002,0x00000009,
	0x00000009,0x00000012,0x00040021,0x00000019,0x00000007,0x00000009,0x00020014,0x0000001d,
	0x00040020,0x0000001e,0x00000007,0x0000001d,0x0004002b,0x00000006,0x0000001f,0x00000010,
	0x0004001c,0x00000020,0x00000007,0x0000001f,0x00040020,0x00000021,0x00000007,0x00000020,
	0x00070021,0x00000022,0x00000002,0x00000009,0x00000009,0x0000001e,0x00000021,0x0004002b,
	0x00000006,0x0000002a,0x00000000,0x00040015,0x00000031,0x00000020,0x00000001,0x0004002b,
	0x00000031,0x00000032,0x00000005,0x0004002b,0x00000006,0x00000036,0x0000001f,0x0004002b,
	0x00000006,0x00000041,0x00000020,0x0004002b,0x00000006,0x00000044,0x00000003,0x0004002b,
	0x00000006,0x0000004a,0x00000001,0x00040017,0x00000062,0x00000006,0x00000002,0x00040020,
	0x00000063,0x00000007,0x00000062,0x00040017,0x00000065,0x00000006,0x00000003,0x00040020,
	0x00000066,0x00000001,0x00000065,0x0004003b,0x00000066,0x00000067,0x00000001,0x0004002b,
	0x00000006,0x0000006c,0x00000004,0x00040017,0x00000075,0x00000031,0x00000002,0x0008001e,
	0x00000076,0x00000006,0x00000006,0x00000006,0x00000006,0x00000075,0x00000062,0x00040020,
	0x00000077,0x00000009,0x00000076,0x0004003b,0x00000077,0x00000078,0x00000009,0x00040020,
	0x00000079,0x00000009,0x00000006,0x00090019,0x00000087,0x00000010,0x00000001,0x00000000,
	0x00000001,0x00000000,0x00000002,0x00000004,0x00040020,0x00000088,0x00000000,0x00000087,
	0x0004003b,0x00000088,0x00000089,0x00000000,0x0004002b,0x00000031,0x0000008b,0x00000004,
	0x00040020,0x0000008c,0x00000009,0x00000075,0x0004002b,0x00000006,0x00000092,0x00000002,
	0x00040020,0x00000093,0x00000001,0x00000006,0x0004002b,0x00000031,0x00000096,0x00000003,
	0x0004002b,0x00000031,0x00000099,0x00000008,0x00040017,0x0000009d,0x00000031,0x00000003,
	0x0004002b,0x00000031,0x000000a4,0x0000000b,0x0004002b,0x00000006,0x000000aa,0x0000003f,
	0x0004002b,0x00000006,0x000000b0,0x0000020f,0x0004002b,0x00000006,0x000000b2,0x00000017,
	0x0004002b,0x00000031,0x000000b4,0x00000006,0x0004002b,0x00000006,0x000000b7,0x00000103,
	0x0004002b,0x00000006,0x000000b9,0x00000021,0x0004002b,0x00000006,0x000000c0,0x000000ff,
	0x0004002b,0x00000006,0x000000c6,0x0000ffff,0x0004002b,0x00000031,0x000000ca,0x00000010,
	0x0004001c,0x000000e2,0x00000007,0x0000006c,0x00040020,0x000000e3,0x00000007,0x000000e2,
	0x0004002b,0x00000031,0x000000e5,0x00000000,0x0004002b,0x00000031,0x000000ea,0x00000001,
	0x0004002b,0x00000031,0x000000f6,0x00000002,0x0004002b,0x00000006,0x000000fb,0x0000015f,
	0x0004002b,0x00000006,0x000000fd,0x0000003d,0x0004002b,0x00000031,0x000000ff,0x00000007,
	0x0004002b,0x00000006,0x00000105,0x00000acb,0x0004002b,0x00000006,0x00000107,0x0000040f,
	0x0004002b,0x00000006,0x0000012e,0x0000041d,0x0004002b,0x00000006,0x00000130,0x0000007d,
	0x0004002b,0x00000006,0x00000136,0x00001031,0x0004002b,0x00000006,0x00000138,0x000003fb,
	0x0007002c,0x00000007,0x00000143,0x0000002a,0x0000002a,0x0000002a,0x0000002a,0x00040020,
	0x0000015c,0x00000009,0x00000062,0x0003001d,0x0000018a,0x00000006,0x0003001e,0x0000018b,
	0x0000018a,0x00040020,0x0000018c,0x0000000c,0x0000018b,0x0004003b,0x0000018c,0x0000018d,
	0x0000000c,0x00040020,0x0000018f,0x0000000c,0x00000006,0x00030029,0x0000001d,0x000001b2,
	0x0004001c,0x000001c7,0x00000006,0x0000001f,0x00040020,0x000001c8,0x00000007,0x000001c7,
	0x0004002b,0x00000006,0x000001d2,0x00000011,0x00040017,0x000001e7,0x00000010,0x00000003,
	0x0004002b,0x00000010,0x000001f1,0x437f0000,0x0004002b,0x00000006,0x000001fa,0x00000008,
	0x0006002c,0x00000065,0x000001fb,0x000001fa,0x000001fa,0x0000004a,0x0004001c,0x000001fc,
	0x00000031,0x00000041,0x0004002b,0x00000031,0x000001fd,0x0000000a,0x0004002b,0x00000031,
	0x000001fe,0xffffffff,0x0004002b,0x00000031,0x000001ff,0x0000000c,0x0004002b,0x00000031,
	0x00000200,0x0000000d,0x0004002b,0x00000031,0x00000201,0x00000009,0x0023002c,0x000001fc,
	0x00000202,0x000000e5,0x000000ea,0x000000f6,0x000001fd,0x000001fe,0x000001fe,0x00000096,
	0x000000a4,0x000001fe,0x000001fe,0x0000008b,0x000001ff,0x000001fe,0x000001fe,0x00000032,
	0x00000200,0x000001fe,0x000001fe,0x000000b4,0x000001fe,0x000001fe,0x000001fe,0x000000ff,
	0x000001fe,0x000001fe,0x000001fe,0x00000099,0x000001fe,0x000001fe,0x000001fe,0x00000201,
	0x000001fe,0x0004002b,0x00000006,0x00000203,0x0000000f,0x0004001c,0x00000204,0x00000006,
	0x00000203,0x0004002b,0x00000006,0x00000205,0x00000014,0x0004002b,0x00000006,0x00000206,
	0x0000002c,0x0004002b,0x00000006,0x00000207,0x00000054,0x0004002b,0x00000006,0x00000208,
	0x00000069,0x0004002b,0x00000006,0x00000209,0x00000091,0x0004002b,0x00000006,0x0000020a,
	0x000000a7,0x0004002b,0x00000006,0x0000020b,0x000000bd,0x0004002b,0x00000006,0x0000020c,
	0x000000d5,0x0004002b,0x00000006,0x0000020d,0x000000db,0x0004002b,0x00000006,0x0000020e,
	0x000000e4,0x0004002b,0x00000006,0x0000020f,0x000000ed,0x0004002b,0x00000006,0x00000210,
	0x000000f6,0x0012002c,0x00000204,0x00000211,0x0000002a,0x00000205,0x00000206,0x000000aa,
	0x00000207,0x00000208,0x00000130,0x00000209,0x0000020a,0x0000020b,0x0000020c,0x0000020d,
	0x0000020e,0x0000020f,0x00000210,0x0004001c,0x00000212,0x00000006,0x00000210,0x0004002b,
	0x00000006,0x00000213,0x00000816,0x0004002b,0x00000006,0x00000214,0x0000081a,0x0004002b,
	0x00000006,0x00000215,0x0000081b,0x0004002b,0x00000006,0x00000216,0x000000a0,0x0004002b,
	0x00000006,0x00000217,0x000000a4,0x0004002b,0x00000006,0x00000218,0x000000a8,0x0004002b,
	0x00000006,0x00000219,0x00000051,0x0004002b,0x00000006,0x0000021a,0x00000817,0x0004002b,
	0x00000006,0x0000021b,0x00000046,0x0004002b,0x00000006,0x0000021c,0x00000055,0x0004002b,
	0x00000006,0x0000021d,0x0000001b,0x0004002b,0x00000006,0x0000021e,0x00000047,0x0004002b,
	0x00000006,0x0000021f,0x00000059,0x0004002b,0x00000006,0x00000220,0x0000021b,0x0004002b,
	0x00000006,0x00000221,0x0000004a,0x0004002b,0x00000006,0x00000222,0x00000052,0x0004002b,
	0x00000006,0x00000223,0x0000041b,0x0004002b,0x00000006,0x00000224,0x00000053,0x0004002b,
	0x00000006,0x00000225,0x0000061b,0x0004002b,0x00000006,0x00000226,0x0000005c,0x0004002b,
	0x00000006,0x00000227,0x00000a16,0x0004002b,0x00000006,0x00000228,0x00000a17,0x0004002b,
	0x00000006,0x00000229,0x00000070,0x0004002b,0x00000006,0x0000022a,0x00000074,0x0004002b,
	0x00000006,0x0000022b,0x00000a1a,0x0004002b,0x00000006,0x0000022c,0x00000078,0x0004002b,
	0x00000006,0x0000022d,0x00000a1b,0x0004002b,0x00000006,0x0000022e,0x00000061,0x0004002b,
	0x00000006,0x0000022f,0x00000065,0x0004002b,0x00000006,0x00000230,0x00000062,0x0004002b,
	0x00000006,0x00000231,0x00000063,0x0004002b,0x00000006,0x00000232,0x00001410,0x0004002b,
	0x00000006,0x00000233,0x00000045,0x0004002b,0x00000006,0x00000234,0x00001414,0x0004002b,
	0x00000006,0x00000235,0x00000049,0x0004002b,0x00000006,0x00000236,0x00001418,0x0004002b,
	0x00000006,0x00000237,0x00000041,0x0004002b,0x00000006,0x00000238,0x00000042,0x0004002b,
	0x00000006,0x00000239,0x00000043,0x0004002b,0x00000006,0x0000023a,0x00000090,0x0004002b,
	0x00000006,0x0000023b,0x00000094,0x0004002b,0x00000006,0x0000023c,0x00000098,0x0004002b,
	0x00000006,0x0000023d,0x00000080,0x0004002b,0x00000006,0x0000023e,0x00000084,0x0004002b,
	0x00000006,0x0000023f,0x00000088,0x0004002b,0x00000006,0x00000240,0x00000060,0x0004002b,
	0x00000006,0x00000241,0x00000064,0x0004002b,0x00000006,0x00000242,0x00000068,0x0004002b,
	0x00000006,0x00000243,0x000000a1,0x0004002b,0x00000006,0x00000244,0x000000a5,0x0004002b,
	0x00000006,0x00000245,0x000000a9,0x0004002b,0x00000006,0x00000246,0x00000095,0x0004002b,
	0x00000006,0x00000247,0x00000099,0x0004002b,0x00000006,0x00000248,0x00000081,0x0004002b,
	0x00000006,0x00000249,0x00005420,0x0004002b,0x00000006,0x0000024a,0x00000085,0x0004002b,
	0x00000006,0x0000024b,0x00005424,0x0004002b,0x00000006,0x0000024c,0x00000089,0x0004002b,
	0x00000006,0x0000024d,0x00005428,0x0004002b,0x00000006,0x0000024e,0x00005460,0x0004002b,
	0x00000006,0x0000024f,0x00005464,0x0004002b,0x00000006,0x00000250,0x00005468,0x00f9002c,
	0x00000212,0x00000251,0x00000213,0x00000214,0x00000215,0x00000216,0x00000217,0x00000218,
	0x00000219,0x0000021a,0x0000021b,0x0000021c,0x0000021d,0x0000021e,0x0000021f,0x00000220,
	0x00000221,0x00000222,0x00000223,0x00000224,0x00000225,0x00000226,0x00000227,0x0000021a,
	0x00000228,0x00000229,0x0000021d,0x00000220,0x00000214,0x0000022a,0x0000022b,0x00000223,
	0x00000213,0x0000022c,0x00000225,0x0000022d,0x00000215,0x0000022e,0x0000021b,0x0000022f,
	0x0000021e,0x00000208,0x00000221,0x00000230,0x00000231,0x00000226,0x00000216,0x00000217,
	0x00000218,0x00000219,0x00000232,0x0000021b,0x00000233,0x00000234,0x0000021d,0x0000021e,
	0x00000235,0x00000236,0x00000220,0x00000221,0x00000222,0x00000223,0x00000224,0x00000225,
	0x00000226,0x00000216,0x00000217,0x00000218,0x00000237,0x00000232,0x0000021a,0x0000021b,
	0x0000021c,0x00000234,0x0000021e,0x00000235,0x00000236,0x00000220,0x00000221,0x00000238,
	0x0000021d,0x00000223,0x00000239,0x00000213,0x00000225,0x00000226,0x00000216,0x00000217,
	0x00000218,0x00000237,0x00000232,0x00000214,0x0000021b,0x00000233,0x00000234,0x0000021d,
	0x0000021e,0x0000021f,0x00000236,0x00000221,0x00000238,0x00000220,0x00000223,0x00000239,
	0x00000215,0x00000225,0x00000226,0x0000023a,0x00000214,0x0000023b,0x00000213,0x0000023c,
	0x00000215,0x00000219,0x0000021a,0x0000021b,0x0000021c,0x0000021d,0x0000021e,0x0000021f,
	0x00000220,0x00000221,0x00000222,0x00000223,0x00000224,0x00000225,0x00000226,0x0000023d,
	0x0000021a,0x00000214,0x0000023e,0x00000223,0x00000213,0x0000023f,0x00000225,0x00000215,
	0x0000022e,0x0000021b,0x0000021c,0x0000021d,0x0000021e,0x0000021f,0x00000220,0x00000221,
	0x00000230,0x00000231,0x00000226,0x0000023d,0x0000021d,0x00000214,0x0000023e,0x00000227,
	0x00000213,0x0000023f,0x00000228,0x00000215,0x00000219,0x0000021a,0x0000021b,0x0000022f,
	0x0000021e,0x0000021f,0x00000220,0x00000221,0x00000222,0x00000223,0x00000224,0x00000225,
	0x00000226,0x0000023d,0x00000220,0x00000214,0x0000023e,0x0000022b,0x00000213,0x0000023f,
	0x0000022d,0x00000215,0x00000219,0x0000021a,0x0000021b,0x0000021c,0x0000021d,0x0000021e,
	0x00000208,0x00000221,0x00000222,0x00000223,0x00000224,0x00000225,0x00000226,0x00000240,
	0x0000021a,0x0000021d,0x00000220,0x00000214,0x00000241,0x00000227,0x0000022b,0x00000223,
	0x00000213,0x00000242,0x00000228,0x00000225,0x0000022d,0x00000215,0x0000022e,0x0000021b,
	0x0000022f,0x0000021e,0x00000208,0x00000221,0x00000230,0x00000231,0x00000226,0x00000216,
	0x00000217,0x00000218,0x00000243,0x00000244,0x00000245,0x00000216,0x00000217,0x00000218,
	0x00000209,0x00000232,0x00000246,0x00000234,0x00000247,0x00000236,0x00000216,0x00000217,
	0x00000218,0x00000248,0x00000249,0x0000024a,0x0000024b,0x0000024c,0x0000024d,0x00000216,
	0x00000217,0x00000218,0x00000237,0x0000024e,0x00000233,0x0000024f,0x00000235,0x00000250,
	0x0004002b,0x00000006,0x00000252,0x0000000e,0x0004001c,0x00000253,0x00000031,0x00000252,
	0x0011002c,0x00000253,0x00000254,0x000001fd,0x000000ff,0x000000a4,0x000000a4,0x000000a4,
	0x00000201,0x00000099,0x00000099,0x00000099,0x000000b4,0x000001fd,0x000000a4,0x000001ff,
	0x000000ca,0x0011002c,0x00000253,0x00000255,0x00000032,0x000000b4,0x00000032,0x0000008b,
	0x0000008b,0x00000032,0x000000b4,0x00000032,0x00000032,0x000000b4,0x000001fd,0x00000201,
	0x00000099,0x0000008b,0x0011002c,0x00000253,0x00000256,0x00000032,0x000000b4,0x0000008b,
	0x00000032,0x0000008b,0x00000032,0x00000032,0x000000b4,0x00000032,0x000000b4,0x000001fd,
	0x00000201,0x00000099,0x0000008b,0x0011002c,0x00000253,0x00000257,0x00000032,0x000000b4,
	0x0000008b,0x0000008b,0x00000032,0x00000032,0x00000032,0x00000032,0x000000b4,0x000000b4,
	0x000001fd,0x00000201,0x00000099,0x0000008b,0x0004002b,0x00000006,0x00000258,0x00000040,
	0x0004001c,0x00000259,0x00000006,0x00000258,0x0004002b,0x00000006,0x0000025a,0x50505050,
	0x0004002b,0x00000006,0x0000025b,0x40404040,0x0004002b,0x00000006,0x0000025c,0x54545454,
	0x0004002b,0x00000006,0x0000025d,0x54505040,0x0004002b,0x00000006,0x0000025e,0x50404000,
	0x0004002b,0x00000006,0x0000025f,0x55545450,0x0004002b,0x00000006,0x00000260,0x55545040,
	0x0004002b,0x00000006,0x00000261,0x54504000,0x0004002b,0x00000006,0x00000262,0x50400000,
	0x0004002b,0x00000006,0x00000263,0x55555450,0x0004002b,0x00000006,0x00000264,0x55544000,
	0x0004002b,0x00000006,0x00000265,0x54400000,0x0004002b,0x00000006,0x00000266,0x55555440,
	0x0004002b,0x00000006,0x00000267,0x55550000,0x0004002b,0x00000006,0x00000268,0x55555500,
	0x0004002b,0x00000006,0x00000269,0x55000000,0x0004002b,0x00000006,0x0000026a,0x55150100,
	0x0004002b,0x00000006,0x0000026b,0x00004054,0x0004002b,0x00000006,0x0000026c,0x15010000,
	0x0004002b,0x00000006,0x0000026d,0x00405054,0x0004002b,0x00000006,0x0000026e,0x00004050,
	0x0004002b,0x00000006,0x0000026f,0x15050100,0x0004002b,0x00000006,0x00000270,0x05010000,
	0x0004002b,0x00000006,0x00000271,0x40505054,0x0004002b,0x00000006,0x00000272,0x00404050,
	0x0004002b,0x00000006,0x00000273,0x05010100,0x0004002b,0x00000006,0x00000274,0x14141414,
	0x0004002b,0x00000006,0x00000275,0x05141450,0x0004002b,0x00000006,0x00000276,0x01155440,
	0x0004002b,0x00000006,0x00000277,0x00555500,0x0004002b,0x00000006,0x00000278,0x15014054,
	0x0004002b,0x00000006,0x00000279,0x05414150,0x0004002b,0x00000006,0x0000027a,0x44444444,
	0x0004002b,0x00000006,0x0000027b,0x55005500,0x0004002b,0x00000006,0x0000027c,0x11441144,
	0x0004002b,0x00000006,0x0000027d,0x05055050,0x0004002b,0x00000006,0x0000027e,0x05500550,
	0x0004002b,0x00000006,0x0000027f,0x11114444,0x0004002b,0x00000006,0x00000280,0x41144114,
	0x0004002b,0x00000006,0x00000281,0x44111144,0x0004002b,0x00000006,0x00000282,0x15055054,
	0x0004002b,0x00000006,0x00000283,0x01055040,0x0004002b,0x00000006,0x00000284,0x05041050,
	0x0004002b,0x00000006,0x00000285,0x05455150,0x0004002b,0x00000006,0x00000286,0x14414114,
	0x0004002b,0x00000006,0x00000287,0x50050550,0x0004002b,0x00000006,0x00000288,0x41411414,
	0x0004002b,0x00000006,0x00000289,0x00141400,0x0004002b,0x00000006,0x0000028a,0x00041504,
	0x0004002b,0x00000006,0x0000028b,0x00105410,0x0004002b,0x00000006,0x0000028c,0x10541000,
	0x0004002b,0x00000006,0x0000028d,0x04150400,0x0004002b,0x00000006,0x0000028e,0x50410514,
	0x0004002b,0x00000006,0x0000028f,0x41051450,0x0004002b,0x00000006,0x00000290,0x05415014,
	0x0004002b,0x00000006,0x00000291,0x14054150,0x0004002b,0x00000006,0x00000292,0x41050514,
	0x0004002b,0x00000006,0x00000293,0x41505014,0x0004002b,0x00000006,0x00000294,0x40011554,
	0x0004002b,0x00000006,0x00000295,0x54150140,0x0004002b,0x00000006,0x00000296,0x50505500,
	0x0004002b,0x00000006,0x00000297,0x00555050,0x0004002b,0x00000006,0x00000298,0x15151010,
	0x0004002b,0x00000006,0x00000299,0x54540404,0x0043002c,0x00000259,0x0000029a,0x0000025a,
	0x0000025b,0x0000025c,0x0000025d,0x0000025e,0x0000025f,0x00000260,0x00000261,0x00000262,
	0x00000263,0x00000264,0x00000265,0x00000266,0x00000267,0x00000268,0x00000269,0x0000026a,
	0x0000026b,0x0000026c,0x0000026d,0x0000026e,0x0000026f,0x00000270,0x00000271,0x00000272,
	0x00000273,0x00000274,0x00000275,0x00000276,0x00000277,0x00000278,0x00000279,0x0000027a,
	0x0000027b,0x0000027c,0x0000027d,0x0000027e,0x0000027f,0x00000280,0x00000281,0x00000282,
	0x00000283,0x00000284,0x00000285,0x00000286,0x00000287,0x00000288,0x00000289,0x0000028a,
	0x0000028b,0x0000028c,0x0000028d,0x0000028e,0x0000028f,0x00000290,0x00000291,0x00000292,
	0x00000293,0x00000294,0x00000295,0x00000296,0x00000297,0x00000298,0x00000299,0x0004002b,
	0x00000006,0x0000029b,0x00000006,0x0043002c,0x00000259,0x0000029c,0x00000203,0x00000203,
	0x00000203,0x00000203,0x00000203,0x00000203,0x00000203,0x00000203,0x00000203,0x00000203,
	0x00000203,0x00000203,0x00000203,0x00000203,0x00000203,0x00000203,0x00000203,0x00000092,
	0x000001fa,0x00000092,0x00000092,0x000001fa,0x000001fa,0x00000203,0x00000092,0x000001fa,
	0x00000092,0x00000092,0x000001fa,0x000001fa,0x00000092,0x00000092,0x00000203,0x00000203,
	0x0000029b,0x000001fa,0x00000092,0x000001fa,0x00000203,0x00000203,0x00000092,0x000001fa,
	0x00000092,0x00000092,0x00000092,0x00000203,0x00000203,0x0000029b,0x0000029b,0x00000092,
	0x0000029b,0x000001fa,0x00000203,0x00000203,0x00000092,0x00000092,0x00000203,0x00000203,
	0x00000203,0x00000203,0x00000203,0x00000092,0x00000092,0x00000203,0x0004002b,0x00000006,
	0x0000029d,0xaa685050,0x0004002b,0x00000006,0x0000029e,0x6a5a5040,0x0004002b,0x00000006,
	0x0000029f,0x5a5a4200,0x0004002b,0x00000006,0x000002a0,0x5450a0a8,0x0004002b,0x00000006,
	0x000002a1,0xa5a50000,0x0004002b,0x00000006,0x000002a2,0xa0a05050,0x0004002b,0x00000006,
	0x000002a3,0x5555a0a0,0x0004002b,0x00000006,0x000002a4,0x5a5a5050,0x0004002b,0x00000006,
	0x000002a5,0xaa550000,0x0004002b,0x00000006,0x000002a6,0xaa555500,0x0004002b,0x00000006,
	0x000002a7,0xaaaa5500,0x0004002b,0x00000006,0x000002a8,0x90909090,0x0004002b,0x00000006,
	0x000002a9,0x94949494,0x0004002b,0x00000006,0x000002aa,0xa4a4a4a4,0x0004002b,0x00000006,
	0x000002ab,0xa9a59450,0x0004002b,0x00000006,0x000002ac,0x2a0a4250,0x0004002b,0x00000006,
	0x000002ad,0xa5945040,0x0004002b,0x00000006,0x000002ae,0x0a425054,0x0004002b,0x00000006,
	0x000002af,0xa5a5a500,0x0004002b,0x00000006,0x000002b0,0x55a0a0a0,0x0004002b,0x00000006,
	0x000002b1,0xa8a85454,0x0004002b,0x00000006,0x000002b2,0x6a6a4040,0x0004002b,0x00000006,
	0x000002b3,0xa4a45000,0x0004002b,0x00000006,0x000002b4,0x1a1a0500,0x0004002b,0x00000006,
	0x000002b5,0x0050a4a4,0x0004002b,0x00000006,0x000002b6,0xaaa59090,0x0004002b,0x00000006,
	0x000002b7,0x14696914,0x0004002b,0x00000006,0x000002b8,0x69691400,0x0004002b,0x00000006,
	0x000002b9,0xa08585a0,0x0004002b,0x00000006,0x000002ba,0xaa821414,0x0004002b,0x00000006,
	0x000002bb,0x50a4a450,0x0004002b,0x00000006,0x000002bc,0x6a5a0200,0x0004002b,0x00000006,
	0x000002bd,0xa9a58000,0x0004002b,0x00000006,0x000002be,0x5090a0a8,0x0004002b,0x00000006,
	0x000002bf,0xa8a09050,0x0004002b,0x00000006,0x000002c0,0x24242424,0x0004002b,0x00000006,
	0x000002c1,0x00aa5500,0x0004002b,0x00000006,0x000002c2,0x24924924,0x0004002b,0x00000006,
	0x000002c3,0x24499224,0x0004002b,0x00000006,0x000002c4,0x50a50a50,0x0004002b,0x00000006,
	0x000002c5,0x500aa550,0x0004002b,0x00000006,0x000002c6,0xaaaa4444,0x0004002b,0x00000006,
	0x000002c7,0x66660000,0x0004002b,0x00000006,0x000002c8,0xa5a0a5a0,0x0004002b,0x00000006,
	0x000002c9,0x50a050a0,0x0004002b,0x00000006,0x000002ca,0x69286928,0x0004002b,0x00000006,
	0x000002cb,0x44aaaa44,0x0004002b,0x00000006,0x000002cc,0x66666600,0x0004002b,0x00000006,
	0x000002cd,0xaa444444,0x0004002b,0x00000006,0x000002ce,0x54a854a8,0x0004002b,0x00000006,
	0x000002cf,0x95809580,0x0004002b,0x00000006,0x000002d0,0x96969600,0x0004002b,0x00000006,
	0x000002d1,0xa85454a8,0x0004002b,0x00000006,0x000002d2,0x80959580,0x0004002b,0x00000006,
	0x000002d3,0xaa141414,0x0004002b,0x00000006,0x000002d4,0x96960000,0x0004002b,0x00000006,
	0x000002d5,0xaaaa1414,0x0004002b,0x00000006,0x000002d6,0xa05050a0,0x0004002b,0x00000006,
	0x000002d7,0xa0a5a5a0,0x0004002b,0x00000006,0x000002d8,0x96000000,0x0004002b,0x00000006,
	0x000002d9,0x40804080,0x0004002b,0x00000006,0x000002da,0xa9a8a9a8,0x0004002b,0x00000006,
	0x000002db,0xaaaaaa44,0x0004002b,0x00000006,0x000002dc,0x2a4a5254,0x0043002c,0x00000259,
	0x000002dd,0x0000029d,0x0000029e,0x0000029f,0x000002a0,0x000002a1,0x000002a2,0x000002a3,
	0x000002a4,0x000002a5,0x000002a6,0x000002a7,0x000002a8,0x000002a9,0x000002aa,0x000002ab,
	0x000002ac,0x000002ad,0x000002ae,0x000002af,0x000002b0,0x000002b1,0x000002b2,0x000002b3,
	0x000002b4,0x000002b5,0x000002b6,0x000002b7,0x000002b8,0x000002b9,0x000002ba,0x000002bb,
	0x000002bc,0x000002bd,0x000002be,0x000002bf,0x000002c0,0x000002c1,0x000002c2,0x000002c3,
	0x000002c4,0x000002c5,0x000002c6,0x000002c7,0x000002c8,0x000002c9,0x000002ca,0x000002cb,
	0x000002cc,0x000002cd,0x000002ce,0x000002cf,0x000002d0,0x000002d1,0x000002d2,0x000002d3,
	0x000002d4,0x000002d5,0x000002d6,0x000002d7,0x000002d8,0x000002d9,0x000002da,0x000002db,
	0x000002dc,0x0004002b,0x00000006,0x000002de,0x000000f3,0x0004002b,0x00000006,0x000002df,
	0x00000083,0x0004002b,0x00000006,0x000002e0,0x0000008f,0x0004002b,0x00000006,0x000002e1,
	0x000000f8,0x0004002b,0x00000006,0x000002e2,0x000000f5,0x0004002b,0x00000006,0x000002e3,
	0x0000008a,0x0004002b,0x00000006,0x000002e4,0x00000035,0x0004002b,0x00000006,0x000002e5,
	0x000000a6,0x0004002b,0x00000006,0x000002e6,0x000000af,0x0004002b,0x00000006,0x000002e7,
	0x0000006f,0x0004002b,0x00000006,0x000002e8,0x000000fa,0x0004002b,0x00000006,0x000002e9,
	0x000000fd,0x0004002b,0x00000006,0x000002ea,0x000000fc,0x0043002c,0x00000259,0x000002eb,
	0x000002de,0x000002df,0x000002e0,0x000000aa,0x000002e1,0x000002de,0x000000aa,0x000002e0,
	0x000002e1,0x000002e1,0x00000210,0x00000210,0x00000210,0x000002e2,0x000002de,0x000002df,
	0x000002de,0x000002df,0x000002e1,0x000000aa,0x000002de,0x000002df,0x00000210,0x000002e3,
	0x000002e4,0x000002e1,0x00000242,0x000002e5,0x000002e1,0x000002e2,0x000002e6,0x000002e0,
	0x000002e1,0x000000aa,0x000002de,0x00000244,0x000002e5,0x000002e3,0x0000023c,0x000002e6,
	0x000002e7,0x000002de,0x000002e0,0x000002e2,0x000000aa,0x000002e7,0x000002e7,0x000002e0,
	0x000002de,0x000000aa,0x000002e2,0x000002e2,0x000002e2,0x000002e1,0x000002e2,0x000002e8,
	0x000002e2,0x000002e8,0x000002e1,0x000002e9,0x000000aa,0x000002ea,0x000002de,0x000002df,
	0x0004001c,0x000002ec,0x00000031,0x000001fa,0x000b002c,0x000002ec,0x000002ed,0x0000008b,
	0x000000b4,0x00000032,0x000000ff,0x00000032,0x000000ff,0x000000ff,0x00000032,0x000b002c,
	0x000002ec,0x000002ee,0x000000e5,0x000000e5,0x000000e5,0x000000e5,0x000000b4,0x00000099,
	0x000000ff,0x00000032,0x00050036,0x00000002,0x00000004,0x00000000,0x00000003,0x000200f8,
	0x00000005,0x0004003b,0x00000063,0x00000158,0x00000007,0x0004003b,0x00000063,0x0000015b,
	0x00000007,0x0004003b,0x00000009,0x00000174,0x00000007,0x0004003b,0x00000009,0x00000175,
	0x00000007,0x0004003b,0x00000008,0x00000189,0x00000007,0x0004003b,0x00000009,0x00000198,
	0x00000007,0x0004003b,0x00000009,0x000001a3,0x00000007,0x0004003b,0x0000001e,0x000001ad,
	0x00000007,0x0004003b,0x00000021,0x000001b3,0x00000007,0x0004003b,0x00000009,0x000001b4,
	0x00000007,0x0004003b,0x00000009,0x000001b7,0x00000007,0x0004003b,0x0000001e,0x000001ba,
	0x00000007,0x0004003b,0x00000021,0x000001bb,0x00000007,0x0004003b,0x00000009,0x000001bf,
	0x00000007,0x0004003b,0x000001c8,0x000001c9,0x00000007,0x0004003b,0x00000008,0x000001cd,
	0x00000007,0x0004003b,0x00000009,0x000001cf,0x00000007,0x0004003b,0x00000009,0x000001d0,
	0x00000007,0x0004003b,0x00000009,0x000001d7,0x00000007,0x0004003b,0x00000009,0x000001f4,
	0x00000007,0x0004003b,0x00000009,0x000001f5,0x00000007,0x0004003b,0x00000012,0x000001f6,
	0x00000007,0x0004003d,0x00000065,0x00000159,0x00000067,0x0007004f,0x00000062,0x0000015a,
	0x00000159,0x00000159,0x00000000,0x00000001,0x0003003e,0x00000158,0x0000015a,0x00050041,
	0x0000015c,0x0000015d,0x00000078,0x00000032,0x0004003d,0x00000062,0x0000015e,0x0000015d,
	0x00050050,0x00000062,0x0000015f,0x00000044,0x00000044,0x00050080,0x00000062,0x00000160,
	0x0000015e,0x0000015f,0x00050050,0x00000062,0x00000161,0x0000006c,0x0000006c,0x00050086,
	0x00000062,0x00000162,0x00000160,0x00000161,0x0003003e,0x0000015b,0x00000162,0x00050041,
	0x00000009,0x00000163,0x00000158,0x0000002a,0x0004003d,0x00000006,0x00000164,0x00000163,
	0x00050041,0x00000009,0x00000165,0x0000015b,0x0000002a,0x0004003d,0x00000006,0x00000166,
	0x00000165,0x000500ae,0x0000001d,0x00000167,0x00000164,0x00000166,0x000400a8,0x0000001d,
	0x00000168,0x00000167,0x000300f7,0x0000016a,0x00000000,0x000400fa,0x00000168,0x00000169,
	0x0000016a,0x000200f8,0x00000169,0x00050041,0x00000009,0x0000016b,0x00000158,0x0000004a,
	0x0004003d,0x00000006,0x0000016c,0x0000016b,0x00050041,0x00000009,0x0000016d,0x0000015b,
	0x0000004a,0x0004003d,0x00000006,0x0000016e,0x0000016d,0x000500ae,0x0000001d,0x0000016f,
	0x0000016c,0x0000016e,0x000200f9,0x0000016a,0x000200f8,0x0000016a,0x000700f5,0x0000001d,
	0x00000170,0x00000167,0x00000005,0x0000016f,0x00000169,0x000300f7,0x00000172,0x00000000,
	0x000400fa,0x00000170,0x00000171,0x00000172,0x000200f8,0x00000171,0x000100fd,0x000200f8,
	0x00000172,0x0003003e,0x00000174,0x0000006c,0x00050041,0x00000079,0x00000176,0x00000078,
	0x000000e5,0x0004003d,0x00000006,0x00000177,0x00000176,0x00050041,0x00000093,0x00000178,
	0x00000067,0x00000092,0x0004003d,0x00000006,0x00000179,0x00000178,0x00050041,0x00000079,
	0x0000017a,0x00000078,0x000000f6,0x0004003d,0x00000006,0x0000017b,0x0000017a,0x00050084,
	0x00000006,0x0000017c,0x00000179,0x0000017b,0x00050041,0x00000009,0x0000017d,0x00000158,
	0x0000004a,0x0004003d,0x00000006,0x0000017e,0x0000017d,0x00050041,0x00000079,0x0000017f,
	0x00000078,0x000000ea,0x0004003d,0x00000006,0x00000180,0x0000017f,0x00050084,0x00000006,
	0x00000181,0x0000017e,0x00000180,0x00050080,0x00000006,0x00000182,0x0000017c,0x00000181,
	0x00050041,0x00000009,0x00000183,0x00000158,0x0000002a,0x0004003d,0x00000006,0x00000184,
	0x00000183,0x00050080,0x00000006,0x00000185,0x00000182,0x00000184,0x0004003d,0x00000006,
	0x00000186,0x00000174,0x00050084,0x00000006,0x00000187,0x00000185,0x00000186,0x00050080,
	0x00000006,0x00000188,0x00000177,0x00000187,0x0003003e,0x00000175,0x00000188,0x0004003d,
	0x00000006,0x0000018e,0x00000175,0x00060041,0x0000018f,0x00000190,0x0000018d,0x000000e5,
	0x0000018e,0x0004003d,0x00000006,0x00000191,0x00000190,0x0004003d,0x00000006,0x00000192,
	0x00000175,0x00050080,0x00000006,0x00000193,0x00000192,0x0000004a,0x00060041,0x0000018f,
	0x00000194,0x0000018d,0x000000e5,0x00000193,0x0004003d,0x00000006,0x00000195,0x00000194,
	0x0004003d,0x00000006,0x00000196,0x00000174,0x000500ac,0x0000001d,0x00000197,0x00000196,
	0x00000092,0x000300f7,0x0000019a,0x00000000,0x000400fa,0x00000197,0x00000199,0x0000019f,
	0x000200f8,0x00000199,0x0004003d,0x00000006,0x0000019b,0x00000175,0x00050080,0x00000006,
	0x0000019c,0x0000019b,0x00000092,0x00060041,0x0000018f,0x0000019d,0x0000018d,0x000000e5,
	0x0000019c,0x0004003d,0x00000006,0x0000019e,0x0000019d,0x0003003e,0x00000198,0x0000019e,
	0x000200f9,0x0000019a,0x000200f8,0x0000019f,0x0003003e,0x00000198,0x0000002a,0x000200f9,
	0x0000019a,0x000200f8,0x0000019a,0x0004003d,0x00000006,0x000001a0,0x00000198,0x0004003d,
	0x00000006,0x000001a1,0x00000174,0x000500ac,0x0000001d,0x000001a2,0x000001a1,0x00000092,
	0x000300f7,0x000001a5,0x00000000,0x000400fa,0x000001a2,0x000001a4,0x000001aa,0x000200f8,
	0x000001a4,0x0004003d,0x00000006,0x000001a6,0x00000175,0x00050080,0x00000006,0x000001a7,
	0x000001a6,0x00000044,0x00060041,0x0000018f,0x000001a8,0x0000018d,0x000000e5,0x000001a7,
	0x0004003d,0x00000006,0x000001a9,0x000001a8,0x0003003e,0x000001a3,0x000001a9,0x000200f9,
	0x000001a5,0x000200f8,0x000001aa,0x0003003e,0x000001a3,0x0000002a,0x000200f9,0x000001a5,
	0x000200f8,0x000001a5,0x0004003d,0x00000006,0x000001ab,0x000001a3,0x00070050,0x00000007,
	0x000001ac,0x00000191,0x00000195,0x000001a0,0x000001ab,0x0003003e,0x00000189,0x000001ac,
	0x00050041,0x00000079,0x000001ae,0x00000078,0x00000096,0x0004003d,0x00000006,0x000001af,
	0x000001ae,0x000500c7,0x00000006,0x000001b0,0x000001af,0x00000092,0x000500ab,0x0000001d,
	0x000001b1,0x000001b0,0x0000002a,0x0003003e,0x000001ad,0x000001b1,0x00050041,0x00000009,
	0x000001b5,0x00000189,0x00000092,0x0004003d,0x00000006,0x000001b6,0x000001b5,0x0003003e,
	0x000001b4,0x000001b6,0x00050041,0x00000009,0x000001b8,0x00000189,0x00000044,0x0004003d,
	0x00000006,0x000001b9,0x000001b8,0x0003003e,0x000001b7,0x000001b9,0x0003003e,0x000001ba,
	0x000001b2,0x0004003d,0x00000020,0x000001bc,0x000001b3,0x0003003e,0x000001bb,0x000001bc,
	0x00080039,0x00000002,0x000001bd,0x00000027,0x000001b4,0x000001b7,0x000001ba,0x000001bb,
	0x0004003d,0x00000020,0x000001be,0x000001bb,0x0003003e,0x000001b3,0x000001be,0x0003003e,
	0x000001bf,0x0000002a,0x000200f9,0x000001c0,0x000200f8,0x000001c0,0x000400f6,0x000001c2,
	0x000001c3,0x00000000,0x000200f9,0x000001c4,0x000200f8,0x000001c4,0x0004003d,0x00000006,
	0x000001c5,0x000001bf,0x000500b0,0x0000001d,0x000001c6,0x000001c5,0x0000001f,0x000400fa,
	0x000001c6,0x000001c1,0x000001c2,0x000200f8,0x000001c1,0x0004003d,0x00000006,0x000001ca,
	0x000001bf,0x0004003d,0x00000006,0x000001cb,0x000001bf,0x00050084,0x00000006,0x000001cc,
	0x0000006c,0x000001cb,0x0004003d,0x00000007,0x000001ce,0x00000189,0x0003003e,0x000001cd,
	0x000001ce,0x0003003e,0x000001cf,0x000001cc,0x0003003e,0x000001d0,0x0000006c,0x00070039,
	0x00000006,0x000001d1,0x0000000e,0x000001cd,0x000001cf,0x000001d0,0x00050084,0x00000006,
	0x000001d3,0x000001d1,0x000001d2,0x00050041,0x00000009,0x000001d4,0x000001c9,0x000001ca,
	0x0003003e,0x000001d4,0x000001d3,0x000200f9,0x000001c3,0x000200f8,0x000001c3,0x0004003d,
	0x00000006,0x000001d5,0x000001bf,0x00050080,0x00000006,0x000001d6,0x000001d5,0x000000ea,
	0x0003003e,0x000001bf,0x000001d6,0x000200f9,0x000001c0,0x000200f8,0x000001c2,0x0003003e,
	0x000001d7,0x0000002a,0x000200f9,0x000001d8,0x000200f8,0x000001d8,0x000400f6,0x000001da,
	0x000001db,0x00000000,0x000200f9,0x000001dc,0x000200f8,0x000001dc,0x0004003d,0x00000006,
	0x000001dd,0x000001d7,0x000500b0,0x0000001d,0x000001de,0x000001dd,0x0000001f,0x000400fa,
	0x000001de,0x000001d9,0x000001da,0x000200f8,0x000001d9,0x0004003d,0x00000006,0x000001df,
	0x000001d7,0x000500c7,0x00000006,0x000001e0,0x000001df,0x00000044,0x0004003d,0x00000006,
	0x000001e1,0x000001d7,0x000500c2,0x00000006,0x000001e2,0x000001e1,0x000000f6,0x0004003d,
	0x00000006,0x000001e3,0x000001d7,0x00050041,0x00000008,0x000001e4,0x000001b3,0x000001e3,
	0x0004003d,0x00000007,0x000001e5,0x000001e4,0x0008004f,0x00000065,0x000001e6,0x000001e5,
	0x000001e5,0x00000000,0x00000001,0x00000002,0x00040070,0x000001e7,0x000001e8,0x000001e6,
	0x0004003d,0x00000006,0x000001e9,0x000001d7,0x00050041,0x00000009,0x000001ea,0x000001c9,
	0x000001e9,0x0004003d,0x00000006,0x000001eb,0x000001ea,0x00040070,0x00000010,0x000001ec,
	0x000001eb,0x00050051,0x00000010,0x000001ed,0x000001e8,0x00000000,0x00050051,0x00000010,
	0x000001ee,0x000001e8,0x00000001,0x00050051,0x00000010,0x000001ef,0x000001e8,0x00000002,
	0x00070050,0x00000011,0x000001f0,0x000001ed,0x000001ee,0x000001ef,0x000001ec,0x00070050,
	0x00000011,0x000001f2,0x000001f1,0x000001f1,0x000001f1,0x000001f1,0x00050088,0x00000011,
	0x000001f3,0x000001f0,0x000001f2,0x0003003e,0x000001f4,0x000001e0,0x0003003e,0x000001f5,
	0x000001e2,0x0003003e,0x000001f6,0x000001f3,0x00070039,0x00000002,0x000001f7,0x00000017,
	0x000001f4,0x000001f5,0x000001f6,0x000200f9,0x000001db,0x000200f8,0x000001db,0x0004003d,
	0x00000006,0x000001f8,0x000001d7,0x00050080,0x00000006,0x000001f9,0x000001f8,0x000000ea,
	0x0003003e,0x000001d7,0x000001f9,0x000200f9,0x000001d8,0x000200f8,0x000001da,0x000100fd,
	0x00010038,0x00050036,0x00000006,0x0000000e,0x00000000,0x0000000a,0x00030037,0x00000008,
	0x0000000b,0x00030037,0x00000009,0x0000000c,0x00030037,0x00000009,0x0000000d,0x000200f8,
	0x0000000f,0x0004003b,0x00000009,0x0000002f,0x00000007,0x0004003b,0x00000009,0x00000034,
	0x00000007,0x0004003b,0x00000009,0x00000038,0x00000007,0x0004003b,0x00000009,0x00000055,
	0x00000007,0x0004003d,0x00000006,0x00000029,0x0000000d,0x000500aa,0x0000001d,0x0000002b,
	0x00000029,0x0000002a,0x000300f7,0x0000002d,0x00000000,0x000400fa,0x0000002b,0x0000002c,
	0x0000002d,0x000200f8,0x0000002c,0x000200fe,0x0000002a,0x000200f8,0x0000002d,0x0004003d,
	0x00000006,0x00000030,0x0000000c,0x000500c2,0x00000006,0x00000033,0x00000030,0x00000032,
	0x0003003e,0x0000002f,0x00000033,0x0004003d,0x00000006,0x00000035,0x0000000c,0x000500c7,
	0x00000006,0x00000037,0x00000035,0x00000036,0x0003003e,0x00000034,0x00000037,0x0004003d,
	0x00000006,0x00000039,0x0000002f,0x00050041,0x00000009,0x0000003a,0x0000000b,0x00000039,
	0x0004003d,0x00000006,0x0000003b,0x0000003a,0x0004003d,0x00000006,0x0000003c,0x00000034,
	0x000500c2,0x00000006,0x0000003d,0x0000003b,0x0000003c,0x0003003e,0x00000038,0x0000003d,
	0x0004003d,0x00000006,0x0000003e,0x00000034,0x0004003d,0x00000006,0x0000003f,0x0000000d,
	0x00050080,0x00000006,0x00000040,0x0000003e,0x0000003f,0x000500ac,0x0000001d,0x00000042,
	0x00000040,0x00000041,0x0004003d,0x00000006,0x00000043,0x0000002f,0x000500b0,0x0000001d,
	0x00000045,0x00000043,0x00000044,0x000500a7,0x0000001d,0x00000046,0x00000042,0x00000045,
	0x000300f7,0x00000048,0x00000000,0x000400fa,0x00000046,0x00000047,0x00000048,0x000200f8,
	0x00000047,0x0004003d,0x00000006,0x00000049,0x0000002f,0x00050080,0x00000006,0x0000004b,
	0x00000049,0x0000004a,0x00050041,0x00000009,0x0000004c,0x0000000b,0x0000004b,0x0004003d,
	0x00000006,0x0000004d,0x0000004c,0x0004003d,0x00000006,0x0000004e,0x00000034,0x00050082,
	0x00000006,0x0000004f,0x00000041,0x0000004e,0x000500c4,0x00000006,0x00000050,0x0000004d,
	0x0000004f,0x0004003d,0x00000006,0x00000051,0x00000038,0x000500c5,0x00000006,0x00000052,
	0x00000051,0x00000050,0x0003003e,0x00000038,0x00000052,0x000200f9,0x00000048,0x000200f8,
	0x00000048,0x0004003d,0x00000006,0x00000053,0x0000000d,0x000500aa,0x0000001d,0x00000054,
	0x00000053,0x00000041,0x000300f7,0x00000057,0x00000000,0x000400fa,0x00000054,0x00000056,
	0x00000059,0x000200f8,0x00000056,0x0004003d,0x00000006,0x00000058,0x00000038,0x0003003e,
	0x00000055,0x00000058,0x000200f9,0x00000057,0x000200f8,0x00000059,0x0004003d,0x00000006,
	0x0000005a,0x00000038,0x0004003d,0x00000006,0x0000005b,0x0000000d,0x000500c4,0x00000006,
	0x0000005c,0x0000004a,0x0000005b,0x00050082,0x00000006,0x0000005d,0x0000005c,0x0000004a,
	0x000500c7,0x00000006,0x0000005e,0x0000005a,0x0000005d,0x0003003e,0x00000055,0x0000005e,
	0x000200f9,0x00000057,0x000200f8,0x00000057,0x0004003d,0x00000006,0x0000005f,0x00000055,
	0x000200fe,0x0000005f,0x00010038,0x00050036,0x00000002,0x00000017,0x00000000,0x00000013,
	0x00030037,0x00000009,0x00000014,0x00030037,0x00000009,0x00000015,0x00030037,0x00000012,
	0x00000016,0x000200f8,0x00000018,0x0004003b,0x00000063,0x00000064,0x00000007,0x0004003b,
	0x00000063,0x0000006a,0x00000007,0x0004003d,0x00000065,0x00000068,0x00000067,0x0007004f,
	0x00000062,0x00000069,0x00000068,0x00000068,0x00000000,0x00000001,0x0003003e,0x00000064,
	0x00000069,0x0004003d,0x00000062,0x0000006b,0x00000064,0x00050050,0x00000062,0x0000006d,
	0x0000006c,0x0000006c,0x00050084,0x00000062,0x0000006e,0x0000006b,0x0000006d,0x0004003d,
	0x00000006,0x0000006f,0x00000014,0x0004003d,0x00000006,0x00000070,0x00000015,0x00050050,
	0x00000062,0x00000071,0x0000006f,0x00000070,0x00050080,0x00000062,0x00000072,0x0000006e,
	0x00000071,0x0003003e,0x0000006a,0x00000072,0x00050041,0x00000009,0x00000073,0x0000006a,
	0x0000002a,0x0004003d,0x00000006,0x00000074,0x00000073,0x00060041,0x00000079,0x0000007a,
	0x00000078,0x00000032,0x0000002a,0x0004003d,0x00000006,0x0000007b,0x0000007a,0x000500b0,
	0x0000001d,0x0000007c,0x00000074,0x0000007b,0x000300f7,0x0000007e,0x00000000,0x000400fa,
	0x0000007c,0x0000007d,0x0000007e,0x000200f8,0x0000007d,0x00050041,0x00000009,0x0000007f,
	0x0000006a,0x0000004a,0x0004003d,0x00000006,0x00000080,0x0000007f,0x00060041,0x00000079,
	0x00000081,0x00000078,0x00000032,0x0000004a,0x0004003d,0x00000006,0x00000082,0x00000081,
	0x000500b0,0x0000001d,0x00000083,0x00000080,0x00000082,0x000200f9,0x0000007e,0x000200f8,
	0x0000007e,0x000700f5,0x0000001d,0x00000084,0x0000007c,0x00000018,0x00000083,0x0000007d,
	0x000300f7,0x00000086,0x00000000,0x000400fa,0x00000084,0x00000085,0x00000086,0x000200f8,
	0x00000085,0x0004003d,0x00000087,0x0000008a,0x00000089,0x00050041,0x0000008c,0x0000008d,
	0x00000078,0x0000008b,0x0004003d,0x00000075,0x0000008e,0x0000008d,0x0004003d,0x00000062,
	0x0000008f,0x0000006a,0x0004007c,0x00000075,0x00000090,0x0000008f,0x00050080,0x00000075,
	0x00000091,0x0000008e,0x00000090,0x00050041,0x00000093,0x00000094,0x00000067,0x00000092,
	0x0004003d,0x00000006,0x00000095,0x00000094,0x00050041,0x00000079,0x00000097,0x00000078,
	0x00000096,0x0004003d,0x00000006,0x00000098,0x00000097,0x000500c2,0x00000006,0x0000009a,
	0x00000098,0x00000099,0x00050080,0x00000006,0x0000009b,0x00000095,0x0000009a,0x0004007c,
	0x00000031,0x0000009c,0x0000009b,0x00050051,0x00000031,0x0000009e,0x00000091,0x00000000,
	0x00050051,0x00000031,0x0000009f,0x00000091,0x00000001,0x00060050,0x0000009d,0x000000a0,
	0x0000009e,0x0000009f,0x0000009c,0x0004003d,0x00000011,0x000000a1,0x00000016,0x00040063,
	0x0000008a,0x000000a0,0x000000a1,0x000200f9,0x00000086,0x000200f8,0x00000086,0x000100fd,
	0x00010038,0x00050036,0x00000007,0x0000001b,0x00000000,0x00000019,0x00030037,0x00000009,
	0x0000001a,0x000200f8,0x0000001c,0x0004003b,0x00000009,0x000000a2,0x00000007,0x0004003b,
	0x00000009,0x000000a7,0x00000007,0x0004003b,0x00000009,0x000000ac,0x00000007,0x0004003d,
	0x00000006,0x000000a3,0x0000001a,0x000500c2,0x00000006,0x000000a5,0x000000a3,0x000000a4,
	0x000500c7,0x00000006,0x000000a6,0x000000a5,0x00000036,0x0003003e,0x000000a2,0x000000a6,
	0x0004003d,0x00000006,0x000000a8,0x0000001a,0x000500c2,0x00000006,0x000000a9,0x000000a8,
	0x00000032,0x000500c7,0x00000006,0x000000ab,0x000000a9,0x000000aa,0x0003003e,0x000000a7,
	0x000000ab,0x0004003d,0x00000006,0x000000ad,0x0000001a,0x000500c7,0x00000006,0x000000ae,
	0x000000ad,0x00000036,0x0003003e,0x000000ac,0x000000ae,0x0004003d,0x00000006,0x000000af,
	0x000000a2,0x00050084,0x00000006,0x000000b1,0x000000af,0x000000b0,0x00050080,0x00000006,
	0x000000b3,0x000000b1,0x000000b2,0x000500c2,0x00000006,0x000000b5,0x000000b3,0x000000b4,
	0x0004003d,0x00000006,0x000000b6,0x000000a7,0x00050084,0x00000006,0x000000b8,0x000000b6,
	0x000000b7,0x00050080,0x00000006,0x000000ba,0x000000b8,0x000000b9,0x000500c2,0x00000006,
	0x000000bb,0x000000ba,0x000000b4,0x0004003d,0x00000006,0x000000bc,0x000000ac,0x00050084,
	0x00000006,0x000000bd,0x000000bc,0x000000b0,0x00050080,0x00000006,0x000000be,0x000000bd,
	0x000000b2,0x000500c2,0x00000006,0x000000bf,0x000000be,0x000000b4,0x00070050,0x00000007,
	0x000000c1,0x000000b5,0x000000bb,0x000000bf,0x000000c0,0x000200fe,0x000000c1,0x00010038,
	0x00050036,0x00000002,0x00000027,0x00000000,0x00000022,0x00030037,0x00000009,0x00000023,
	0x00030037,0x00000009,0x00000024,0x00030037,0x0000001e,0x00000025,0x00030037,0x00000021,
	0x00000026,0x000200f8,0x00000028,0x0004003b,0x00000009,0x000000c4,0x00000007,0x0004003b,
	0x00000009,0x000000c8,0x00000007,0x0004003b,0x00000009,0x000000cc,0x00000007,0x0004003b,
	0x00000009,0x000000d0,0x00000007,0x0004003b,0x00000009,0x000000d4,0x00000007,0x0004003b,
	0x00000009,0x000000d7,0x00000007,0x0004003b,0x00000009,0x000000db,0x00000007,0x0004003b,
	0x00000009,0x000000df,0x00000007,0x0004003b,0x000000e3,0x000000e4,0x00000007,0x0004003b,
	0x00000009,0x000000e6,0x00000007,0x0004003b,0x00000009,0x000000eb,0x00000007,0x0004003b,
	0x00000009,0x00000145,0x00000007,0x0004003d,0x00000006,0x000000c5,0x00000023,0x000500c7,
	0x00000006,0x000000c7,0x000000c5,0x000000c6,0x0003003e,0x000000c4,0x000000c7,0x0004003d,
	0x00000006,0x000000c9,0x00000023,0x000500c2,0x00000006,0x000000cb,0x000000c9,0x000000ca,
	0x0003003e,0x000000c8,0x000000cb,0x0004003d,0x00000006,0x000000cd,0x000000c4,0x000500c2,
	0x00000006,0x000000ce,0x000000cd,0x000000a4,0x000500c7,0x00000006,0x000000cf,0x000000ce,
	0x00000036,0x0003003e,0x000000cc,0x000000cf,0x0004003d,0x00000006,0x000000d1,0x000000c4,
	0x000500c2,0x00000006,0x000000d2,0x000000d1,0x00000032,0x000500c7,0x00000006,0x000000d3,
	0x000000d2,0x000000aa,0x0003003e,0x000000d0,0x000000d3,0x0004003d,0x00000006,0x000000d5,
	0x000000c4,0x000500c7,0x00000006,0x000000d6,0x000000d5,0x00000036,0x0003003e,0x000000d4,
	0x000000d6,0x0004003d,0x00000006,0x000000d8,0x000000c8,0x000500c2,0x00000006,0x000000d9,
	0x000000d8,0x000000a4,0x000500c7,0x00000006,0x000000da,0x000000d9,0x00000036,0x0003003e,
	0x000000d7,0x000000da,0x0004003d,0x00000006,0x000000dc,0x000000c8,0x000500c2,0x00000006,
	0x000000dd,0x000000dc,0x00000032,0x000500c7,0x00000006,0x000000de,0x000000dd,0x000000aa,
	0x0003003e,0x000000db,0x000000de,0x0004003d,0x00000006,0x000000e0,0x000000c8,0x000500c7,
	0x00000006,0x000000e1,0x000000e0,0x00000036,0x0003003e,0x000000df,0x000000e1,0x0004003d,
	0x00000006,0x000000e7,0x000000c4,0x0003003e,0x000000e6,0x000000e7,0x00050039,0x00000007,
	0x000000e8,0x0000001b,0x000000e6,0x00050041,0x00000008,0x000000e9,0x000000e4,0x000000e5,
	0x0003003e,0x000000e9,0x000000e8,0x0004003d,0x00000006,0x000000ec,0x000000c8,0x0003003e,
	0x000000eb,0x000000ec,0x00050039,0x00000007,0x000000ed,0x0000001b,0x000000eb,0x00050041,
	0x00000008,0x000000ee,0x000000e4,0x000000ea,0x0003003e,0x000000ee,0x000000ed,0x0004003d,
	0x00000006,0x000000ef,0x000000c4,0x0004003d,0x00000006,0x000000f0,0x000000c8,0x000500ac,
	0x0000001d,0x000000f1,0x000000ef,0x000000f0,0x0004003d,0x0000001d,0x000000f2,0x00000025,
	0x000500a6,0x0000001d,0x000000f3,0x000000f1,0x000000f2,0x000300f7,0x000000f5,0x00000000,
	0x000400fa,0x000000f3,0x000000f4,0x0000012a,0x000200f8,0x000000f4,0x0004003d,0x00000006,
	0x000000f7,0x000000cc,0x00050084,0x00000006,0x000000f8,0x00000092,0x000000f7,0x0004003d,
	0x00000006,0x000000f9,0x000000d7,0x00050080,0x00000006,0x000000fa,0x000000f8,0x000000f9,
	0x00050084,0x00000006,0x000000fc,0x000000fa,0x000000fb,0x00050080,0x00000006,0x000000fe,
	0x000000fc,0x000000fd,0x000500c2,0x00000006,0x00000100,0x000000fe,0x000000ff,0x0004003d,
	0x00000006,0x00000101,0x000000d0,0x00050084,0x00000006,0x00000102,0x00000092,0x00000101,
	0x0004003d,0x00000006,0x00000103,0x000000db,0x00050080,0x00000006,0x00000104,0x00000102,
	0x00000103,0x00050084,0x00000006,0x00000106,0x00000104,0x00000105,0x00050080,0x00000006,
	0x00000108,0x00000106,0x00000107,0x000500c2,0x00000006,0x00000109,0x00000108,0x000000a4,
	0x0004003d,0x00000006,0x0000010a,0x000000d4,0x00050084,0x00000006,0x0000010b,0x00000092,
	0x0000010a,0x0004003d,0x00000006,0x0000010c,0x000000df,0x00050080,0x00000006,0x0000010d,
	0x0000010b,0x0000010c,0x00050084,0x00000006,0x0000010e,0x0000010d,0x000000fb,0x00050080,
	0x00000006,0x0000010f,0x0000010e,0x000000fd,0x000500c2,0x00000006,0x00000110,0x0000010f,
	0x000000ff,0x00070050,0x00000007,0x00000111,0x00000100,0x00000109,0x00000110,0x000000c0,
	0x00050041,0x00000008,0x00000112,0x000000e4,0x000000f6,0x0003003e,0x00000112,0x00000111,
	0x0004003d,0x00000006,0x00000113,0x000000cc,0x0004003d,0x00000006,0x00000114,0x000000d7,
	0x00050084,0x00000006,0x00000115,0x00000114,0x00000092,0x00050080,0x00000006,0x00000116,
	0x00000113,0x00000115,0x00050084,0x00000006,0x00000117,0x00000116,0x000000fb,0x00050080,
	0x00000006,0x00000118,0x00000117,0x000000fd,0x000500c2,0x00000006,0x00000119,0x00000118,
	0x000000ff,0x0004003d,0x00000006,0x0000011a,0x000000d0,0x0004003d,0x00000006,0x0000011b,
	0x000000db,0x00050084,0x00000006,0x0000011c,0x0000011b,0x00000092,0x00050080,0x00000006,
	0x0000011d,0x0000011a,0x0000011c,0x00050084,0x00000006,0x0000011e,0x0000011d,0x00000105,
	0x00050080,0x00000006,0x0000011f,0x0000011e,0x00000107,0x000500c2,0x00000006,0x00000120,
	0x0000011f,0x000000a4,0x0004003d,0x00000006,0x00000121,0x000000d4,0x0004003d,0x00000006,
	0x00000122,0x000000df,0x00050084,0x00000006,0x00000123,0x00000122,0x00000092,0x00050080,
	0x00000006,0x00000124,0x00000121,0x00000123,0x00050084,0x00000006,0x00000125,0x00000124,
	0x000000fb,0x00050080,0x00000006,0x00000126,0x00000125,0x000000fd,0x000500c2,0x00000006,
	0x00000127,0x00000126,0x000000ff,0x00070050,0x00000007,0x00000128,0x00000119,0x00000120,
	0x00000127,0x000000c0,0x00050041,0x00000008,0x00000129,0x000000e4,0x00000096,0x0003003e,
	0x00000129,0x00000128,0x000200f9,0x000000f5,0x000200f8,0x0000012a,0x0004003d,0x00000006,
	0x0000012b,0x000000cc,0x0004003d,0x00000006,0x0000012c,0x000000d7,0x00050080,0x00000006,
	0x0000012d,0x0000012b,0x0000012c,0x00050084,0x00000006,0x0000012f,0x0000012d,0x0000012e,
	0x00050080,0x00000006,0x00000131,0x0000012f,0x00000130,0x000500c2,0x00000006,0x00000132,
	0x00000131,0x00000099,0x0004003d,0x00000006,0x00000133,0x000000d0,0x0004003d,0x00000006,
	0x00000134,0x000000db,0x00050080,0x00000006,0x00000135,0x00000133,0x00000134,0x00050084,
	0x00000006,0x00000137,0x00000135,0x00000136,0x00050080,0x00000006,0x00000139,0x00000137,
	0x00000138,0x000500c2,0x00000006,0x0000013a,0x00000139,0x000000a4,0x0004003d,0x00000006,
	0x0000013b,0x000000d4,0x0004003d,0x00000006,0x0000013c,0x000000df,0x00050080,0x00000006,
	0x0000013d,0x0000013b,0x0000013c,0x00050084,0x00000006,0x0000013e,0x0000013d,0x0000012e,
	0x00050080,0x00000006,0x0000013f,0x0000013e,0x00000130,0x000500c2,0x00000006,0x00000140,
	0x0000013f,0x00000099,0x00070050,0x00000007,0x00000141,0x00000132,0x0000013a,0x00000140,
	0x000000c0,0x00050041,0x00000008,0x00000142,0x000000e4,0x000000f6,0x0003003e,0x00000142,
	0x00000141,0x00050041,0x00000008,0x00000144,0x000000e4,0x00000096,0x0003003e,0x00000144,
	0x00000143,0x000200f9,0x000000f5,0x000200f8,0x000000f5,0x0003003e,0x00000145,0x0000002a,
	0x000200f9,0x00000146,0x000200f8,0x00000146,0x000400f6,0x00000148,0x00000149,0x00000000,
	0x000200f9,0x0000014a,0x000200f8,0x0000014a,0x0004003d,0x00000006,0x0000014b,0x00000145,
	0x000500b0,0x0000001d,0x0000014c,0x0000014b,0x0000001f,0x000400fa,0x0000014c,0x00000147,
	0x00000148,0x000200f8,0x00000147,0x0004003d,0x00000006,0x0000014d,0x00000145,0x0004003d,
	0x00000006,0x0000014e,0x00000024,0x0004003d,0x00000006,0x0000014f,0x00000145,0x00050084,
	0x00000006,0x00000150,0x00000092,0x0000014f,0x000500c2,0x00000006,0x00000151,0x0000014e,
	0x00000150,0x000500c7,0x00000006,0x00000152,0x00000151,0x00000044,0x00050041,0x00000008,
	0x00000153,0x000000e4,0x00000152,0x0004003d,0x00000007,0x00000154,0x00000153,0x00050041,
	0x00000008,0x00000155,0x00000026,0x0000014d,0x0003003e,0x00000155,0x00000154,0x000200f9,
	0x00000149,0x000200f8,0x00000149,0x0004003d,0x00000006,0x00000156,0x00000145,0x00050080,
	0x00000006,0x00000157,0x00000156,0x000000ea,0x0003003e,0x00000145,0x00000157,0x000200f9,
	0x00000146,0x000200f8,0x00000148,0x000100fd,0x00010038
};
	// 1115.1.0
static const uint32_t spv_bc3[] = {
	0x07230203,0x00010300,0x0008000b,0x0000035d,0x00000000,0x00020011,0x00000001,0x0006000b,
	0x00000001,0x4c534c47,0x6474732e,0x3035342e,0x00000000,0x0003000e,0x00000000,0x00000001,
	0x0006000f,0x00000005,0x00000004,0x6e69616d,0x00000000,0x0000006f,0x00060010,0x00000004,
	0x00000011,0x00000008,0x00000008,0x00000001,0x00030003,0x00000002,0x000001c2,0x000a0004,
	0x475f4c47,0x4c474f4f,0x70635f45,0x74735f70,0x5f656c79,0x656e696c,0x7269645f,0x69746365,
	0x00006576,0x00080004,0x475f4c47,0x4c474f4f,0x6e695f45,0x64756c63,0x69645f65,0x74636572,
	0x00657669,0x00040005,0x00000004,0x6e69616d,0x00000000,0x00060005,0x0000000e,0x73746962,
	0x34757628,0x3b31753b,0x003b3175,0x00030005,0x0000000b,0x00000062,0x00030005,0x0000000c,
	0x00736f70,0x00030005,0x0000000d,0x0000006e,0x00060005,0x00000017,0x28747570,0x753b3175,
	0x66763b31,0x00003b34,0x00030005,0x00000014,0x00007874,0x00030005,0x00000015,0x00007974,
	0x00030005,0x00000016,0x00000076,0x00050005,0x0000001b,0x35626772,0x75283536,0x00003b31,
	0x00030005,0x0000001a,0x00000063,0x000a0005,0x00000027,0x6f6c6f63,0x6c625f72,0x286b636f,
	0x753b3175,0x31623b31,0x3475763b,0x5d36315b,0x0000003b,0x00030005,0x00000023,0x00006f6c,
	0x00030005,0x00000024,0x00786469,0x00040005,0x00000025,0x7161706f,0x00006575,0x00040005,
	0x00000026,0x65786574,0x0000736c,0x00090005,0x0000002f,0x6f6f6d73,0x615f6874,0x6168706c,
	0x3b317528,0x753b3175,0x36315b31,0x00003b5d,0x00030005,0x0000002c,0x00006f6c,0x00030005,
	0x0000002d,0x00006968,0x00030005,0x0000002e,0x00000061,0x00030005,0x00000037,0x00006977,
	0x00030005,0x0000003c,0x0000006f,0x00030005,0x00000040,0x00000076,0x00030005,0x0000006c,
	0x006b6c62,0x00080005,0x0000006f,0x475f6c67,0x61626f6c,0x766e496c,0x7461636f,0x496e6f69,
	0x00000044,0x00030005,0x00000072,0x00000070,0x00030005,0x0000007e,0x00004350,0x00060006,
	0x0000007e,0x00000000,0x5f637273,0x64726f77,0x00000000,0x00060006,0x0000007e,0x00000001,
	0x5f776f72,0x636f6c62,0x0000736b,0x00070006,0x0000007e,0x00000002,0x6579616c,0x6c625f72,
	0x736b636f,0x00000000,0x00050006,0x0000007e,0x00000003,0x67616c66,0x00000073,0x00050006,
	0x0000007e,0x00000004,0x5f747364,0x0066666f,0x00050006,0x0000007e,0x00000005,0x65747865,
	0x0000746e,0x00030005,0x00000080,0x00006370,0x00030005,0x00000091,0x00747364,0x00030005,
	0x000000aa,0x00000072,0x00030005,0x000000af,0x00000067,0x00030005,0x000000b4,0x00000062,
	0x00030005,0x000000cc,0x00003063,0x00030005,0x000000d0,0x00003163,0x00030005,0x000000d4,
	0x00003072,0x00030005,0x000000d8,0x00003067,0x00030005,0x000000dc,0x00003062,0x00030005,
	0x000000df,0x00003172,0x00030005,0x000000e3,0x00003167,0x00030005,0x000000e7,0x00003162,
	0x00030005,0x000000ec,0x00666572,0x00040005,0x000000ee,0x61726170,0x0000006d,0x00040005,
	0x000000f3,0x61726170,0x0000006d,0x00030005,0x0000014d,0x00000074,0x00030005,0x00000160,
	0x00003061,0x00030005,0x00000163,0x00003161,0x00030005,0x0000016a,0x006c6170,0x00030005,
	0x000001bc,0x00000062,0x00030005,0x000001c0,0x00000074,0x00040005,0x000001cc,0x61726170,
	0x0000006d,0x00040005,0x000001ce,0x61726170,0x0000006d,0x00040005,0x000001cf,0x61726170,
	0x0000006d,0x00030005,0x000001d6,0x006b6c62,0x00040005,0x000001d9,0x6b6c626e,0x00000000,
	0x00040005,0x000001f2,0x64726f77,0x00000073,0x00040005,0x000001f3,0x65736162,0x00000000,
	0x00030005,0x00000207,0x00000062,0x00030005,0x00000209,0x00637253,0x00040006,0x00000209,
	0x00000000,0x00000077,0x00030005,0x0000020b,0x00637273,0x00030005,0x0000022b,0x006e6773,
	0x00030005,0x00000231,0x00786574,0x00040005,0x00000232,0x61726170,0x0000006d,0x00040005,
	0x00000235,0x61726170,0x0000006d,0x00040005,0x00000238,0x61726170,0x0000006d,0x00040005,
	0x00000239,0x61726170,0x0000006d,0x00030005,0x0000023d,0x00000061,0x00040005,0x0000023e,
	0x61726170,0x0000006d,0x00040005,0x00000241,0x61726170,0x0000006d,0x00040005,0x00000244,
	0x61726170,0x0000006d,0x00030005,0x00000247,0x00000074,0x00040005,0x00000264,0x61726170,
	0x0000006d,0x00040005,0x00000265,0x61726170,0x0000006d,0x00040005,0x00000266,0x61726170,
	0x0000006d,0x00040047,0x0000006f,0x0000000b,0x0000001c,0x00030047,0x0000007e,0x00000002,
	0x00050048,0x0000007e,0x00000000,0x00000023,0x00000000,0x00050048,0x0000007e,0x00000001,
	0x00000023,0x00000004,0x00050048,0x0000007e,0x00000002,0x00000023,0x00000008,0x00050048,
	0x0000007e,0x00000003,0x00000023,0x0000000c,0x00050048,0x0000007e,0x00000004,0x00000023,
	0x00000010,0x00050048,0x0000007e,0x00000005,0x00000023,0x00000018,0x00030047,0x00000091,
	0x00000019,0x00040047,0x00000091,0x00000021,0x00000001,0x00040047,0x00000091,0x00000022,
	0x00000000,0x00040047,0x00000208,0x00000006,0x00000004,0x00030047,0x00000209,0x00000002,
	0x00040048,0x00000209,0x00000000,0x00000018,0x00050048,0x00000209,0x00000000,0x00000023,
	0x00000000,0x00030047,0x0000020b,0x00000018,0x00040047,0x0000020b,0x00000021,0x00000000,
	0x00040047,0x0000020b,0x00000022,0x00000000,0x00040047,0x0000026a,0x0000000b,0x00000019,
	0x00020013,0x00000002,0x00030021,0x00000003,0x00000002,0x00040015,0x00000006,0x00000020,
	0x00000000,0x00040017,0x00000007,0x00000006,0x00000004,0x00040020,0x00000008,0x00000007,
	0x00000007,0x00040020,0x00000009,0x00000007,0x00000006,0x00060021,0x0000000a,0x00000006,
	0x00000008,0x00000009,0x00000009,0x00030016,0x00000010,0x00000020,0x00040017,0x00000011,
	0x00000010,0x00000004,0x00040020,0x00000012,0x00000007,0x00000011,0x00060021,0x00000013,
	0x00000002,0x00000009,0x00000009,0x00000012,0x00040021,0x00000019,0x00000007,0x00000009,
	0x00020014,0x0000001d,0x00040020,0x0000001e,0x00000007,0x0000001d,0x0004002b,0x00000006,
	0x0000001f,0x00000010,0x0004001c,0x00000020,0x00000007,0x0000001f,0x00040020,0x00000021,
	0x00000007,0x00000020,0x00070021,0x00000022,0x00000002,0x00000009,0x00000009,0x0000001e,
	0x00000021,0x0004001c,0x00000029,0x00000006,0x0000001f,0x00040020,0x0000002a,0x00000007,
	0x00000029,0x00060021,0x0000002b,0x00000002,0x00000009,0x00000009,0x0000002a,0x0004002b,
	0x00000006,0x00000032,0x00000000,0x00040015,0x00000039,0x00000020,0x00000001,0x0004002b,
	0x00000039,0x0000003a,0x00000005,0x0004002b,0x00000006,0x0000003e,0x0000001f,0x0004002b,
	0x00000006,0x00000049,0x00000020,0x0004002b,0x00000006,0x0000004c,0x00000003,0x0004002b,
	0x00000006,0x00000052,0x00000001,0x00040017,0x0000006a,0x00000006,0x00000002,0x00040020,
	0x0000006b,0x00000007,0x0000006a,0x00040017,0x0000006d,0x00000006,0x00000003,0x00040020,
	0x0000006e,0x00000001,0x0000006d,0x0004003b,0x0000006e,0x0000006f,0x00000001,0x0004002b,
	0x00000006,0x00000074,0x00000004,0x00040017,0x0000007d,0x00000039,0x00000002,0x0008001e,
	0x0000007e,0x00000006,0x00000006,0x00000006,0x00000006,0x0000007d,0x0000006a,0x00040020,
	0x0000007f,0x00000009,0x0000007e,0x0004003b,0x0000007f,0x00000080,0x00000009,0x00040020,
	0x00000081,0x00000009,0x00000006,0x00090019,0x0000008f,0x00000010,0x00000001,0x00000000,
	0x00000001,0x00000000,0x00000002,0x00000004,0x00040020,0x00000090,0x00000000,0x0000008f,
	0x0004003b,0x00000090,0x00000091,0x00000000,0x0004002b,0x00000039,0x00000093,0x00000004,
	0x00040020,0x00000094,0x00000009,0x0000007d,0x0004002b,0x00000006,0x0000009a,0x00000002,
	0x00040020,0x0000009b,0x00000001,0x00000006,0x0004002b,0x00000039,0x0000009e,0x00000003,
	0x0004002b,0x00000039,0x000000a1,0x00000008,0x00040017,0x000000a5,0x00000039,0x00000003,
	0x0004002b,0x00000039,0x000000ac,0x0000000b,0x0004002b,0x00000006,0x000000b2,0x0000003f,
	0x0004002b,0x00000006,0x000000b8,0x0000020f,0x0004002b,0x00000006,0x000000ba,0x00000017,
	0x0004002b,0x00000039,0x000000bc,0x00000006,0x0004002b,0x00000006,0x000000bf,0x00000103,
	0x0004002b,0x00000006,0x000000c1,0x00000021,0x0004002b,0x00000006,0x000000c8,0x000000ff,
	0x0004002b,0x00000006,0x000000ce,0x0000ffff,0x0004002b,0x00000039,0x000000d2,0x00000010,
	0x0004001c,0x000000ea,0x00000007,0x00000074,0x00040020,0x000000eb,0x00000007,0x000000ea,
	0x0004002b,0x00000039,0x000000ed,0x00000000,0x0004002b,0x00000039,0x000000f2,0x00000001,
	0x0004002b,0x00000039,0x000000fe,0x00000002,0x0004002b,0x00000006,0x00000103,0x0000015f,
	0x0004002b,0x00000006,0x00000105,0x0000003d,0x0004002b,0x00000039,0x00000107,0x00000007,
	0x0004002b,0x00000006,0x0000010d,0x00000acb,0x0004002b,0x00000006,0x0000010f,0x0000040f,
	0x0004002b,0x00000006,0x00000136,0x0000041d,0x0004002b,0x00000006,0x00000138,0x0000007d,
	0x0004002b,0x00000006,0x0000013e,0x00001031,0x0004002b,0x00000006,0x00000140,0x000003fb,
	0x0007002c,0x00000007,0x0000014b,0x00000032,0x00000032,0x00000032,0x00000032,0x0004002b,
	0x00000006,0x00000167,0x00000008,0x0004001c,0x00000168,0x00000006,0x00000167,0x00040020,
	0x00000169,0x00000007,0x00000168,0x0004002b,0x00000006,0x00000174,0x00000006,0x0004002b,
	0x00000006,0x00000179,0x00000007,0x0004002b,0x00000006,0x0000017c,0x00000005,0x00040020,
	0x000001da,0x00000009,0x0000006a,0x0003001d,0x00000208,0x00000006,0x0003001e,0x00000209,
	0x00000208,0x00040020,0x0000020a,0x0000000c,0x00000209,0x0004003b,0x0000020a,0x0000020b,
	0x0000000c,0x00040020,0x0000020d,0x0000000c,0x00000006,0x00030029,0x0000001d,0x00000230,
	0x00040017,0x00000257,0x00000010,0x00000003,0x0004002b,0x00000010,0x00000261,0x437f0000,
	0x0006002c,0x0000006d,0x0000026a,0x00000167,0x00000167,0x00000052,0x0004001c,0x0000026b,
	0x00000039,0x00000049,0x0004002b,0x00000039,0x0000026c,0x0000000a,0x0004002b,0x00000039,
	0x0000026d,0xffffffff,0x0004002b,0x00000039,0x0000026e,0x0000000c,0x0004002b,0x00000039,
	0x0000026f,0x0000000d,0x0004002b,0x00000039,0x00000270,0x00000009,0x0023002c,0x0000026b,
	0x00000271,0x000000ed,0x000000f2,0x000000fe,0x0000026c,0x0000026d,0x0000026d,0x0000009e,
	0x000000ac,0x0000026d,0x0000026d,0x00000093,0x0000026e,0x0000026d,0x0000026d,0x0000003a,
	0x0000026f,0x0000026d,0x0000026d,0x000000bc,0x0000026d,0x0000026d,0x0000026d,0x00000107,
	0x0000026d,0x0000026d,0x0000026d,0x000000a1,0x0000026d,0x0000026d,0x0000026d,0x00000270,
	0x0000026d,0x0004002b,0x00000006,0x00000272,0x0000000f,0x0004001c,0x00000273,0x00000006,
	0x00000272,0x0004002b,0x00000006,0x00000274,0x00000014,0x0004002b,0x00000006,0x00000275,
	0x0000002c,0x0004002b,0x00000006,0x00000276,0x00000054,0x0004002b,0x00000006,0x00000277,
	0x00000069,0x0004002b,0x00000006,0x00000278,0x00000091,0x0004002b,0x00000006,0x00000279,
	0x000000a7,0x0004002b,0x00000006,0x0000027a,0x000000bd,0x0004002b,0x00000006,0x0000027b,
	0x000000d5,0x0004002b,0x00000006,0x0000027c,0x000000db,0x0004002b,0x00000006,0x0000027d,
	0x000000e4,0x0004002b,0x00000006,0x0000027e,0x000000ed,0x0004002b,0x00000006,0x0000027f,
	0x000000f6,0x0012002c,0x00000273,0x00000280,0x00000032,0x00000274,0x00000275,0x000000b2,
	0x00000276,0x00000277,0x00000138,0x00000278,0x00000279,0x0000027a,0x0000027b,0x0000027c,
	0x0000027d,0x0000027e,0x0000027f,0x0004001c,0x00000281,0x00000006,0x0000027f,0x0004002b,
	0x00000006,0x00000282,0x00000816,0x0004002b,0x00000006,0x00000283,0x0000081a,0x0004002b,
	0x00000006,0x00000284,0x0000081b,0x0004002b,0x00000006,0x00000285,0x000000a0,0x0004002b,
	0x00000006,0x00000286,0x000000a4,0x0004002b,0x00000006,0x00000287,0x000000a8,0x0004002b,
	0x00000006,0x00000288,0x00000051,0x0004002b,0x00000006,0x00000289,0x00000817,0x0004002b,
	0x00000006,0x0000028a,0x00000046,0x0004002b,0x00000006,0x0000028b,0x00000055,0x0004002b,
	0x00000006,0x0000028c,0x0000001b,0x0004002b,0x00000006,0x0000028d,0x00000047,0x0004002b,
	0x00000006,0x0000028e,0x00000059,0x0004002b,0x00000006,0x0000028f,0x0000021b,0x0004002b,
	0x00000006,0x00000290,0x0000004a,0x0004002b,0x00000006,0x00000291,0x00000052,0x0004002b,
	0x00000006,0x00000292,0x0000041b,0x0004002b,0x00000006,0x00000293,0x00000053,0x0004002b,
	0x00000006,0x00000294,0x0000061b,0x0004002b,0x00000006,0x00000295,0x0000005c,0x0004002b,
	0x00000006,0x00000296,0x00000a16,0x0004002b,0x00000006,0x00000297,0x00000a17,0x0004002b,
	0x00000006,0x00000298,0x00000070,0x0004002b,0x00000006,0x00000299,0x00000074,0x0004002b,
	0x00000006,0x0000029a,0x00000a1a,0x0004002b,0x00000006,0x0000029b,0x00000078,0x0004002b,
	0x00000006,0x0000029c,0x00000a1b,0x0004002b,0x00000006,0x0000029d,0x00000061,0x0004002b,
	0x00000006,0x0000029e,0x00000065,0x0004002b,0x00000006,0x0000029f,0x00000062,0x0004002b,
	0x00000006,0x000002a0,0x00000063,0x0004002b,0x00000006,0x000002a1,0x00001410,0x0004002b,
	0x00000006,0x000002a2,0x00000045,0x0004002b,0x00000006,0x000002a3,0x00001414,0x0004002b,
	0x00000006,0x000002a4,0x00000049,0x0004002b,0x00000006,0x000002a5,0x00001418,0x0004002b,
	0x00000006,0x000002a6,0x00000041,0x0004002b,0x00000006,0x000002a7,0x00000042,0x0004002b,
	0x00000006,0x000002a8,0x00000043,0x0004002b,0x00000006,0x000002a9,0x00000090,0x0004002b,
	0x00000006,0x000002aa,0x00000094,0x0004002b,0x00000006,0x000002ab,0x00000098,0x0004002b,
	0x00000006,0x000002ac,0x00000080,0x0004002b,0x00000006,0x000002ad,0x00000084,0x0004002b,
	0x00000006,0x000002ae,0x00000088,0x0004002b,0x00000006,0x000002af,0x00000060,0x0004002b,
	0x00000006,0x000002b0,0x00000064,0x0004002b,0x00000006,0x000002b1,0x00000068,0x0004002b,
	0x00000006,0x000002b2,0x000000a1,0x0004002b,0x00000006,0x000002b3,0x000000a5,0x0004002b,
	0x00000006,0x000002b4,0x000000a9,0x0004002b,0x00000006,0x000002b5,0x00000095,0x0004002b,
	0x00000006,0x000002b6,0x00000099,0x0004002b,0x00000006,0x000002b7,0x00000081,0x0004002b,
	0x00000006,0x000002b8,0x00005420,0x0004002b,0x00000006,0x000002b9,0x00000085,0x0004002b,
	0x00000006,0x000002ba,0x00005424,0x0004002b,0x00000006,0x000002bb,0x00000089,0x0004002b,
	0x00000006,0x000002bc,0x00005428,0x0004002b,0x00000006,0x000002bd,0x00005460,0x0004002b,
	0x00000006,0x000002be,0x00005464,0x0004002b,0x00000006,0x000002bf,0x00005468,0x00f9002c,
	0x00000281,0x000002c0,0x00000282,0x00000283,0x00000284,0x00000285,0x00000286,0x00000287,
	0x00000288,0x00000289,0x0000028a,0x0000028b,0x0000028c,0x0000028d,0x0000028e,0x0000028f,
	0x00000290,0x00000291,0x00000292,0x00000293,0x00000294,0x00000295,0x00000296,0x00000289,
	0x00000297,0x00000298,0x0000028c,0x0000028f,0x00000283,0x00000299,0x0000029a,0x00000292,
	0x00000282,0x0000029b,0x00000294,0x0000029c,0x00000284,0x0000029d,0x0000028a,0x0000029e,
	0x0000028d,0x00000277,0x00000290,0x0000029f,0x000002a0,0x00000295,0x00000285,0x00000286,
	0x00000287,0x00000288,0x000002a1,0x0000028a,0x000002a2,0x000002a3,0x0000028c,0x0000028d,
	0x000002a4,0x000002a5,0x0000028f,0x00000290,0x00000291,0x00000292,0x00000293,0x00000294,
	0x00000295,0x00000285,0x00000286,0x00000287,0x000002a6,0x000002a1,0x00000289,0x0000028a,
	0x0000028b,0x000002a3,0x0000028d,0x000002a4,0x000002a5,0x0000028f,0x00000290,0x000002a7,
	0x0000028c,0x00000292,0x000002a8,0x00000282,0x00000294,0x00000295,0x00000285,0x00000286,
	0x00000287,0x000002a6,0x000002a1,0x00000283,0x0000028a,0x000002a2,0x000002a3,0x0000028c,
	0x0000028d,0x0000028e,0x000002a5,0x00000290,0x000002a7,0x0000028f,0x00000292,0x000002a8,
	0x00000284,0x00000294,0x00000295,0x000002a9,0x00000283,0x000002aa,0x00000282,0x000002ab,
	0x00000284,0x00000288,0x00000289,0x0000028a,0x0000028b,0x0000028c,0x0000028d,0x0000028e,
	0x0000028f,0x00000290,0x00000291,0x00000292,0x00000293,0x00000294,0x00000295,0x000002ac,
	0x00000289,0x00000283,0x000002ad,0x00000292,0x00000282,0x000002ae,0x00000294,0x00000284,
	0x0000029d,0x0000028a,0x0000028b,0x0000028c,0x0000028d,0x0000028e,0x0000028f,0x00000290,
	0x0000029f,0x000002a0,0x00000295,0x000002ac,0x0000028c,0x00000283,0x000002ad,0x00000296,
	0x00000282,0x000002ae,0x00000297,0x00000284,0x00000288,0x00000289,0x0000028a,0x0000029e,
	0x0000028d,0x0000028e,0x0000028f,0x00000290,0x00000291,0x00000292,0x00000293,0x00000294,
	0x00000295,0x000002ac,0x0000028f,0x00000283,0x000002ad,0x0000029a,0x00000282,0x000002ae,
	0x0000029c,0x00000284,0x00000288,0x00000289,0x0000028a,0x0000028b,0x0000028c,0x0000028d,
	0x00000277,0x00000290,0x00000291,0x00000292,0x00000293,0x00000294,0x00000295,0x000002af,
	0x00000289,0x0000028c,0x0000028f,0x00000283,0x000002b0,0x00000296,0x0000029a,0x00000292,
	0x00000282,0x000002b1,0x00000297,0x00000294,0x0000029c,0x00000284,0x0000029d,0x0000028a,
	0x0000029e,0x0000028d,0x00000277,0x00000290,0x0000029f,0x000002a0,0x00000295,0x00000285,
	0x00000286,0x00000287,0x000002b2,0x000002b3,0x000002b4,0x00000285,0x00000286,0x00000287,
	0x00000278,0x000002a1,0x000002b5,0x000002a3,0x000002b6,0x000002a5,0x00000285,0x00000286,
	0x00000287,0x000002b7,0x000002b8,0x000002b9,0x000002ba,0x000002bb,0x000002bc,0x00000285,
	0x00000286,0x00000287,0x000002a6,0x000002bd,0x000002a2,0x000002be,0x000002a4,0x000002bf,
	0x0004002b,0x00000006,0x000002c1,0x0000000e,0x0004001c,0x000002c2,0x00000039,0x000002c1,
	0x0011002c,0x000002c2,0x000002c3,0x0000026c,0x00000107,0x000000ac,0x000000ac,0x000000ac,
	0x00000270,0x000000a1,0x000000a1,0x000000a1,0x000000bc,0x0000026c,0x000000ac,0x0000026e,
	0x000000d2,0x0011002c,0x000002c2,0x000002c4,0x0000003a,0x000000bc,0x0000003a,0x00000093,
	0x00000093,0x0000003a,0x000000bc,0x0000003a,0x0000003a,0x000000bc,0x0000026c,0x00000270,
	0x000000a1,0x00000093,0x0011002c,0x000002c2,0x000002c5,0x0000003a,0x000000bc,0x00000093,
	0x0000003a,0x00000093,0x0000003a,0x0000003a,0x000000bc,0x0000003a,0x000000bc,0x0000026c,
	0x00000270,0x000000a1,0x00000093,0x0011002c,0x000002c2,0x000002c6,0x0000003a,0x000000bc,
	0x00000093,0x00000093,0x0000003a,0x0000003a,0x0000003a,0x0000003a,0x000000bc,0x000000bc,
	0x0000026c,0x00000270,0x000000a1,0x00000093,0x0004002b,0x00000006,0x000002c7,0x00000040,
	0x0004001c,0x000002c8,0x00000006,0x000002c7,0x0004002b,0x00000006,0x000002c9,0x50505050,
	0x0004002b,0x00000006,0x000002ca,0x40404040,0x0004002b,0x00000006,0x000002cb,0x54545454,
	0x0004002b,0x00000006,0x000002cc,0x54505040,0x0004002b,0x00000006,0x000002cd,0x50404000,
	0x0004002b,0x00000006,0x000002ce,0x55545450,0x0004002b,0x00000006,0x000002cf,0x55545040,
	0x0004002b,0x00000006,0x000002d0,0x54504000,0x0004002b,0x00000006,0x000002d1,0x50400000,
	0x0004002b,0x00000006,0x000002d2,0x55555450,0x0004002b,0x00000006,0x000002d3,0x55544000,
	0x0004002b,0x00000006,0x000002d4,0x54400000,0x0004002b,0x00000006,0x000002d5,0x55555440,
	0x0004002b,0x00000006,0x000002d6,0x55550000,0x0004002b,0x00000006,0x000002d7,0x55555500,
	0x0004002b,0x00000006,0x000002d8,0x55000000,0x0004002b,0x00000006,0x000002d9,0x55150100,
	0x0004002b,0x00000006,0x000002da,0x00004054,0x0004002b,0x00000006,0x000002db,0x15010000,
	0x0004002b,0x00000006,0x000002dc,0x00405054,0x0004002b,0x00000006,0x000002dd,0x00004050,
	0x0004002b,0x00000006,0x000002de,0x15050100,0x0004002b,0x00000006,0x000002df,0x05010000,
	0x0004002b,0x00000006,0x000002e0,0x40505054,0x0004002b,0x00000006,0x000002e1,0x00404050,
	0x0004002b,0x00000006,0x000002e2,0x05010100,0x0004002b,0x00000006,0x000002e3,0x14141414,
	0x0004002b,0x00000006,0x000002e4,0x05141450,0x0004002b,0x00000006,0x000002e5,0x01155440,
	0x0004002b,0x00000006,0x000002e6,0x00555500,0x0004002b,0x00000006,0x000002e7,0x15014054,
	0x0004002b,0x00000006,0x000002e8,0x05414150,0x0004002b,0x00000006,0x000002e9,0x44444444,
	0x0004002b,0x00000006,0x000002ea,0x55005500,0x0004002b,0x00000006,0x000002eb,0x11441144,
	0x0004002b,0x00000006,0x000002ec,0x05055050,0x0004002b,0x00000006,0x000002ed,0x05500550,
	0x0004002b,0x00000006,0x000002ee,0x11114444,0x0004002b,0x00000006,0x000002ef,0x41144114,
	0x0004002b,0x00000006,0x000002f0,0x44111144,0x0004002b,0x00000006,0x000002f1,0x15055054,
	0x0004002b,0x00000006,0x000002f2,0x01055040,0x0004002b,0x00000006,0x000002f3,0x05041050,
	0x0004002b,0x00000006,0x000002f4,0x05455150,0x0004002b,0x00000006,0x000002f5,0x14414114,
	0x0004002b,0x00000006,0x000002f6,0x50050550,0x0004002b,0x00000006,0x000002f7,0x41411414,
	0x0004002b,0x00000006,0x000002f8,0x00141400,0x0004002b,0x00000006,0x000002f9,0x00041504,
	0x0004002b,0x00000006,0x000002fa,0x00105410,0x0004002b,0x00000006,0x000002fb,0x10541000,
	0x0004002b,0x00000006,0x000002fc,0x04150400,0x0004002b,0x00000006,0x000002fd,0x50410514,
	0x0004002b,0x00000006,0x000002fe,0x41051450,0x0004002b,0x00000006,0x000002ff,0x05415014,
	0x0004002b,0x00000006,0x00000300,0x14054150,0x0004002b,0x00000006,0x00000301,0x41050514,
	0x0004002b,0x00000006,0x00000302,0x41505014,0x0004002b,0x00000006,0x00000303,0x40011554,
	0x0004002b,0x00000006,0x00000304,0x54150140,0x0004002b,0x00000006,0x00000305,0x50505500,
	0x0004002b,0x00000006,0x00000306,0x00555050,0x0004002b,0x00000006,0x00000307,0x15151010,
	0x0004002b,0x00000006,0x00000308,0x54540404,0x0043002c,0x000002c8,0x00000309,0x000002c9,
	0x000002ca,0x000002cb,0x000002cc,0x000002cd,0x000002ce,0x000002cf,0x000002d0,0x000002d1,
	0x000002d2,0x000002d3,0x000002d4,0x000002d5,0x000002d6,0x000002d7,0x000002d8,0x000002d9,
	0x000002da,0x000002db,0x000002dc,0x000002dd,0x000002de,0x000002df,0x000002e0,0x000002e1,
	0x000002e2,0x000002e3,0x000002e4,0x000002e5,0x000002e6,0x000002e7,0x000002e8,0x000002e9,
	0x000002ea,0x000002eb,0x000002ec,0x000002ed,0x000002ee,0x000002ef,0x000002f0,0x000002f1,
	0x000002f2,0x000002f3,0x000002f4,0x000002f5,0x000002f6,0x000002f7,0x000002f8,0x000002f9,
	0x000002fa,0x000002fb,0x000002fc,0x000002fd,0x000002fe,0x000002ff,0x00000300,0x00000301,
	0x00000302,0x00000303,0x00000304,0x00000305,0x00000306,0x00000307,0x00000308,0x0043002c,
	0x000002c8,0x0000030a,0x00000272,0x00000272,0x00000272,0x00000272,0x00000272,0x00000272,
	0x00000272,0x00000272,0x00000272,0x00000272,0x00000272,0x00000272,0x00000272,0x00000272,
	0x00000272,0x00000272,0x00000272,0x0000009a,0x00000167,0x0000009a,0x0000009a,0x00000167,
	0x00000167,0x00000272,0x0000009a,0x00000167,0x0000009a,0x0000009a,0x00000167,0x00000167,
	0x0000009a,0x0000009a,0x00000272,0x00000272,0x00000174,0x00000167,0x0000009a,0x00000167,
	0x00000272,0x00000272,0x0000009a,0x00000167,0x0000009a,0x0000009a,0x0000009a,0x00000272,
	0x00000272,0x00000174,0x00000174,0x0000009a,0x00000174,0x00000167,0x00000272,0x00000272,
	0x0000009a,0x0000009a,0x00000272,0x00000272,0x00000272,0x00000272,0x00000272,0x0000009a,
	0x0000009a,0x00000272,0x0004002b,0x00000006,0x0000030b,0xaa685050,0x0004002b,0x00000006,
	0x0000030c,0x6a5a5040,0x0004002b,0x00000006,0x0000030d,0x5a5a4200,0x0004002b,0x00000006,
	0x0000030e,0x5450a0a8,0x0004002b,0x00000006,0x0000030f,0xa5a50000,0x0004002b,0x00000006,
	0x00000310,0xa0a05050,0x0004002b,0x00000006,0x00000311,0x5555a0a0,0x0004002b,0x00000006,
	0x00000312,0x5a5a5050,0x0004002b,0x00000006,0x00000313,0xaa550000,0x0004002b,0x00000006,
	0x00000314,0xaa555500,0x0004002b,0x00000006,0x00000315,0xaaaa5500,0x0004002b,0x00000006,
	0x00000316,0x90909090,0x0004002b,0x00000006,0x00000317,0x94949494,0x0004002b,0x00000006,
	0x00000318,0xa4a4a4a4,0x0004002b,0x00000006,0x00000319,0xa9a59450,0x0004002b,0x00000006,
	0x0000031a,0x2a0a4250,0x0004002b,0x00000006,0x0000031b,0xa5945040,0x0004002b,0x00000006,
	0x0000031c,0x0a425054,0x0004002b,0x00000006,0x0000031d,0xa5a5a500,0x0004002b,0x00000006,
	0x0000031e,0x55a0a0a0,0x0004002b,0x00000006,0x0000031f,0xa8a85454,0x0004002b,0x00000006,
	0x00000320,0x6a6a4040,0x0004002b,0x00000006,0x00000321,0xa4a45000,0x0004002b,0x00000006,
	0x00000322,0x1a1a0500,0x0004002b,0x00000006,0x00000323,0x0050a4a4,0x0004002b,0x00000006,
	0x00000324,0xaaa59090,0x0004002b,0x00000006,0x00000325,0x14696914,0x0004002b,0x00000006,
	0x00000326,0x69691400,0x0004002b,0x00000006,0x00000327,0xa08585a0,0x0004002b,0x00000006,
	0x00000328,0xaa821414,0x0004002b,0x00000006,0x00000329,0x50a4a450,0x0004002b,0x00000006,
	0x0000032a,0x6a5a0200,0x0004002b,0x00000006,0x0000032b,0xa9a58000,0x0004002b,0x00000006,
	0x0000032c,0x5090a0a8,0x0004002b,0x00000006,0x0000032d,0xa8a09050,0x0004002b,0x00000006,
	0x0000032e,0x24242424,0x0004002b,0x00000006,0x0000032f,0x00aa5500,0x0004002b,0x00000006,
	0x00000330,0x24924924,0x0004002b,0x00000006,0x00000331,0x24499224,0x0004002b,0x00000006,
	0x00000332,0x50a50a50,0x0004002b,0x00000006,0x00000333,0x500aa550,0x0004002b,0x00000006,
	0x00000334,0xaaaa4444,0x0004002b,0x00000006,0x00000335,0x66660000,0x0004002b,0x00000006,
	0x00000336,0xa5a0a5a0,0x0004002b,0x00000006,0x00000337,0x50a050a0,0x0004002b,0x00000006,
	0x00000338,0x69286928,0x0004002b,0x00000006,0x00000339,0x44aaaa44,0x0004002b,0x00000006,
	0x0000033a,0x66666600,0x0004002b,0x00000006,0x0000033b,0xaa444444,0x0004002b,0x00000006,
	0x0000033c,0x54a854a8,0x0004002b,0x00000006,0x0000033d,0x95809580,0x0004002b,0x00000006,
	0x0000033e,0x96969600,0x0004002b,0x00000006,0x0000033f,0xa85454a8,0x0004002b,0x00000006,
	0x00000340,0x80959580,0x0004002b,0x00000006,0x00000341,0xaa141414,0x0004002b,0x00000006,
	0x00000342,0x96960000,0x0004002b,0x00000006,0x00000343,0xaaaa1414,0x0004002b,0x00000006,
	0x00000344,0xa05050a0,0x0004002b,0x00000006,0x00000345,0xa0a5a5a0,0x0004002b,0x00000006,
	0x00000346,0x96000000,0x0004002b,0x00000006,0x00000347,0x40804080,0x0004002b,0x00000006,
	0x00000348,0xa9a8a9a8,0x0004002b,0x00000006,0x00000349,0xaaaaaa44,0x0004002b,0x00000006,
	0x0000034a,0x2a4a5254,0x0043002c,0x000002c8,0x0000034b,0x0000030b,0x0000030c,0x0000030d,
	0x0000030e,0x0000030f,0x00000310,0x00000311,0x00000312,0x00000313,0x00000314,0x00000315,
	0x00000316,0x00000317,0x00000318,0x00000319,0x0000031a,0x0000031b,0x0000031c,0x0000031d,
	0x0000031e,0x0000031f,0x00000320,0x00000321,0x00000322,0x00000323,0x00000324,0x00000325,
	0x00000326,0x00000327,0x00000328,0x00000329,0x0000032a,0x0000032b,0x0000032c,0x0000032d,
	0x0000032e,0x0000032f,0x00000330,0x00000331,0x00000332,0x00000333,0x00000334,0x00000335,
	0x00000336,0x00000337,0x00000338,0x00000339,0x0000033a,0x0000033b,0x0000033c,0x0000033d,
	0x0000033e,0x0000033f,0x00000340,0x00000341,0x00000342,0x00000343,0x00000344,0x00000345,
	0x00000346,0x00000347,0x00000348,0x00000349,0x0000034a,0x0004002b,0x00000006,0x0000034c,
	0x000000f3,0x0004002b,0x00000006,0x0000034d,0x00000083,0x0004002b,0x00000006,0x0000034e,
	0x0000008f,0x0004002b,0x00000006,0x0000034f,0x000000f8,0x0004002b,0x00000006,0x00000350,
	0x000000f5,0x0004002b,0x00000006,0x00000351,0x0000008a,0x0004002b,0x00000006,0x00000352,
	0x00000035,0x0004002b,0x00000006,0x00000353,0x000000a6,0x0004002b,0x00000006,0x00000354,
	0x000000af,0x0004002b,0x00000006,0x00000355,0x0000006f,0x0004002b,0x00000006,0x00000356,
	0x000000fa,0x0004002b,0x00000006,0x00000357,0x000000fd,0x0004002b,0x00000006,0x00000358,
	0x000000fc,0x0043002c,0x000002c8,0x00000359,0x0000034c,0x0000034d,0x0000034e,0x000000b2,
	0x0000034f,0x0000034c,0x000000b2,0x0000034e,0x0000034f,0x0000034f,0x0000027f,0x0000027f,
	0x0000027f,0x00000350,0x0000034c,0x0000034d,0x0000034c,0x0000034d,0x0000034f,0x000000b2,
	0x0000034c,0x0000034d,0x0000027f,0x00000351,0x00000352,0x0000034f,0x000002b1,0x00000353,
	0x0000034f,0x00000350,0x00000354,0x0000034e,0x0000034f,0x000000b2,0x0000034c,0x000002b3,
	0x00000353,0x00000351,0x000002ab,0x00000354,0x00000355,0x0000034c,0x0000034e,0x00000350,
	0x000000b2,0x00000355,0x00000355,0x0000034e,0x0000034c,0x000000b2,0x00000350,0x00000350,
	0x00000350,0x0000034f,0x00000350,0x00000356,0x00000350,0x00000356,0x0000034f,0x00000357,
	0x000000b2,0x00000358,0x0000034c,0x0000034d,0x0004001c,0x0000035a,0x00000039,0x00000167,
	0x000b002c,0x0000035a,0x0000035b,0x00000093,0x000000bc,0x0000003a,0x00000107,0x0000003a,
	0x00000107,0x00000107,0x0000003a,0x000b002c,0x0000035a,0x0000035c,0x000000ed,0x000000ed,
	0x000000ed,0x000000ed,0x000000bc,0x000000a1,0x00000107,0x0000003a,0x00050036,0x00000002,
	0x00000004,0x00000000,0x00000003,0x000200f8,0x00000005,0x0004003b,0x0000006b,0x000001d6,
	0x00000007,0x0004003b,0x0000006b,0x000001d9,0x00000007,0x0004003b,0x00000009,0x000001f2,
	0x00000007,0x0004003b,0x00000009,0x000001f3,0x00000007,0x0004003b,0x00000008,0x00000207,
	0x00000007,0x0004003b,0x00000009,0x00000216,0x00000007,0x0004003b,0x00000009,0x00000221,
	0x00000007,0x0004003b,0x0000001e,0x0000022b,0x00000007,0x0004003b,0x00000021,0x00000231,
	0x00000007,0x0004003b,0x00000009,0x00000232,0x00000007,0x0004003b,0x00000009,0x00000235,
	0x00000007,0x0004003b,0x0000001e,0x00000238,0x00000007,0x0004003b,0x00000021,0x00000239,
	0x00000007,0x0004003b,0x0000002a,0x0000023d,0x00000007,0x0004003b,0x00000009,0x0000023e,
	0x00000007,0x0004003b,0x00000009,0x00000241,0x00000007,0x0004003b,0x0000002a,0x00000244,
	0x00000007,0x0004003b,0x00000009,0x00000247,0x00000007,0x0004003b,0x00000009,0x00000264,
	0x00000007,0x0004003b,0x00000009,0x00000265,0x00000007,0x0004003b,0x00000012,0x00000266,
	0x00000007,0x0004003d,0x0000006d,0x000001d7,0x0000006f,0x0007004f,0x0000006a,0x000001d8,
	0x000001d7,0x000001d7,0x00000000,0x00000001,0x0003003e,0x000001d6,0x000001d8,0x00050041,
	0x000001da,0x000001db,0x00000080,0x0000003a,0x0004003d,0x0000006a,0x000001dc,0x000001db,
	0x00050050,0x0000006a,0x000001dd,0x0000004c,0x0000004c,0x00050080,0x0000006a,0x000001de,
	0x000001dc,0x000001dd,0x00050050,0x0000006a,0x000001df,0x00000074,0x00000074,0x00050086,
	0x0000006a,0x000001e0,0x000001de,0x000001df,0x0003003e,0x000001d9,0x000001e0,0x00050041,
	0x00000009,0x000001e1,0x000001d6,0x00000032,0x0004003d,0x00000006,0x000001e2,0x000001e1,
	0x00050041,0x00000009,0x000001e3,0x000001d9,0x00000032,0x0004003d,0x00000006,0x000001e4,
	0x000001e3,0x000500ae,0x0000001d,0x000001e5,0x000001e2,0x000001e4,0x000400a8,0x0000001d,
	0x000001e6,0x000001e5,0x000300f7,0x000001e8,0x00000000,0x000400fa,0x000001e6,0x000001e7,
	0x000001e8,0x000200f8,0x000001e7,0x00050041,0x00000009,0x000001e9,0x000001d6,0x00000052,
	0x0004003d,0x00000006,0x000001ea,0x000001e9,0x00050041,0x00000009,0x000001eb,0x000001d9,
	0x00000052,0x0004003d,0x00000006,0x000001ec,0x000001eb,0x000500ae,0x0000001d,0x000001ed,
	0x000001ea,0x000001ec,0x000200f9,0x000001e8,0x000200f8,0x000001e8,0x000700f5,0x0000001d,
	0x000001ee,0x000001e5,0x00000005,0x000001ed,0x000001e7,0x000300f7,0x000001f0,0x00000000,
	0x000400fa,0x000001ee,0x000001ef,0x000001f0,0x000200f8,0x000001ef,0x000100fd,0x000200f8,
	0x000001f0,0x0003003e,0x000001f2,0x00000074,0x00050041,0x00000081,0x000001f4,0x00000080,
	0x000000ed,0x0004003d,0x00000006,0x000001f5,0x000001f4,0x00050041,0x0000009b,0x000001f6,
	0x0000006f,0x0000009a,0x0004003d,0x00000006,0x000001f7,0x000001f6,0x00050041,0x00000081,
	0x000001f8,0x00000080,0x000000fe,0x0004003d,0x00000006,0x000001f9,0x000001f8,0x00050084,
	0x00000006,0x000001fa,0x000001f7,0x000001f9,0x00050041,0x00000009,0x000001fb,0x000001d6,
	0x00000052,0x0004003d,0x00000006,0x000001fc,0x000001fb,0x00050041,0x00000081,0x000001fd,
	0x00000080,0x000000f2,0x0004003d,0x00000006,0x000001fe,0x000001fd,0x00050084,0x00000006,
	0x000001ff,0x000001fc,0x000001fe,0x00050080,0x00000006,0x00000200,0x000001fa,0x000001ff,
	0x00050041,0x00000009,0x00000201,0x000001d6,0x00000032,0x0004003d,0x00000006,0x00000202,
	0x00000201,0x00050080,0x00000006,0x00000203,0x00000200,0x00000202,0x0004003d,0x00000006,
	0x00000204,0x000001f2,0x00050084,0x00000006,0x00000205,0x00000203,0x00000204,0x00050080,
	0x00000006,0x00000206,0x000001f5,0x00000205,0x0003003e,0x000001f3,0x00000206,0x0004003d,
	0x00000006,0x0000020c,0x000001f3,0x00060041,0x0000020d,0x0000020e,0x0000020b,0x000000ed,
	0x0000020c,0x0004003d,0x00000006,0x0000020f,0x0000020e,0x0004003d,0x00000006,0x00000210,
	0x000001f3,0x00050080,0x00000006,0x00000211,0x00000210,0x00000052,0x00060041,0x0000020d,
	0x00000212,0x0000020b,0x000000ed,0x00000211,0x0004003d,0x00000006,0x00000213,0x00000212,
	0x0004003d,0x00000006,0x00000214,0x000001f2,0x000500ac,0x0000001d,0x00000215,0x00000214,
	0x0000009a,0x000300f7,0x00000218,0x00000000,0x000400fa,0x00000215,0x00000217,0x0000021d,
	0x000200f8,0x00000217,0x0004003d,0x00000006,0x00000219,0x000001f3,0x00050080,0x00000006,
	0x0000021a,0x00000219,0x0000009a,0x00060041,0x0000020d,0x0000021b,0x0000020b,0x000000ed,
	0x0000021a,0x0004003d,0x00000006,0x0000021c,0x0000021b,0x0003003e,0x00000216,0x0000021c,
	0x000200f9,0x00000218,0x000200f8,0x0000021d,0x0003003e,0x00000216,0x00000032,0x000200f9,
	0x00000218,0x000200f8,0x00000218,0x0004003d,0x00000006,0x0000021e,0x00000216,0x0004003d,
	0x00000006,0x0000021f,0x000001f2,0x000500ac,0x0000001d,0x00000220,0x0000021f,0x0000009a,
	0x000300f7,0x00000223,0x00000000,0x000400fa,0x00000220,0x00000222,0x00000228,0x000200f8,
	0x00000222,0x0004003d,0x00000006,0x00000224,0x000001f3,0x00050080,0x00000006,0x00000225,
	0x00000224,0x0000004c,0x00060041,0x0000020d,0x00000226,0x0000020b,0x000000ed,0x00000225,
	0x0004003d,0x00000006,0x00000227,0x00000226,0x0003003e,0x00000221,0x00000227,0x000200f9,
	0x00000223,0x000200f8,0x00000228,0x0003003e,0x00000221,0x00000032,0x000200f9,0x00000223,
	0x000200f8,0x00000223,0x0004003d,0x00000006,0x00000229,0x00000221,0x00070050,0x00000007,
	0x0000022a,0x0000020f,0x00000213,0x0000021e,0x00000229,0x0003003e,0x00000207,0x0000022a,
	0x00050041,0x00000081,0x0000022c,0x00000080,0x0000009e,0x0004003d,0x00000006,0x0000022d,
	0x0000022c,0x000500c7,0x00000006,0x0000022e,0x0000022d,0x0000009a,0x000500ab,0x0000001d,
	0x0000022f,0x0000022e,0x00000032,0x0003003e,0x0000022b,0x0000022f,0x00050041,0x00000009,
	0x00000233,0x00000207,0x0000009a,0x0004003d,0x00000006,0x00000234,0x00000233,0x0003003e,
	0x00000232,0x00000234,0x00050041,0x00000009,0x00000236,0x00000207,0x0000004c,0x0004003d,
	0x00000006,0x00000237,0x00000236,0x0003003e,0x00000235,0x00000237,0x0003003e,0x00000238,
	0x00000230,0x0004003d,0x00000020,0x0000023a,0x00000231,0x0003003e,0x00000239,0x0000023a,
	0x00080039,0x00000002,0x0000023b,0x00000027,0x00000232,0x00000235,0x00000238,0x00000239,
	0x0004003d,0x00000020,0x0000023c,0x00000239,0x0003003e,0x00000231,0x0000023c,0x00050041,
	0x00000009,0x0000023f,0x00000207,0x00000032,0x0004003d,0x00000006,0x00000240,0x0000023f,
	0x0003003e,0x0000023e,0x00000240,0x00050041,0x00000009,0x00000242,0x00000207,0x00000052,
	0x0004003d,0x00000006,0x00000243,0x00000242,0x0003003e,0x00000241,0x00000243,0x00070039,
	0x00000002,0x00000245,0x0000002f,0x0000023e,0x00000241,0x00000244,0x0004003d,0x00000029,
	0x00000246,0x00000244,0x0003003e,0x0000023d,0x00000246,0x0003003e,0x00000247,0x00000032,
	0x000200f9,0x00000248,0x000200f8,0x00000248,0x000400f6,0x0000024a,0x0000024b,0x00000000,
	0x000200f9,0x0000024c,0x000200f8,0x0000024c,0x0004003d,0x00000006,0x0000024d,0x00000247,
	0x000500b0,0x0000001d,0x0000024e,0x0000024d,0x0000001f,0x000400fa,0x0000024e,0x00000249,
	0x0000024a,0x000200f8,0x00000249,0x0004003d,0x00000006,0x0000024f,0x00000247,0x000500c7,
	0x00000006,0x00000250,0x0000024f,0x0000004c,0x0004003d,0x00000006,0x00000251,0x00000247,
	0x000500c2,0x00000006,0x00000252,0x00000251,0x000000fe,0x0004003d,0x00000006,0x00000253,
	0x00000247,0x00050041,0x00000008,0x00000254,0x00000231,0x00000253,0x0004003d,0x00000007,
	0x00000255,0x00000254,0x0008004f,0x0000006d,0x00000256,0x00000255,0x00000255,0x00000000,
	0x00000001,0x00000002,0x00040070,0x00000257,0x00000258,0x00000256,0x0004003d,0x00000006,
	0x00000259,0x00000247,0x00050041,0x00000009,0x0000025a,0x0000023d,0x00000259,0x0004003d,
	0x00000006,0x0000025b,0x0000025a,0x00040070,0x00000010,0x0000025c,0x0000025b,0x00050051,
	0x00000010,0x0000025d,0x00000258,0x00000000,0x00050051,0x00000010,0x0000025e,0x00000258,
	0x00000001,0x00050051,0x00000010,0x0000025f,0x00000258,0x00000002,0x00070050,0x00000011,
	0x00000260,0x0000025d,0x0000025e,0x0000025f,0x0000025c,0x00070050,0x00000011,0x00000262,
	0x00000261,0x00000261,0x00000261,0x00000261,0x00050088,0x00000011,0x00000263,0x00000260,
	0x00000262,0x0003003e,0x00000264,0x00000250,0x0003003e,0x00000265,0x00000252,0x0003003e,
	0x00000266,0x00000263,0x00070039,0x00000002,0x00000267,0x00000017,0x00000264,0x00000265,
	0x00000266,0x000200f9,0x0000024b,0x000200f8,0x0000024b,0x0004003d,0x00000006,0x00000268,
	0x00000247,0x00050080,0x00000006,0x00000269,0x00000268,0x000000f2,0x0003003e,0x00000247,
	0x00000269,0x000200f9,0x00000248,0x000200f8,0x0000024a,0x000100fd,0x00010038,0x00050036,
	0x00000006,0x0000000e,0x00000000,0x0000000a,0x00030037,0x00000008,0x0000000b,0x00030037,
	0x00000009,0x0000000c,0x00030037,0x00000009,0x0000000d,0x000200f8,0x0000000f,0x0004003b,
	0x00000009,0x00000037,0x00000007,0x0004003b,0x00000009,0x0000003c,0x00000007,0x0004003b,
	0x00000009,0x00000040,0x00000007,0x0004003b,0x00000009,0x0000005d,0x00000007,0x0004003d,
	0x00000006,0x00000031,0x0000000d,0x000500aa,0x0000001d,0x00000033,0x00000031,0x00000032,
	0x000300f7,0x00000035,0x00000000,0x000400fa,0x00000033,0x00000034,0x00000035,0x000200f8,
	0x00000034,0x000200fe,0x00000032,0x000200f8,0x00000035,0x0004003d,0x00000006,0x00000038,
	0x0000000c,0x000500c2,0x00000006,0x0000003b,0x00000038,0x0000003a,0x0003003e,0x00000037,
	0x0000003b,0x0004003d,0x00000006,0x0000003d,0x0000000c,0x000500c7,0x00000006,0x0000003f,
	0x0000003d,0x0000003e,0x0003003e,0x0000003c,0x0000003f,0x0004003d,0x00000006,0x00000041,
	0x00000037,0x00050041,0x00000009,0x00000042,0x0000000b,0x00000041,0x0004003d,0x00000006,
	0x00000043,0x00000042,0x0004003d,0x00000006,0x00000044,0x0000003c,0x000500c2,0x00000006,
	0x00000045,0x00000043,0x00000044,0x0003003e,0x00000040,0x00000045,0x0004003d,0x00000006,
	0x00000046,0x0000003c,0x0004003d,0x00000006,0x00000047,0x0000000d,0x00050080,0x00000006,
	0x00000048,0x00000046,0x00000047,0x000500ac,0x0000001d,0x0000004a,0x00000048,0x00000049,
	0x0004003d,0x00000006,0x0000004b,0x00000037,0x000500b0,0x0000001d,0x0000004d,0x0000004b,
	0x0000004c,0x000500a7,0x0000001d,0x0000004e,0x0000004a,0x0000004d,0x000300f7,0x00000050,
	0x00000000,0x000400fa,0x0000004e,0x0000004f,0x00000050,0x000200f8,0x0000004f,0x0004003d,
	0x00000006,0x00000051,0x00000037,0x00050080,0x00000006,0x00000053,0x00000051,0x00000052,
	0x00050041,0x00000009,0x00000054,0x0000000b,0x00000053,0x0004003d,0x00000006,0x00000055,
	0x00000054,0x0004003d,0x00000006,0x00000056,0x0000003c,0x00050082,0x00000006,0x00000057,
	0x00000049,0x00000056,0x000500c4,0x00000006,0x00000058,0x00000055,0x00000057,0x0004003d,
	0x00000006,0x00000059,0x00000040,0x000500c5,0x00000006,0x0000005a,0x00000059,0x00000058,
	0x0003003e,0x00000040,0x0000005a,0x000200f9,0x00000050,0x000200f8,0x00000050,0x0004003d,
	0x00000006,0x0000005b,0x0000000d,0x000500aa,0x0000001d,0x0000005c,0x0000005b,0x00000049,
	0x000300f7,0x0000005f,0x00000000,0x000400fa,0x0000005c,0x0000005e,0x00000061,0x000200f8,
	0x0000005e,0x0004003d,0x00000006,0x00000060,0x00000040,0x0003003e,0x0000005d,0x00000060,
	0x000200f9,0x0000005f,0x000200f8,0x00000061,0x0004003d,0x00000006,0x00000062,0x00000040,
	0x0004003d,0x00000006,0x00000063,0x0000000d,0x000500c4,0x00000006,0x00000064,0x00000052,
	0x00000063,0x00050082,0x00000006,0x00000065,0x00000064,0x00000052,0x000500c7,0x00000006,
	0x00000066,0x00000062,0x00000065,0x0003003e,0x0000005d,0x00000066,0x000200f9,0x0000005f,
	0x000200f8,0x0000005f,0x0004003d,0x00000006,0x00000067,0x0000005d,0x000200fe,0x00000067,
	0x00010038,0x00050036,0x00000002,0x00000017,0x00000000,0x00000013,0x00030037,0x00000009,
	0x00000014,0x00030037,0x00000009,0x00000015,0x00030037,0x00000012,0x00000016,0x000200f8,
	0x00000018,0x0004003b,0x0000006b,0x0000006c,0x00000007,0x0004003b,0x0000006b,0x00000072,
	0x00000007,0x0004003d,0x0000006d,0x00000070,0x0000006f,0x0007004f,0x0000006a,0x00000071,
	0x00000070,0x00000070,0x00000000,0x00000001,0x0003003e,0x0000006c,0x00000071,0x0004003d,
	0x0000006a,0x00000073,0x0000006c,0x00050050,0x0000006a,0x00000075,0x00000074,0x00000074,
	0x00050084,0x0000006a,0x00000076,0x00000073,0x00000075,0x0004003d,0x00000006,0x00000077,
	0x00000014,0x0004003d,0x00000006,0x00000078,0x00000015,0x00050050,0x0000006a,0x00000079,
	0x00000077,0x00000078,0x00050080,0x0000006a,0x0000007a,0x00000076,0x00000079,0x0003003e,
	0x00000072,0x0000007a,0x00050041,0x00000009,0x0000007b,0x00000072,0x00000032,0x0004003d,
	0x00000006,0x0000007c,0x0000007b,0x00060041,0x00000081,0x00000082,0x00000080,0x0000003a,
	0x00000032,0x0004003d,0x00000006,0x00000083,0x00000082,0x000500b0,0x0000001d,0x00000084,
	0x0000007c,0x00000083,0x000300f7,0x00000086,0x00000000,0x000400fa,0x00000084,0x00000085,
	0x00000086,0x000200f8,0x00000085,0x00050041,0x00000009,0x00000087,0x00000072,0x00000052,
	0x0004003d,0x00000006,0x00000088,0x00000087,0x00060041,0x00000081,0x00000089,0x00000080,
	0x0000003a,0x00000052,0x0004003d,0x00000006,0x0000008a,0x00000089,0x000500b0,0x0000001d,
	0x0000008b,0x00000088,0x0000008a,0x000200f9,0x00000086,0x000200f8,0x00000086,0x000700f5,
	0x0000001d,0x0000008c,0x00000084,0x00000018,0x0000008b,0x00000085,0x000300f7,0x0000008e,
	0x00000000,0x000400fa,0x0000008c,0x0000008d,0x0000008e,0x000200f8,0x0000008d,0x0004003d,
	0x0000008f,0x00000092,0x00000091,0x00050041,0x00000094,0x00000095,0x00000080,0x00000093,
	0x0004003d,0x0000007d,0x00000096,0x00000095,0x0004003d,0x0000006a,0x00000097,0x00000072,
	0x0004007c,0x0000007d,0x00000098,0x00000097,0x00050080,0x0000007d,0x00000099,0x00000096,
	0x00000098,0x00050041,0x0000009b,0x0000009c,0x0000006f,0x0000009a,0x0004003d,0x00000006,
	0x0000009d,0x0000009c,0x00050041,0x00000081,0x0000009f,0x00000080,0x0000009e,0x0004003d,
	0x00000006,0x000000a0,0x0000009f,0x000500c2,0x00000006,0x000000a2,0x000000a0,0x000000a1,
	0x00050080,0x00000006,0x000000a3,0x0000009d,0x000000a2,0x0004007c,0x00000039,0x000000a4,
	0x000000a3,0x00050051,0x00000039,0x000000a6,0x00000099,0x00000000,0x00050051,0x00000039,
	0x000000a7,0x00000099,0x00000001,0x00060050,0x000000a5,0x000000a8,0x000000a6,0x000000a7,
	0x000000a4,0x0004003d,0x00000011,0x000000a9,0x00000016,0x00040063,0x00000092,0x000000a8,
	0x000000a9,0x000200f9,0x0000008e,0x000200f8,0x0000008e,0x000100fd,0x00010038,0x00050036,
	0x00000007,0x0000001b,0x00000000,0x00000019,0x00030037,0x00000009,0x0000001a,0x000200f8,
	0x0000001c,0x0004003b,0x00000009,0x000000aa,0x00000007,0x0004003b,0x00000009,0x000000af,
	0x00000007,0x0004003b,0x00000009,0x000000b4,0x00000007,0x0004003d,0x00000006,0x000000ab,
	0x0000001a,0x000500c2,0x00000006,0x000000ad,0x000000ab,0x000000ac,0x000500c7,0x00000006,
	0x000000ae,0x000000ad,0x0000003e,0x0003003e,0x000000aa,0x000000ae,0x0004003d,0x00000006,
	0x000000b0,0x0000001a,0x000500c2,0x00000006,0x000000b1,0x000000b0,0x0000003a,0x000500c7,
	0x00000006,0x000000b3,0x000000b1,0x000000b2,0x0003003e,0x000000af,0x000000b3,0x0004003d,
	0x00000006,0x000000b5,0x0000001a,0x000500c7,0x00000006,0x000000b6,0x000000b5,0x0000003e,
	0x0003003e,0x000000b4,0x000000b6,0x0004003d,0x00000006,0x000000b7,0x000000aa,0x00050084,
	0x00000006,0x000000b9,0x000000b7,0x000000b8,0x00050080,0x00000006,0x000000bb,0x000000b9,
	0x000000ba,0x000500c2,0x00000006,0x000000bd,0x000000bb,0x000000bc,0x0004003d,0x00000006,
	0x000000be,0x000000af,0x00050084,0x00000006,0x000000c0,0x000000be,0x000000bf,0x00050080,
	0x00000006,0x000000c2,0x000000c0,0x000000c1,0x000500c2,0x00000006,0x000000c3,0x000000c2,
	0x000000bc,0x0004003d,0x00000006,0x000000c4,0x000000b4,0x00050084,0x00000006,0x000000c5,
	0x000000c4,0x000000b8,0x00050080,0x00000006,0x000000c6,0x000000c5,0x000000ba,0x000500c2,
	0x00000006,0x000000c7,0x000000c6,0x000000bc,0x00070050,0x00000007,0x000000c9,0x000000bd,
	0x000000c3,0x000000c7,0x000000c8,0x000200fe,0x000000c9,0x00010038,0x00050036,0x00000002,
	0x00000027,0x00000000,0x00000022,0x00030037,0x00000009,0x00000023,0x00030037,0x00000009,
	0x00000024,0x00030037,0x0000001e,0x00000025,0x00030037,0x00000021,0x00000026,0x000200f8,
	0x00000028,0x0004003b,0x00000009,0x000000cc,0x00000007,0x0004003b,0x00000009,0x000000d0,
	0x00000007,0x0004003b,0x00000009,0x000000d4,0x00000007,0x0004003b,0x00000009,0x000000d8,
	0x00000007,0x0004003b,0x00000009,0x000000dc,0x00000007,0x0004003b,0x00000009,0x000000df,
	0x00000007,0x0004003b,0x00000009,0x000000e3,0x00000007,0x0004003b,0x00000009,0x000000e7,
	0x00000007,0x0004003b,0x000000eb,0x000000ec,0x00000007,0x0004003b,0x00000009,0x000000ee,
	0x00000007,0x0004003b,0x00000009,0x000000f3,0x00000007,0x0004003b,0x00000009,0x0000014d,
	0x00000007,0x0004003d,0x00000006,0x000000cd,0x00000023,0x000500c7,0x00000006,0x000000cf,
	0x000000cd,0x000000ce,0x0003003e,0x000000cc,0x000000cf,0x0004003d,0x00000006,0x000000d1,
	0x00000023,0x000500c2,0x00000006,0x000000d3,0x000000d1,0x000000d2,0x0003003e,0x000000d0,
	0x000000d3,0x0004003d,0x00000006,0x000000d5,0x000000cc,0x000500c2,0x00000006,0x000000d6,
	0x000000d5,0x000000ac,0x000500c7,0x00000006,0x000000d7,0x000000d6,0x0000003e,0x0003003e,
	0x000000d4,0x000000d7,0x0004003d,0x00000006,0x000000d9,0x000000cc,0x000500c2,0x00000006,
	0x000000da,0x000000d9,0x0000003a,0x000500c7,0x00000006,0x000000db,0x000000da,0x000000b2,
	0x0003003e,0x000000d8,0x000000db,0x0004003d,0x00000006,0x000000dd,0x000000cc,0x000500c7,
	0x00000006,0x000000de,0x000000dd,0x0000003e,0x0003003e,0x000000dc,0x000000de,0x0004003d,
	0x00000006,0x000000e0,0x000000d0,0x000500c2,0x00000006,0x000000e1,0x000000e0,0x000000ac,
	0x000500c7,0x00000006,0x000000e2,0x000000e1,0x0000003e,0x0003003e,0x000000df,0x000000e2,
	0x0004003d,0x00000006,0x000000e4,0x000000d0,0x000500c2,0x00000006,0x000000e5,0x000000e4,
	0x0000003a,0x000500c7,0x00000006,0x000000e6,0x000000e5,0x000000b2,0x0003003e,0x000000e3,
	0x000000e6,0x0004003d,0x00000006,0x000000e8,0x000000d0,0x000500c7,0x00000006,0x000000e9,
	0x000000e8,0x0000003e,0x0003003e,0x000000e7,0x000000e9,0x0004003d,0x00000006,0x000000ef,
	0x000000cc,0x0003003e,0x000000ee,0x000000ef,0x00050039,0x00000007,0x000000f0,0x0000001b,
	0x000000ee,0x00050041,0x00000008,0x000000f1,0x000000ec,0x000000ed,0x0003003e,0x000000f1,
	0x000000f0,0x0004003d,0x00000006,0x000000f4,0x000000d0,0x0003003e,0x000000f3,0x000000f4,
	0x00050039,0x00000007,0x000000f5,0x0000001b,0x000000f3,0x00050041,0x00000008,0x000000f6,
	0x000000ec,0x000000f2,0x0003003e,0x000000f6,0x000000f5,0x0004003d,0x00000006,0x000000f7,
	0x000000cc,0x0004003d,0x00000006,0x000000f8,0x000000d0,0x000500ac,0x0000001d,0x000000f9,
	0x000000f7,0x000000f8,0x0004003d,0x0000001d,0x000000fa,0x00000025,0x000500a6,0x0000001d,
	0x000000fb,0x000000f9,0x000000fa,0x000300f7,0x000000fd,0x00000000,0x000400fa,0x000000fb,
	0x000000fc,0x00000132,0x000200f8,0x000000fc,0x0004003d,0x00000006,0x000000ff,0x000000d4,
	0x00050084,0x00000006,0x00000100,0x0000009a,0x000000ff,0x0004003d,0x00000006,0x00000101,
	0x000000df,0x00050080,0x00000006,0x00000102,0x00000100,0x00000101,0x00050084,0x00000006,
	0x00000104,0x00000102,0x00000103,0x00050080,0x00000006,0x00000106,0x00000104,0x00000105,
	0x000500c2,0x00000006,0x00000108,0x00000106,0x00000107,0x0004003d,0x00000006,0x00000109,
	0x000000d8,0x00050084,0x00000006,0x0000010a,0x0000009a,0x00000109,0x0004003d,0x00000006,
	0x0000010b,0x000000e3,0x00050080,0x00000006,0x0000010c,0x0000010a,0x0000010b,0x00050084,
	0x00000006,0x0000010e,0x0000010c,0x0000010d,0x00050080,0x00000006,0x00000110,0x0000010e,
	0x0000010f,0x000500c2,0x00000006,0x00000111,0x00000110,0x000000ac,0x0004003d,0x00000006,
	0x00000112,0x000000dc,0x00050084,0x00000006,0x00000113,0x0000009a,0x00000112,0x0004003d,
	0x00000006,0x00000114,0x000000e7,0x00050080,0x00000006,0x00000115,0x00000113,0x00000114,
	0x00050084,0x00000006,0x00000116,0x00000115,0x00000103,0x00050080,0x00000006,0x00000117,
	0x00000116,0x00000105,0x000500c2,0x00000006,0x00000118,0x00000117,0x00000107,0x00070050,
	0x00000007,0x00000119,0x00000108,0x00000111,0x00000118,0x000000c8,0x00050041,0x00000008,
	0x0000011a,0x000000ec,0x000000fe,0x0003003e,0x0000011a,0x00000119,0x0004003d,0x00000006,
	0x0000011b,0x000000d4,0x0004003d,0x00000006,0x0000011c,0x000000df,0x00050084,0x00000006,
	0x0000011d,0x0000011c,0x0000009a,0x00050080,0x00000006,0x0000011e,0x0000011b,0x0000011d,
	0x00050084,0x00000006,0x0000011f,0x0000011e,0x00000103,0x00050080,0x00000006,0x00000120,
	0x0000011f,0x00000105,0x000500c2,0x00000006,0x00000121,0x00000120,0x00000107,0x0004003d,
	0x00000006,0x00000122,0x000000d8,0x0004003d,0x00000006,0x00000123,0x000000e3,0x00050084,
	0x00000006,0x00000124,0x00000123,0x0000009a,0x00050080,0x00000006,0x00000125,0x00000122,
	0x00000124,0x00050084,0x00000006,0x00000126,0x00000125,0x0000010d,0x00050080,0x00000006,
	0x00000127,0x00000126,0x0000010f,0x000500c2,0x00000006,0x00000128,0x00000127,0x000000ac,
	0x0004003d,0x00000006,0x00000129,0x000000dc,0x0004003d,0x00000006,0x0000012a,0x000000e7,
	0x00050084,0x00000006,0x0000012b,0x0000012a,0x0000009a,0x00050080,0x00000006,0x0000012c,
	0x00000129,0x0000012b,0x00050084,0x00000006,0x0000012d,0x0000012c,0x00000103,0x00050080,
	0x00000006,0x0000012e,0x0000012d,0x00000105,0x000500c2,0x00000006,0x0000012f,0x0000012e,
	0x00000107,0x00070050,0x00000007,0x00000130,0x00000121,0x00000128,0x0000012f,0x000000c8,
	0x00050041,0x00000008,0x00000131,0x000000ec,0x0000009e,0x0003003e,0x00000131,0x00000130,
	0x000200f9,0x000000fd,0x000200f8,0x00000132,0x0004003d,0x00000006,0x00000133,0x000000d4,
	0x0004003d,0x00000006,0x00000134,0x000000df,0x00050080,0x00000006,0x00000135,0x00000133,
	0x00000134,0x00050084,0x00000006,0x00000137,0x00000135,0x00000136,0x00050080,0x00000006,
	0x00000139,0x00000137,0x00000138,0x000500c2,0x00000006,0x0000013a,0x00000139,0x000000a1,
	0x0004003d,0x00000006,0x0000013b,0x000000d8,0x0004003d,0x00000006,0x0000013c,0x000000e3,
	0x00050080,0x00000006,0x0000013d,0x0000013b,0x0000013c,0x00050084,0x00000006,0x0000013f,
	0x0000013d,0x0000013e,0x00050080,0x00000006,0x00000141,0x0000013f,0x00000140,0x000500c2,
	0x00000006,0x00000142,0x00000141,0x000000ac,0x0004003d,0x00000006,0x00000143,0x000000dc,
	0x0004003d,0x00000006,0x00000144,0x000000e7,0x00050080,0x00000006,0x00000145,0x00000143,
	0x00000144,0x00050084,0x00000006,0x00000146,0x00000145,0x00000136,0x00050080,0x00000006,
	0x00000147,0x00000146,0x00000138,0x000500c2,0x00000006,0x00000148,0x00000147,0x000000a1,
	0x00070050,0x00000007,0x00000149,0x0000013a,0x00000142,0x00000148,0x000000c8,0x00050041,
	0x00000008,0x0000014a,0x000000ec,0x000000fe,0x0003003e,0x0000014a,0x00000149,0x00050041,
	0x00000008,0x0000014c,0x000000ec,0x0000009e,0x0003003e,0x0000014c,0x0000014b,0x000200f9,
	0x000000fd,0x000200f8,0x000000fd,0x0003003e,0x0000014d,0x00000032,0x000200f9,0x0000014e,
	0x000200f8,0x0000014e,0x000400f6,0x00000150,0x00000151,0x00000000,0x000200f9,0x00000152,
	0x000200f8,0x00000152,0x0004003d,0x00000006,0x00000153,0x0000014d,0x000500b0,0x0000001d,
	0x00000154,0x00000153,0x0000001f,0x000400fa,0x00000154,0x0000014f,0x00000150,0x000200f8,
	0x0000014f,0x0004003d,0x00000006,0x00000155,0x0000014d,0x0004003d,0x00000006,0x00000156,
	0x00000024,0x0004003d,0x00000006,0x00000157,0x0000014d,0x00050084,0x00000006,0x00000158,
	0x0000009a,0x00000157,0x000500c2,0x00000006,0x00000159,0x00000156,0x00000158,0x000500c7,
	0x00000006,0x0000015a,0x00000159,0x0000004c,0x00050041,0x00000008,0x0000015b,0x000000ec,
	0x0000015a,0x0004003d,0x00000007,0x0000015c,0x0000015b,0x00050041,0x00000008,0x0000015d,
	0x00000026,0x00000155,0x0003003e,0x0000015d,0x0000015c,0x000200f9,0x00000151,0x000200f8,
	0x00000151,0x0004003d,0x00000006,0x0000015e,0x0000014d,0x00050080,0x00000006,0x0000015f,
	0x0000015e,0x000000f2,0x0003003e,0x0000014d,0x0000015f,0x000200f9,0x0000014e,0x000200f8,
	0x00000150,0x000100fd,0x00010038,0x00050036,0x00000002,0x0000002f,0x00000000,0x0000002b,
	0x00030037,0x00000009,0x0000002c,0x00030037,0x00000009,0x0000002d,0x00030037,0x0000002a,
	0x0000002e,0x000200f8,0x00000030,0x0004003b,0x00000009,0x00000160,0x00000007,0x0004003b,
	0x00000009,0x00000163,0x00000007,0x0004003b,0x00000169,0x0000016a,0x00000007,0x0004003b,
	0x00000008,0x000001bc,0x00000007,0x0004003b,0x00000009,0x000001c0,0x00000007,0x0004003b,
	0x00000008,0x000001cc,0x00000007,0x0004003b,0x00000009,0x000001ce,0x00000007,0x0004003b,
	0x00000009,0x000001cf,0x00000007,0x0004003d,0x00000006,0x00000161,0x0000002c,0x000500c7,
	0x00000006,0x00000162,0x00000161,0x000000c8,0x0003003e,0x00000160,0x00000162,0x0004003d,
	0x00000006,0x00000164,0x0000002c,0x000500c2,0x00000006,0x00000165,0x00000164,0x000000a1,
	0x000500c7,0x00000006,0x00000166,0x00000165,0x000000c8,0x0003003e,0x00000163,0x00000166,
	0x0004003d,0x00000006,0x0000016b,0x00000160,0x00050041,0x00000009,0x0000016c,0x0000016a,
	0x000000ed,0x0003003e,0x0000016c,0x0000016b,0x0004003d,0x00000006,0x0000016d,0x00000163,
	0x00050041,0x00000009,0x0000016e,0x0000016a,0x000000f2,0x0003003e,0x0000016e,0x0000016d,
	0x0004003d,0x00000006,0x0000016f,0x00000160,0x0004003d,0x00000006,0x00000170,0x00000163,
	0x000500ac,0x0000001d,0x00000171,0x0000016f,0x00000170,0x000300f7,0x00000173,0x00000000,
	0x000400fa,0x00000171,0x00000172,0x0000019f,0x000200f8,0x00000172,0x0004003d,0x00000006,
	0x00000175,0x00000160,0x00050084,0x00000006,0x00000176,0x00000174,0x00000175,0x0004003d,
	0x00000006,0x00000177,0x00000163,0x00050080,0x00000006,0x00000178,0x00000176,0x00000177,
	0x00050086,0x00000006,0x0000017a,0x00000178,0x00000179,0x00050041,0x00000009,0x0000017b,
	0x0000016a,0x000000fe,0x0003003e,0x0000017b,0x0000017a,0x0004003d,0x00000006,0x0000017d,
	0x00000160,0x00050084,0x00000006,0x0000017e,0x0000017c,0x0000017d,0x0004003d,0x00000006,
	0x0000017f,0x00000163,0x00050084,0x00000006,0x00000180,0x0000009a,0x0000017f,0x00050080,
	0x00000006,0x00000181,0x0000017e,0x00000180,0x00050086,0x00000006,0x00000182,0x00000181,
	0x00000179,0x00050041,0x00000009,0x00000183,0x0000016a,0x0000009e,0x0003003e,0x00000183,
	0x00000182,0x0004003d,0x00000006,0x00000184,0x00000160,0x00050084,0x00000006,0x00000185,
	0x00000074,0x00000184,0x0004003d,0x00000006,0x00000186,0x00000163,0x00050084,0x00000006,
	0x00000187,0x0000004c,0x00000186,0x00050080,0x00000006,0x00000188,0x00000185,0x00000187,
	0x00050086,0x00000006,0x00000189,0x00000188,0x00000179,0x00050041,0x00000009,0x0000018a,
	0x0000016a,0x00000093,0x0003003e,0x0000018a,0x00000189,0x0004003d,0x00000006,0x0000018b,
	0x00000160,0x00050084,0x00000006,0x0000018c,0x0000004c,0x0000018b,0x0004003d,0x00000006,
	0x0000018d,0x00000163,0x00050084,0x00000006,0x0000018e,0x00000074,0x0000018d,0x00050080,
	0x00000006,0x0000018f,0x0000018c,0x0000018e,0x00050086,0x00000006,0x00000190,0x0000018f,
	0x00000179,0x00050041,0x00000009,0x00000191,0x0000016a,0x0000003a,0x0003003e,0x00000191,
	0x00000190,0x0004003d,0x00000006,0x00000192,0x00000160,0x00050084,0x00000006,0x00000193,
	0x0000009a,0x00000192,0x0004003d,0x00000006,0x00000194,0x00000163,0x00050084,0x00000006,
	0x00000195,0x0000017c,0x00000194,0x00050080,0x00000006,0x00000196,0x00000193,0x00000195,
	0x00050086,0x00000006,0x00000197,0x00000196,0x00000179,0x00050041,0x00000009,0x00000198,
	0x0000016a,0x000000bc,0x0003003e,0x00000198,0x00000197,0x0004003d,0x00000006,0x00000199,
	0x00000160,0x0004003d,0x00000006,0x0000019a,0x00000163,0x00050084,0x00000006,0x0000019b,
	0x00000174,0x0000019a,0x00050080,0x00000006,0x0000019c,0x00000199,0x0000019b,0x00050086,
	0x00000006,0x0000019d,0x0000019c,0x00000179,0x00050041,0x00000009,0x0000019e,0x0000016a,
	0x00000107,0x0003003e,0x0000019e,0x0000019d,0x000200f9,0x00000173,0x000200f8,0x0000019f,
	0x0004003d,0x00000006,0x000001a0,0x00000160,0x00050084,0x00000006,0x000001a1,0x00000074,
	0x000001a0,0x0004003d,0x00000006,0x000001a2,0x00000163,0x00050080,0x00000006,0x000001a3,
	0x000001a1,0x000001a2,0x00050086,0x00000006,0x000001a4,0x000001a3,0x0000017c,0x00050041,
	0x00000009,0x000001a5,0x0000016a,0x000000fe,0x0003003e,0x000001a5,0x000001a4,0x0004003d,
	0x00000006,0x000001a6,0x00000160,0x00050084,0x00000006,0x000001a7,0x0000004c,0x000001a6,
	0x0004003d,0x00000006,0x000001a8,0x00000163,0x00050084,0x00000006,0x000001a9,0x0000009a,
	0x000001a8,0x00050080,0x00000006,0x000001aa,0x000001a7,0x000001a9,0x00050086,0x00000006,
	0x000001ab,0x000001aa,0x0000017c,0x00050041,0x00000009,0x000001ac,0x0000016a,0x0000009e,
	0x0003003e,0x000001ac,0x000001ab,0x0004003d,0x00000006,0x000001ad,0x00000160,0x00050084,
	0x00000006,0x000001ae,0x0000009a,0x000001ad,0x0004003d,0x00000006,0x000001af,0x00000163,
	0x00050084,0x00000006,0x000001b0,0x0000004c,0x000001af,0x00050080,0x00000006,0x000001b1,
	0x000001ae,0x000001b0,0x00050086,0x00000006,0x000001b2,0x000001b1,0x0000017c,0x00050041,
	0x00000009,0x000001b3,0x0000016a,0x00000093,0x0003003e,0x000001b3,0x000001b2,0x0004003d,
	0x00000006,0x000001b4,0x00000160,0x0004003d,0x00000006,0x000001b5,0x00000163,0x00050084,
	0x00000006,0x000001b6,0x00000074,0x000001b5,0x00050080,0x00000006,0x000001b7,0x000001b4,
	0x000001b6,0x00050086,0x00000006,0x000001b8,0x000001b7,0x0000017c,0x00050041,0x00000009,
	0x000001b9,0x0000016a,0x0000003a,0x0003003e,0x000001b9,0x000001b8,0x00050041,0x00000009,
	0x000001ba,0x0000016a,0x000000bc,0x0003003e,0x000001ba,0x00000032,0x00050041,0x00000009,
	0x000001bb,0x0000016a,0x00000107,0x0003003e,0x000001bb,0x000000c8,0x000200f9,0x00000173,
	0x000200f8,0x00000173,0x0004003d,0x00000006,0x000001bd,0x0000002c,0x0004003d,0x00000006,
	0x000001be,0x0000002d,0x00070050,0x00000007,0x000001bf,0x000001bd,0x000001be,0x00000032,
	0x00000032,0x0003003e,0x000001bc,0x000001bf,0x0003003e,0x000001c0,0x00000032,0x000200f9,
	0x000001c1,0x000200f8,0x000001c1,0x000400f6,0x000001c3,0x000001c4,0x00000000,0x000200f9,
	0x000001c5,0x000200f8,0x000001c5,0x0004003d,0x00000006,0x000001c6,0x000001c0,0x000500b0,
	0x0000001d,0x000001c7,0x000001c6,0x0000001f,0x000400fa,0x000001c7,0x000001c2,0x000001c3,
	0x000200f8,0x000001c2,0x0004003d,0x00000006,0x000001c8,0x000001c0,0x0004003d,0x00000006,
	0x000001c9,0x000001c0,0x00050084,0x00000006,0x000001ca,0x0000004c,0x000001c9,0x00050080,
	0x00000006,0x000001cb,0x0000001f,0x000001ca,0x0004003d,0x00000007,0x000001cd,0x000001bc,
	0x0003003e,0x000001cc,0x000001cd,0x0003003e,0x000001ce,0x000001cb,0x0003003e,0x000001cf,
	0x0000004c,0x00070039,0x00000006,0x000001d0,0x0000000e,0x000001cc,0x000001ce,0x000001cf,
	0x00050041,0x00000009,0x000001d1,0x0000016a,0x000001d0,0x0004003d,0x00000006,0x000001d2,
	0x000001d1,0x00050041,0x00000009,0x000001d3,0x0000002e,0x000001c8,0x0003003e,0x000001d3,
	0x000001d2,0x000200f9,0x000001c4,0x000200f8,0x000001c4,0x0004003d,0x00000006,0x000001d4,
	0x000001c0,0x00050080,0x00000006,0x000001d5,0x000001d4,0x000000f2,0x0003003e,0x000001c0,
	0x000001d5,0x000200f9,0x000001c1,0x000200f8,0x000001c3,0x000100fd,0x00010038
};
	// 1115.1.0
static const uint32_t spv_bc4[] = {
	0x07230203,0x00010300,0x0008000b,0x000002c6,0x00000000,0x00020011,0x00000001,0x00020011,
	0x00000031,0x0006000b,0x00000001,0x4c534c47,0x6474732e,0x3035342e,0x00000000,0x0003000e,
	0x00000000,0x00000001,0x0006000f,0x00000005,0x00000004,0x6e69616d,0x00000000,0x00000073,
	0x00060010,0x00000004,0x00000011,0x00000008,0x00000008,0x00000001,0x00030003,0x00000002,
	0x000001c2,0x000a0004,0x475f4c47,0x4c474f4f,0x70635f45,0x74735f70,0x5f656c79,0x656e696c,
	0x7269645f,0x69746365,0x00006576,0x00080004,0x475f4c47,0x4c474f4f,0x6e695f45,0x64756c63,
	0x69645f65,0x74636572,0x00657669,0x00040005,0x00000004,0x6e69616d,0x00000000,0x00060005,
	0x0000000e,0x73746962,0x34757628,0x3b31753b,0x003b3175,0x00030005,0x0000000b,0x00000062,
	0x00030005,0x0000000c,0x00736f70,0x00030005,0x0000000d,0x0000006e,0x00050005,0x00000015,
	0x74786573,0x3b316928,0x003b3169,0x00030005,0x00000013,0x00000076,0x00030005,0x00000014,
	0x0000006e,0x00060005,0x0000001e,0x28747570,0x753b3175,0x66763b31,0x00003b34,0x00030005,
	0x0000001b,0x00007874,0x00030005,0x0000001c,0x00007974,0x00030005,0x0000001d,0x00000076,
	0x000a0005,0x0000002a,0x5f346362,0x6e616863,0x286c656e,0x753b3175,0x31623b31,0x5b31753b,
	0x3b5d3631,0x00000000,0x00030005,0x00000026,0x00006f6c,0x00030005,0x00000027,0x00006968,
	0x00030005,0x00000028,0x006e6773,0x00030005,0x00000029,0x00000076,0x00030005,0x00000032,
	0x00006977,0x00030005,0x00000036,0x0000006f,0x00030005,0x0000003a,0x00000076,0x00030005,
	0x00000070,0x006b6c62,0x00080005,0x00000073,0x475f6c67,0x61626f6c,0x766e496c,0x7461636f,
	0x496e6f69,0x00000044,0x00030005,0x00000076,0x00000070,0x00030005,0x00000082,0x00004350,
	0x00060006,0x00000082,0x00000000,0x5f637273,0x64726f77,0x00000000,0x00060006,0x00000082,
	0x00000001,0x5f776f72,0x636f6c62,0x0000736b,0x00070006,0x00000082,0x00000002,0x6579616c,
	0x6c625f72,0x736b636f,0x00000000,0x00050006,0x00000082,0x00000003,0x67616c66,0x00000073,
	0x00050006,0x00000082,0x00000004,0x5f747364,0x0066666f,0x00050006,0x00000082,0x00000005,
	0x65747865,0x0000746e,0x00030005,0x00000084,0x00006370,0x00030005,0x00000095,0x00747364,
	0x00030005,0x000000b1,0x00003065,0x00040005,0x000000b6,0x61726170,0x0000006d,0x00040005,
	0x000000b7,0x61726170,0x0000006d,0x00030005,0x000000bb,0x00003165,0x00040005,0x000000c0,
	0x61726170,0x0000006d,0x00040005,0x000000c1,0x61726170,0x0000006d,0x00030005,0x000000cf,
	0x006c6170,0x00030005,0x000000db,0x00000069,0x00050005,0x000000f3,0x65646e69,0x6c626178,
	0x00000065,0x00050005,0x000000f9,0x65646e69,0x6c626178,0x00000065,0x00030005,0x00000107,
	0x00000069,0x00050005,0x0000011a,0x65646e69,0x6c626178,0x00000065,0x00050005,0x00000120,
	0x65646e69,0x6c626178,0x00000065,0x00030005,0x00000134,0x00000062,0x00030005,0x00000138,
	0x00000074,0x00040005,0x00000144,0x61726170,0x0000006d,0x00040005,0x00000146,0x61726170,
	0x0000006d,0x00040005,0x00000147,0x61726170,0x0000006d,0x00030005,0x00000150,0x006b6c62,
	0x00040005,0x00000153,0x6b6c626e,0x00000000,0x00040005,0x0000016c,0x64726f77,0x00000073,
	0x00040005,0x0000016d,0x65736162,0x00000000,0x00030005,0x00000181,0x00000062,0x00030005,
	0x00000183,0x00637253,0x00040006,0x00000183,0x00000000,0x00000077,0x00030005,0x00000185,
	0x00637273,0x00030005,0x000001a5,0x006e6773,0x00030005,0x000001aa,0x00000076,0x00040005,
	0x000001ab,0x61726170,0x0000006d,0x00040005,0x000001ae,0x61726170,0x0000006d,0x00040005,
	0x000001b1,0x61726170,0x0000006d,0x00040005,0x000001b3,0x61726170,0x0000006d,0x00030005,
	0x000001b6,0x00000074,0x00040005,0x000001cb,0x61726170,0x0000006d,0x00040005,0x000001cc,
	0x61726170,0x0000006d,0x00040005,0x000001cd,0x61726170,0x0000006d,0x00040047,0x00000073,
	0x0000000b,0x0000001c,0x00030047,0x00000082,0x00000002,0x00050048,0x00000082,0x00000000,
	0x00000023,0x00000000,0x00050048,0x00000082,0x00000001,0x00000023,0x00000004,0x00050048,
	0x00000082,0x00000002,0x00000023,0x00000008,0x00050048,0x00000082,0x00000003,0x00000023,
	0x0000000c,0x00050048,0x00000082,0x00000004,0x00000023,0x00000010,0x00050048,0x00000082,
	0x00000005,0x00000023,0x00000018,0x00030047,0x00000095,0x00000019,0x00040047,0x00000095,
	0x00000021,0x00000001,0x00040047,0x00000095,0x00000022,0x00000000,0x00040047,0x00000182,
	0x00000006,0x00000004,0x00030047,0x00000183,0x00000002,0x00040048,0x00000183,0x00000000,
	0x00000018,0x00050048,0x00000183,0x00000000,0x00000023,0x00000000,0x00030047,0x00000185,
	0x00000018,0x00040047,0x00000185,0x00000021,0x00000000,0x00040047,0x00000185,0x00000022,
	0x00000000,0x00040047,0x000001d1,0x0000000b,0x00000019,0x00020013,0x00000002,0x00030021,
	0x00000003,0x00000002,0x00040015,0x00000006,0x00000020,0x00000000,0x00040017,0x00000007,
	0x00000006,0x00000004,0x00040020,0x00000008,0x00000007,0x00000007,0x00040020,0x00000009,
	0x00000007,0x00000006,0x00060021,0x0000000a,0x00000006,0x00000008,0x00000009,0x00000009,
	0x00040015,0x00000010,0x00000020,0x00000001,0x00040020,0x00000011,0x00000007,0x00000010,
	0x00050021,0x00000012,0x00000010,0x00000011,0x00000011,0x00030016,0x00000017,0x00000020,
	0x00040017,0x00000018,0x00000017,0x00000004,0x00040020,0x00000019,0x00000007,0x00000018,
	0x00060021,0x0000001a,0x00000002,0x00000009,0x00000009,0x00000019,0x00020014,0x00000020,
	0x00040020,0x00000021,0x00000007,0x00000020,0x0004002b,0x00000006,0x00000022,0x00000010,
	0x0004001c,0x00000023,0x00000006,0x00000022,0x00040020,0x00000024,0x00000007,0x00000023,
	0x00070021,0x00000025,0x00000002,0x00000009,0x00000009,0x00000021,0x00000024,0x0004002b,
	0x00000006,0x0000002d,0x00000000,0x0004002b,0x00000010,0x00000034,0x00000005,0x0004002b,
	0x00000006,0x00000038,0x0000001f,0x0004002b,0x00000006,0x00000043,0x00000020,0x0004002b,
	0x00000006,0x00000046,0x00000003,0x0004002b,0x00000006,0x0000004c,0x00000001,0x0004002b,
	0x00000010,0x00000065,0x00000020,0x00040017,0x0000006e,0x00000006,0x00000002,0x00040020,
	0x0000006f,0x00000007,0x0000006e,0x00040017,0x00000071,0x00000006,0x00000003,0x00040020,
	0x00000072,0x00000001,0x00000071,0x0004003b,0x00000072,0x00000073,0x00000001,0x0004002b,
	0x00000006,0x00000078,0x00000004,0x00040017,0x00000081,0x00000010,0x00000002,0x0008001e,
	0x00000082,0x00000006,0x00000006,0x00000006,0x00000006,0x00000081,0x0000006e,0x00040020,
	0x00000083,0x00000009,0x00000082,0x0004003b,0x00000083,0x00000084,0x00000009,0x00040020,
	0x00000085,0x00000009,0x00000006,0x00090019,0x00000093,0x00000017,0x00000001,0x00000000,
	0x00000001,0x00000000,0x00000002,0x0000000f,0x00040020,0x00000094,0x00000000,0x00000093,
	0x0004003b,0x00000094,0x00000095,0x00000000,0x0004002b,0x00000010,0x00000097,0x00000004,
	0x00040020,0x00000098,0x00000009,0x00000081,0x0004002b,0x00000006,0x0000009e,0x00000002,
	0x00040020,0x0000009f,0x00000001,0x00000006,0x0004002b,0x00000010,0x000000a2,0x00000003,
	0x0004002b,0x00000010,0x000000a5,0x00000008,0x00040017,0x000000a9,0x00000010,0x00000003,
	0x0004002b,0x00000006,0x000000b3,0x000000ff,0x0004002b,0x00000010,0x000000b9,0xffffff81,
	0x0004002b,0x00000006,0x000000cc,0x00000008,0x0004001c,0x000000cd,0x00000010,0x000000cc,
	0x00040020,0x000000ce,0x00000007,0x000000cd,0x0004002b,0x00000010,0x000000d0,0x00000000,
	0x0004002b,0x00000010,0x000000d3,0x00000001,0x0004002b,0x00000010,0x000000e2,0x00000006,
	0x0004002b,0x00000010,0x000000e4,0x00000002,0x0004002b,0x00000006,0x000000e7,0x00000006,
	0x0004001c,0x000000e8,0x00000010,0x000000e7,0x0004002b,0x00000010,0x000000e9,0x00002493,
	0x0004002b,0x00000010,0x000000ea,0x00004924,0x0004002b,0x00000010,0x000000eb,0x00006db6,
	0x0004002b,0x00000010,0x000000ec,0x0000924a,0x0004002b,0x00000010,0x000000ed,0x0000b6dc,
	0x0004002b,0x00000010,0x000000ee,0x0000db6d,0x0009002c,0x000000e8,0x000000ef,0x000000e9,
	0x000000ea,0x000000eb,0x000000ec,0x000000ed,0x000000ee,0x00040020,0x000000f2,0x00000007,
	0x000000e8,0x0004002b,0x00000010,0x000000ff,0x00008000,0x0004002b,0x00000010,0x00000101,
	0x00000010,0x0004001c,0x00000111,0x00000010,0x00000078,0x0004002b,0x00000010,0x00000112,
	0x00003333,0x0004002b,0x00000010,0x00000113,0x00006667,0x0004002b,0x00000010,0x00000114,
	0x00009999,0x0004002b,0x00000010,0x00000115,0x0000cccd,0x0007002c,0x00000111,0x00000116,
	0x00000112,0x00000113,0x00000114,0x00000115,0x00040020,0x00000119,0x00000007,0x00000111,
	0x0004002b,0x00000010,0x0000012e,0x00000007,0x0004002b,0x00000010,0x00000130,0x0000007f,
	0x0004002b,0x00000010,0x00000131,0x000000ff,0x00040020,0x00000154,0x00000009,0x0000006e,
	0x0003001d,0x00000182,0x00000006,0x0003001e,0x00000183,0x00000182,0x00040020,0x00000184,
	0x0000000c,0x00000183,0x0004003b,0x00000184,0x00000185,0x0000000c,0x00040020,0x00000187,
	0x0000000c,0x00000006,0x0004002b,0x00000017,0x000001c6,0x437f0000,0x0004002b,0x00000017,
	0x000001c8,0x00000000,0x0004002b,0x00000017,0x000001c9,0x3f800000,0x0006002c,0x00000071,
	0x000001d1,0x000000cc,0x000000cc,0x0000004c,0x0004001c,0x000001d2,0x00000010,0x00000043,
	0x0004002b,0x00000010,0x000001d3,0x0000000a,0x0004002b,0x00000010,0x000001d4,0xffffffff,
	0x0004002b,0x00000010,0x000001d5,0x0000000b,0x0004002b,0x00000010,0x000001d6,0x0000000c,
	0x0004002b,0x00000010,0x000001d7,0x0000000d,0x0004002b,0x00000010,0x000001d8,0x00000009,
	0x0023002c,0x000001d2,0x000001d9,0x000000d0,0x000000d3,0x000000e4,0x000001d3,0x000001d4,
	0x000001d4,0x000000a2,0x000001d5,0x000001d4,0x000001d4,0x00000097,0x000001d6,0x000001d4,
	0x000001d4,0x00000034,0x000001d7,0x000001d4,0x000001d4,0x000000e2,0x000001d4,0x000001d4,
	0x000001d4,0x0000012e,0x000001d4,0x000001d4,0x000001d4,0x000000a5,0x000001d4,0x000001d4,
	0x000001d4,0x000001d8,0x000001d4,0x0004002b,0x00000006,0x000001da,0x0000000f,0x0004001c,
	0x000001db,0x00000006,0x000001da,0x0004002b,0x00000006,0x000001dc,0x00000014,0x0004002b,
	0x00000006,0x000001dd,0x0000002c,0x0004002b,0x00000006,0x000001de,0x0000003f,0x0004002b,
	0x00000006,0x000001df,0x00000054,0x0004002b,0x00000006,0x000001e0,0x00000069,0x0004002b,
	0x00000006,0x000001e1,0x0000007d,0x0004002b,0x00000006,0x000001e2,0x00000091,0x0004002b,
	0x00000006,0x000001e3,0x000000a7,0x0004002b,0x00000006,0x000001e4,0x000000bd,0x0004002b,
	0x00000006,0x000001e5,0x000000d5,0x0004002b,0x00000006,0x000001e6,0x000000db,0x0004002b,
	0x00000006,0x000001e7,0x000000e4,0x0004002b,0x00000006,0x000001e8,0x000000ed,0x0004002b,
	0x00000006,0x000001e9,0x000000f6,0x0012002c,0x000001db,0x000001ea,0x0000002d,0x000001dc,
	0x000001dd,0x000001de,0x000001df,0x000001e0,0x000001e1,0x000001e2,0x000001e3,0x000001e4,
	0x000001e5,0x000001e6,0x000001e7,0x000001e8,0x000001e9,0x0004001c,0x000001eb,0x00000006,
	0x000001e9,0x0004002b,0x00000006,0x000001ec,0x00000816,0x0004002b,0x00000006,0x000001ed,
	0x0000081a,0x0004002b,0x00000006,0x000001ee,0x0000081b,0x0004002b,0x00000006,0x000001ef,
	0x000000a0,0x0004002b,0x00000006,0x000001f0,0x000000a4,0x0004002b,0x00000006,0x000001f1,
	0x000000a8,0x0004002b,0x00000006,0x000001f2,0x00000051,0x0004002b,0x00000006,0x000001f3,
	0x00000817,0x0004002b,0x00000006,0x000001f4,0x00000046,0x0004002b,0x00000006,0x000001f5,
	0x00000055,0x0004002b,0x00000006,0x000001f6,0x0000001b,0x0004002b,0x00000006,0x000001f7,
	0x00000047,0x0004002b,0x00000006,0x000001f8,0x00000059,0x0004002b,0x00000006,0x000001f9,
	0x0000021b,0x0004002b,0x00000006,0x000001fa,0x0000004a,0x0004002b,0x00000006,0x000001fb,
	0x00000052,0x0004002b,0x00000006,0x000001fc,0x0000041b,0x0004002b,0x00000006,0x000001fd,
	0x00000053,0x0004002b,0x00000006,0x000001fe,0x0000061b,0x0004002b,0x00000006,0x000001ff,
	0x0000005c,0x0004002b,0x00000006,0x00000200,0x00000a16,0x0004002b,0x00000006,0x00000201,
	0x00000a17,0x0004002b,0x00000006,0x00000202,0x00000070,0x0004002b,0x00000006,0x00000203,
	0x00000074,0x0004002b,0x00000006,0x00000204,0x00000a1a,0x0004002b,0x00000006,0x00000205,
	0x00000078,0x0004002b,0x00000006,0x00000206,0x00000a1b,0x0004002b,0x00000006,0x00000207,
	0x00000061,0x0004002b,0x00000006,0x00000208,0x00000065,0x0004002b,0x00000006,0x00000209,
	0x00000062,0x0004002b,0x00000006,0x0000020a,0x00000063,0x0004002b,0x00000006,0x0000020b,
	0x00001410,0x0004002b,0x00000006,0x0000020c,0x00000045,0x0004002b,0x00000006,0x0000020d,
	0x00001414,0x0004002b,0x00000006,0x0000020e,0x00000049,0x0004002b,0x00000006,0x0000020f,
	0x00001418,0x0004002b,0x00000006,0x00000210,0x00000041,0x0004002b,0x00000006,0x00000211,
	0x00000042,0x0004002b,0x00000006,0x00000212,0x00000043,0x0004002b,0x00000006,0x00000213,
	0x00000090,0x0004002b,0x00000006,0x00000214,0x00000094,0x0004002b,0x00000006,0x00000215,
	0x00000098,0x0004002b,0x00000006,0x00000216,0x00000080,0x0004002b,0x00000006,0x00000217,
	0x00000084,0x0004002b,0x00000006,0x00000218,0x00000088,0x0004002b,0x00000006,0x00000219,
	0x00000060,0x0004002b,0x00000006,0x0000021a,0x00000064,0x0004002b,0x00000006,0x0000021b,
	0x00000068,0x0004002b,0x00000006,0x0000021c,0x000000a1,0x0004002b,0x00000006,0x0000021d,
	0x000000a5,0x0004002b,0x00000006,0x0000021e,0x000000a9,0x0004002b,0x00000006,0x0000021f,
	0x00000095,0x0004002b,0x00000006,0x00000220,0x00000099,0x0004002b,0x00000006,0x00000221,
	0x00000081,0x0004002b,0x00000006,0x00000222,0x00005420,0x0004002b,0x00000006,0x00000223,
	0x00000085,0x0004002b,0x00000006,0x00000224,0x00005424,0x0004002b,0x00000006,0x00000225,
	0x00000089,0x0004002b,0x00000006,0x00000226,0x00005428,0x0004002b,0x00000006,0x00000227,
	0x00005460,0x0004002b,0x00000006,0x00000228,0x00005464,0x0004002b,0x00000006,0x00000229,
	0x00005468,0x00f9002c,0x000001eb,0x0000022a,0x000001ec,0x000001ed,0x000001ee,0x000001ef,
	0x000001f0,0x000001f1,0x000001f2,0x000001f3,0x000001f4,0x000001f5,0x000001f6,0x000001f7,
	0x000001f8,0x000001f9,0x000001fa,0x000001fb,0x000001fc,0x000001fd,0x000001fe,0x000001ff,
	0x00000200,0x000001f3,0x00000201,0x00000202,0x000001f6,0x000001f9,0x000001ed,0x00000203,
	0x00000204,0x000001fc,0x000001ec,0x00000205,0x000001fe,0x00000206,0x000001ee,0x00000207,
	0x000001f4,0x00000208,0x000001f7,0x000001e0,0x000001fa,0x00000209,0x0000020a,0x000001ff,
	0x000001ef,0x000001f0,0x000001f1,0x000001f2,0x0000020b,0x000001f4,0x0000020c,0x0000020d,
	0x000001f6,0x000001f7,0x0000020e,0x0000020f,0x000001f9,0x000001fa,0x000001fb,0x000001fc,
	0x000001fd,0x000001fe,0x000001ff,0x000001ef,0x000001f0,0x000001f1,0x00000210,0x0000020b,
	0x000001f3,0x000001f4,0x000001f5,0x0000020d,0x000001f7,0x0000020e,0x0000020f,0x000001f9,
	0x000001fa,0x00000211,0x000001f6,0x000001fc,0x00000212,0x000001ec,0x000001fe,0x000001ff,
	0x000001ef,0x000001f0,0x000001f1,0x00000210,0x0000020b,0x000001ed,0x000001f4,0x0000020c,
	0x0000020d,0x000001f6,0x000001f7,0x000001f8,0x0000020f,0x000001fa,0x00000211,0x000001f9,
	0x000001fc,0x00000212,0x000001ee,0x000001fe,0x000001ff,0x00000213,0x000001ed,0x00000214,
	0x000001ec,0x00000215,0x000001ee,0x000001f2,0x000001f3,0x000001f4,0x000001f5,0x000001f6,
	0x000001f7,0x000001f8,0x000001f9,0x000001fa,0x000001fb,0x000001fc,0x000001fd,0x000001fe,
	0x000001ff,0x00000216,0x000001f3,0x000001ed,0x00000217,0x000001fc,0x000001ec,0x00000218,
	0x000001fe,0x000001ee,0x00000207,0x000001f4,0x000001f5,0x000001f6,0x000001f7,0x000001f8,
	0x000001f9,0x000001fa,0x00000209,0x0000020a,0x000001ff,0x00000216,0x000001f6,0x000001ed,
	0x00000217,0x00000200,0x000001ec,0x00000218,0x00000201,0x000001ee,0x000001f2,0x000001f3,
	0x000001f4,0x00000208,0x000001f7,0x000001f8,0x000001f9,0x000001fa,0x000001fb,0x000001fc,
	0x000001fd,0x000001fe,0x000001ff,0x00000216,0x000001f9,0x000001ed,0x00000217,0x00000204,
	0x000001ec,0x00000218,0x00000206,0x000001ee,0x000001f2,0x000001f3,0x000001f4,0x000001f5,
	0x000001f6,0x000001f7,0x000001e0,0x000001fa,0x000001fb,0x000001fc,0x000001fd,0x000001fe,
	0x000001ff,0x00000219,0x000001f3,0x000001f6,0x000001f9,0x000001ed,0x0000021a,0x00000200,
	0x00000204,0x000001fc,0x000001ec,0x0000021b,0x00000201,0x000001fe,0x00000206,0x000001ee,
	0x00000207,0x000001f4,0x00000208,0x000001f7,0x000001e0,0x000001fa,0x00000209,0x0000020a,
	0x000001ff,0x000001ef,0x000001f0,0x000001f1,0x0000021c,0x0000021d,0x0000021e,0x000001ef,
	0x000001f0,0x000001f1,0x000001e2,0x0000020b,0x0000021f,0x0000020d,0x00000220,0x0000020f,
	0x000001ef,0x000001f0,0x000001f1,0x00000221,0x00000222,0x00000223,0x00000224,0x00000225,
	0x00000226,0x000001ef,0x000001f0,0x000001f1,0x00000210,0x00000227,0x0000020c,0x00000228,
	0x0000020e,0x00000229,0x0004002b,0x00000006,0x0000022b,0x0000000e,0x0004001c,0x0000022c,
	0x00000010,0x0000022b,0x0011002c,0x0000022c,0x0000022d,0x000001d3,0x0000012e,0x000001d5,
	0x000001d5,0x000001d5,0x000001d8,0x000000a5,0x000000a5,0x000000a5,0x000000e2,0x000001d3,
	0x000001d5,0x000001d6,0x00000101,0x0011002c,0x0000022c,0x0000022e,0x00000034,0x000000e2,
	0x00000034,0x00000097,0x00000097,0x00000034,0x000000e2,0x00000034,0x00000034,0x000000e2,
	0x000001d3,0x000001d8,0x000000a5,0x00000097,0x0011002c,0x0000022c,0x0000022f,0x00000034,
	0x000000e2,0x00000097,0x00000034,0x00000097,0x00000034,0x00000034,0x000000e2,0x00000034,
	0x000000e2,0x000001d3,0x000001d8,0x000000a5,0x00000097,0x0011002c,0x0000022c,0x00000230,
	0x00000034,0x000000e2,0x00000097,0x00000097,0x00000034,0x00000034,0x00000034,0x00000034,
	0x000000e2,0x000000e2,0x000001d3,0x000001d8,0x000000a5,0x00000097,0x0004002b,0x00000006,
	0x00000231,0x00000040,0x0004001c,0x00000232,0x00000006,0x00000231,0x0004002b,0x00000006,
	0x00000233,0x50505050,0x0004002b,0x00000006,0x00000234,0x40404040,0x0004002b,0x00000006,
	0x00000235,0x54545454,0x0004002b,0x00000006,0x00000236,0x54505040,0x0004002b,0x00000006,
	0x00000237,0x50404000,0x0004002b,0x00000006,0x00000238,0x55545450,0x0004002b,0x00000006,
	0x00000239,0x55545040,0x0004002b,0x00000006,0x0000023a,0x54504000,0x0004002b,0x00000006,
	0x0000023b,0x50400000,0x0004002b,0x00000006,0x0000023c,0x55555450,0x0004002b,0x00000006,
	0x0000023d,0x55544000,0x0004002b,0x00000006,0x0000023e,0x54400000,0x0004002b,0x00000006,
	0x0000023f,0x55555440,0x0004002b,0x00000006,0x00000240,0x55550000,0x0004002b,0x00000006,
	0x00000241,0x55555500,0x0004002b,0x00000006,0x00000242,0x55000000,0x0004002b,0x00000006,
	0x00000243,0x55150100,0x0004002b,0x00000006,0x00000244,0x00004054,0x0004002b,0x00000006,
	0x00000245,0x15010000,0x0004002b,0x00000006,0x00000246,0x00405054,0x0004002b,0x00000006,
	0x00000247,0x00004050,0x0004002b,0x00000006,0x00000248,0x15050100,0x0004002b,0x00000006,
	0x00000249,0x05010000,0x0004002b,0x00000006,0x0000024a,0x40505054,0x0004002b,0x00000006,
	0x0000024b,0x00404050,0x0004002b,0x00000006,0x0000024c,0x05010100,0x0004002b,0x00000006,
	0x0000024d,0x14141414,0x0004002b,0x00000006,0x0000024e,0x05141450,0x0004002b,0x00000006,
	0x0000024f,0x01155440,0x0004002b,0x00000006,0x00000250,0x00555500,0x0004002b,0x00000006,
	0x00000251,0x15014054,0x0004002b,0x00000006,0x00000252,0x05414150,0x0004002b,0x00000006,
	0x00000253,0x44444444,0x0004002b,0x00000006,0x00000254,0x55005500,0x0004002b,0x00000006,
	0x00000255,0x11441144,0x0004002b,0x00000006,0x00000256,0x05055050,0x0004002b,0x00000006,
	0x00000257,0x05500550,0x0004002b,0x00000006,0x00000258,0x11114444,0x0004002b,0x00000006,
	0x00000259,0x41144114,0x0004002b,0x00000006,0x0000025a,0x44111144,0x0004002b,0x00000006,
	0x0000025b,0x15055054,0x0004002b,0x00000006,0x0000025c,0x01055040,0x0004002b,0x00000006,
	0x0000025d,0x05041050,0x0004002b,0x00000006,0x0000025e,0x05455150,0x0004002b,0x00000006,
	0x0000025f,0x14414114,0x0004002b,0x00000006,0x00000260,0x50050550,0x0004002b,0x00000006,
	0x00000261,0x41411414,0x0004002b,0x00000006,0x00000262,0x00141400,0x0004002b,0x00000006,
	0x00000263,0x00041504,0x0004002b,0x00000006,0x00000264,0x00105410,0x0004002b,0x00000006,
	0x00000265,0x10541000,0x0004002b,0x00000006,0x00000266,0x04150400,0x0004002b,0x00000006,
	0x00000267,0x50410514,0x0004002b,0x00000006,0x00000268,0x41051450,0x0004002b,0x00000006,
	0x00000269,0x05415014,0x0004002b,0x00000006,0x0000026a,0x14054150,0x0004002b,0x00000006,
	0x0000026b,0x41050514,0x0004002b,0x00000006,0x0000026c,0x41505014,0x0004002b,0x00000006,
	0x0000026d,0x40011554,0x0004002b,0x00000006,0x0000026e,0x54150140,0x0004002b,0x00000006,
	0x0000026f,0x50505500,0x0004002b,0x00000006,0x00000270,0x00555050,0x0004002b,0x00000006,
	0x00000271,0x15151010,0x0004002b,0x00000006,0x00000272,0x54540404,0x0043002c,0x00000232,
	0x00000273,0x00000233,0x00000234,0x00000235,0x00000236,0x00000237,0x00000238,0x00000239,
	0x0000023a,0x0000023b,0x0000023c,0x0000023d,0x0000023e,0x0000023f,0x00000240,0x00000241,
	0x00000242,0x00000243,0x00000244,0x00000245,0x00000246,0x00000247,0x00000248,0x00000249,
	0x0000024a,0x0000024b,0x0000024c,0x0000024d,0x0000024e,0x0000024f,0x00000250,0x00000251,
	0x00000252,0x00000253,0x00000254,0x00000255,0x00000256,0x00000257,0x00000258,0x00000259,
	0x0000025a,0x0000025b,0x0000025c,0x0000025d,0x0000025e,0x0000025f,0x00000260,0x00000261,
	0x00000262,0x00000263,0x00000264,0x00000265,0x00000266,0x00000267,0x00000268,0x00000269,
	0x0000026a,0x0000026b,0x0000026c,0x0000026d,0x0000026e,0x0000026f,0x00000270,0x00000271,
	0x00000272,0x0043002c,0x00000232,0x00000274,0x000001da,0x000001da,0x000001da,0x000001da,
	0x000001da,0x000001da,0x000001da,0x000001da,0x000001da,0x000001da,0x000001da,0x000001da,
	0x000001da,0x000001da,0x000001da,0x000001da,0x000001da,0x0000009e,0x000000cc,0x0000009e,
	0x0000009e,0x000000cc,0x000000cc,0x000001da,0x0000009e,0x000000cc,0x0000009e,0x0000009e,
	0x000000cc,0x000000cc,0x0000009e,0x0000009e,0x000001da,0x000001da,0x000000e7,0x000000cc,
	0x0000009e,0x000000cc,0x000001da,0x000001da,0x0000009e,0x000000cc,0x0000009e,0x0000009e,
	0x0000009e,0x000001da,0x000001da,0x000000e7,0x000000e7,0x0000009e,0x000000e7,0x000000cc,
	0x000001da,0x000001da,0x0000009e,0x0000009e,0x000001da,0x000001da,0x000001da,0x000001da,
	0x000001da,0x0000009e,0x0000009e,0x000001da,0x0004002b,0x00000006,0x00000275,0xaa685050,
	0x0004002b,0x00000006,0x00000276,0x6a5a5040,0x0004002b,0x00000006,0x00000277,0x5a5a4200,
	0x0004002b,0x00000006,0x00000278,0x5450a0a8,0x0004002b,0x00000006,0x00000279,0xa5a50000,
	0x0004002b,0x00000006,0x0000027a,0xa0a05050,0x0004002b,0x00000006,0x0000027b,0x5555a0a0,
	0x0004002b,0x00000006,0x0000027c,0x5a5a5050,0x0004002b,0x00000006,0x0000027d,0xaa550000,
	0x0004002b,0x00000006,0x0000027e,0xaa555500,0x0004002b,0x00000006,0x0000027f,0xaaaa5500,
	0x0004002b,0x00000006,0x00000280,0x90909090,0x0004002b,0x00000006,0x00000281,0x94949494,
	0x0004002b,0x00000006,0x00000282,0xa4a4a4a4,0x0004002b,0x00000006,0x00000283,0xa9a59450,
	0x0004002b,0x00000006,0x00000284,0x2a0a4250,0x0004002b,0x00000006,0x00000285,0xa5945040,
	0x0004002b,0x00000006,0x00000286,0x0a425054,0x0004002b,0x00000006,0x00000287,0xa5a5a500,
	0x0004002b,0x00000006,0x00000288,0x55a0a0a0,0x0004002b,0x00000006,0x00000289,0xa8a85454,
	0x0004002b,0x00000006,0x0000028a,0x6a6a4040,0x0004002b,0x00000006,0x0000028b,0xa4a45000,
	0x0004002b,0x00000006,0x0000028c,0x1a1a0500,0x0004002b,0x00000006,0x0000028d,0x0050a4a4,
	0x0004002b,0x00000006,0x0000028e,0xaaa59090,0x0004002b,0x00000006,0x0000028f,0x14696914,
	0x0004002b,0x00000006,0x00000290,0x69691400,0x0004002b,0x00000006,0x00000291,0xa08585a0,
	0x0004002b,0x00000006,0x00000292,0xaa821414,0x0004002b,0x00000006,0x00000293,0x50a4a450,
	0x0004002b,0x00000006,0x00000294,0x6a5a0200,0x0004002b,0x00000006,0x00000295,0xa9a58000,
	0x0004002b,0x00000006,0x00000296,0x5090a0a8,0x0004002b,0x00000006,0x00000297,0xa8a09050,
	0x0004002b,0x00000006,0x00000298,0x24242424,0x0004002b,0x00000006,0x00000299,0x00aa5500,
	0x0004002b,0x00000006,0x0000029a,0x24924924,0x0004002b,0x00000006,0x0000029b,0x24499224,
	0x0004002b,0x00000006,0x0000029c,0x50a50a50,0x0004002b,0x00000006,0x0000029d,0x500aa550,
	0x0004002b,0x00000006,0x0000029e,0xaaaa4444,0x0004002b,0x00000006,0x0000029f,0x66660000,
	0x0004002b,0x00000006,0x000002a0,0xa5a0a5a0,0x0004002b,0x00000006,0x000002a1,0x50a050a0,
	0x0004002b,0x00000006,0x000002a2,0x69286928,0x0004002b,0x00000006,0x000002a3,0x44aaaa44,
	0x0004002b,0x00000006,0x000002a4,0x66666600,0x0004002b,0x00000006,0x000002a5,0xaa444444,
	0x0004002b,0x00000006,0x000002a6,0x54a854a8,0x0004002b,0x00000006,0x000002a7,0x95809580,
	0x0004002b,0x00000006,0x000002a8,0x96969600,0x0004002b,0x00000006,0x000002a9,0xa85454a8,
	0x0004002b,0x00000006,0x000002aa,0x80959580,0x0004002b,0x00000006,0x000002ab,0xaa141414,
	0x0004002b,0x00000006,0x000002ac,0x96960000,0x0004002b,0x00000006,0x000002ad,0xaaaa1414,
	0x0004002b,0x00000006,0x000002ae,0xa05050a0,0x0004002b,0x00000006,0x000002af,0xa0a5a5a0,
	0x0004002b,0x00000006,0x000002b0,0x96000000,0x0004002b,0x00000006,0x000002b1,0x40804080,
	0x0004002b,0x00000006,0x000002b2,0xa9a8a9a8,0x0004002b,0x00000006,0x000002b3,0xaaaaaa44,
	0x0004002b,0x00000006,0x000002b4,0x2a4a5254,0x0043002c,0x00000232,0x000002b5,0x00000275,
	0x00000276,0x00000277,0x00000278,0x00000279,0x0000027a,0x0000027b,0x0000027c,0x0000027d,
	0x0000027e,0x0000027f,0x00000280,0x00000281,0x00000282,0x00000283,0x00000284,0x00000285,
	0x00000286,0x00000287,0x00000288,0x00000289,0x0000028a,0x0000028b,0x0000028c,0x0000028d,
	0x0000028e,0x0000028f,0x00000290,0x00000291,0x00000292,0x00000293,0x00000294,0x00000295,
	0x00000296,0x00000297,0x00000298,0x00000299,0x0000029a,0x0000029b,0x0000029c,0x0000029d,
	0x0000029e,0x0000029f,0x000002a0,0x000002a1,0x000002a2,0x000002a3,0x000002a4,0x000002a5,
	0x000002a6,0x000002a7,0x000002a8,0x000002a9,0x000002aa,0x000002ab,0x000002ac,0x000002ad,
	0x000002ae,0x000002af,0x000002b0,0x000002b1,0x000002b2,0x000002b3,0x000002b4,0x0004002b,
	0x00000006,0x000002b6,0x000000f3,0x0004002b,0x00000006,0x000002b7,0x00000083,0x0004002b,
	0x00000006,0x000002b8,0x0000008f,0x0004002b,0x00000006,0x000002b9,0x000000f8,0x0004002b,
	0x00000006,0x000002ba,0x000000f5,0x0004002b,0x00000006,0x000002bb,0x0000008a,0x0004002b,
	0x00000006,0x000002bc,0x00000035,0x0004002b,0x00000006,0x000002bd,0x000000a6,0x0004002b,
	0x00000006,0x000002be,0x000000af,0x0004002b,0x00000006,0x000002bf,0x0000006f,0x0004002b,
	0x00000006,0x000002c0,0x000000fa,0x0004002b,0x00000006,0x000002c1,0x000000fd,0x0004002b,
	0x00000006,0x000002c2,0x000000fc,0x0043002c,0x00000232,0x000002c3,0x000002b6,0x000002b7,
	0x000002b8,0x000001de,0x000002b9,0x000002b6,0x000001de,0x000002b8,0x000002b9,0x000002b9,
	0x000001e9,0x000001e9,0x000001e9,0x000002ba,0x000002b6,0x000002b7,0x000002b6,0x000002b7,
	0x000002b9,0x000001de,0x000002b6,0x000002b7,0x000001e9,0x000002bb,0x000002bc,0x000002b9,
	0x0000021b,0x000002bd,0x000002b9,0x000002ba,0x000002be,0x000002b8,0x000002b9,0x000001de,
	0x000002b6,0x0000021d,0x000002bd,0x000002bb,0x00000215,0x000002be,0x000002bf,0x000002b6,
	0x000002b8,0x000002ba,0x000001de,0x000002bf,0x000002bf,0x000002b8,0x000002b6,0x000001de,
	0x000002ba,0x000002ba,0x000002ba,0x000002b9,0x000002ba,0x000002c0,0x000002ba,0x000002c0,
	0x000002b9,0x000002c1,0x000001de,0x000002c2,0x000002b6,0x000002b7,0x000b002c,0x000000cd,
	0x000002c4,0x00000097,0x000000e2,0x00000034,0x0000012e,0x00000034,0x0000012e,0x0000012e,
	0x00000034,0x000b002c,0x000000cd,0x000002c5,0x000000d0,0x000000d0,0x000000d0,0x000000d0,
	0x000000e2,0x000000a5,0x0000012e,0x00000034,0x00050036,0x00000002,0x00000004,0x00000000,
	0x00000003,0x000200f8,0x00000005,0x0004003b,0x0000006f,0x00000150,0x00000007,0x0004003b,
	0x0000006f,0x00000153,0x00000007,0x0004003b,0x00000009,0x0000016c,0x00000007,0x0004003b,
	0x00000009,0x0000016d,0x00000007,0x0004003b,0x00000008,0x00000181,0x00000007,0x0004003b,
	0x00000009,0x00000190,0x00000007,0x0004003b,0x00000009,0x0000019b,0x00000007,0x0004003b,
	0x00000021,0x000001a5,0x00000007,0x0004003b,0x00000024,0x000001aa,0x00000007,0x0004003b,
	0x00000009,0x000001ab,0x00000007,0x0004003b,0x00000009,0x000001ae,0x00000007,0x0004003b,
	0x00000021,0x000001b1,0x00000007,0x0004003b,0x00000024,0x000001b3,0x00000007,0x0004003b,
	0x00000009,0x000001b6,0x00000007,0x0004003b,0x00000009,0x000001cb,0x00000007,0x0004003b,
	0x00000009,0x000001cc,0x00000007,0x0004003b,0x00000019,0x000001cd,0x00000007,0x0004003d,
	0x00000071,0x00000151,0x00000073,0x0007004f,0x0000006e,0x00000152,0x00000151,0x00000151,
	0x00000000,0x00000001,0x0003003e,0x00000150,0x00000152,0x00050041,0x00000154,0x00000155,
	0x00000084,0x00000034,0x0004003d,0x0000006e,0x00000156,0x00000155,0x00050050,0x0000006e,
	0x00000157,0x00000046,0x00000046,0x00050080,0x0000006e,0x00000158,0x00000156,0x00000157,
	0x00050050,0x0000006e,0x00000159,0x00000078,0x00000078,0x00050086,0x0000006e,0x0000015a,
	0x00000158,0x00000159,0x0003003e,0x00000153,0x0000015a,0x00050041,0x00000009,0x0000015b,
	0x00000150,0x0000002d,0x0004003d,0x00000006,0x0000015c,0x0000015b,0x00050041,0x00000009,
	0x0000015d,0x00000153,0x0000002d,0x0004003d,0x00000006,0x0000015e,0x0000015d,0x000500ae,
	0x00000020,0x0000015f,0x0000015c,0x0000015e,0x000400a8,0x00000020,0x00000160,0x0000015f,
	0x000300f7,0x00000162,0x00000000,0x000400fa,0x00000160,0x00000161,0x00000162,0x000200f8,
	0x00000161,0x00050041,0x00000009,0x00000163,0x00000150,0x0000004c,0x0004003d,0x00000006,
	0x00000164,0x00000163,0x00050041,0x00000009,0x00000165,0x00000153,0x0000004c,0x0004003d,
	0x00000006,0x00000166,0x00000165,0x000500ae,0x00000020,0x00000167,0x00000164,0x00000166,
	0x000200f9,0x00000162,0x000200f8,0x00000162,0x000700f5,0x00000020,0x00000168,0x0000015f,
	0x00000005,0x00000167,0x00000161,0x000300f7,0x0000016a,0x00000000,0x000400fa,0x00000168,
	0x00000169,0x0000016a,0x000200f8,0x00000169,0x000100fd,0x000200f8,0x0000016a,0x0003003e,
	0x0000016c,0x0000009e,0x00050041,0x00000085,0x0000016e,0x00000084,0x000000d0,0x0004003d,
	0x00000006,0x0000016f,0x0000016e,0x00050041,0x0000009f,0x00000170,0x00000073,0x0000009e,
	0x0004003d,0x00000006,0x00000171,0x00000170,0x00050041,0x00000085,0x00000172,0x00000084,
	0x000000e4,0x0004003d,0x00000006,0x00000173,0x00000172,0x00050084,0x00000006,0x00000174,
	0x00000171,0x00000173,0x00050041,0x00000009,0x00000175,0x00000150,0x0000004c,0x0004003d,
	0x00000006,0x00000176,0x00000175,0x00050041,0x00000085,0x00000177,0x00000084,0x000000d3,
	0x0004003d,0x00000006,0x00000178,0x00000177,0x00050084,0x00000006,0x00000179,0x00000176,
	0x00000178,0x00050080,0x00000006,0x0000017a,0x00000174,0x00000179,0x00050041,0x00000009,
	0x0000017b,0x00000150,0x0000002d,0x0004003d,0x00000006,0x0000017c,0x0000017b,0x00050080,
	0x00000006,0x0000017d,0x0000017a,0x0000017c,0x0004003d,0x00000006,0x0000017e,0x0000016c,
	0x00050084,0x00000006,0x0000017f,0x0000017d,0x0000017e,0x00050080,0x00000006,0x00000180,
	0x0000016f,0x0000017f,0x0003003e,0x0000016d,0x00000180,0x0004003d,0x00000006,0x00000186,
	0x0000016d,0x00060041,0x00000187,0x00000188,0x00000185,0x000000d0,0x00000186,0x0004003d,
	0x00000006,0x00000189,0x00000188,0x0004003d,0x00000006,0x0000018a,0x0000016d,0x00050080,
	0x00000006,0x0000018b,0x0000018a,0x0000004c,0x00060041,0x00000187,0x0000018c,0x00000185,
	0x000000d0,0x0000018b,0x0004003d,0x00000006,0x0000018d,0x0000018c,0x0004003d,0x00000006,
	0x0000018e,0x0000016c,0x000500ac,0x00000020,0x0000018f,0x0000018e,0x0000009e,0x000300f7,
	0x00000192,0x00000000,0x000400fa,0x0000018f,0x00000191,0x00000197,0x000200f8,0x00000191,
	0x0004003d,0x00000006,0x00000193,0x0000016d,0x00050080,0x00000006,0x00000194,0x00000193,
	0x0000009e,0x00060041,0x00000187,0x00000195,0x00000185,0x000000d0,0x00000194,0x0004003d,
	0x00000006,0x00000196,0x00000195,0x0003003e,0x00000190,0x00000196,0x000200f9,0x00000192,
	0x000200f8,0x00000197,0x0003003e,0x00000190,0x0000002d,0x000200f9,0x00000192,0x000200f8,
	0x00000192,0x0004003d,0x00000006,0x00000198,0x00000190,0x0004003d,0x00000006,0x00000199,
	0x0000016c,0x000500ac,0x00000020,0x0000019a,0x00000199,0x0000009e,0x000300f7,0x0000019d,
	0x00000000,0x000400fa,0x0000019a,0x0000019c,0x000001a2,0x000200f8,0x0000019c,0x0004003d,
	0x00000006,0x0000019e,0x0000016d,0x00050080,0x00000006,0x0000019f,0x0000019e,0x00000046,
	0x00060041,0x00000187,0x000001a0,0x00000185,0x000000d0,0x0000019f,0x0004003d,0x00000006,
	0x000001a1,0x000001a0,0x0003003e,0x0000019b,0x000001a1,0x000200f9,0x0000019d,0x000200f8,
	0x000001a2,0x0003003e,0x0000019b,0x0000002d,0x000200f9,0x0000019d,0x000200f8,0x0000019d,
	0x0004003d,0x00000006,0x000001a3,0x0000019b,0x00070050,0x00000007,0x000001a4,0x00000189,
	0x0000018d,0x00000198,0x000001a3,0x0003003e,0x00000181,0x000001a4,0x00050041,0x00000085,
	0x000001a6,0x00000084,0x000000a2,0x0004003d,0x00000006,0x000001a7,0x000001a6,0x000500c7,
	0x00000006,0x000001a8,0x000001a7,0x0000009e,0x000500ab,0x00000020,0x000001a9,0x000001a8,
	0x0000002d,0x0003003e,0x000001a5,0x000001a9,0x00050041,0x00000009,0x000001ac,0x00000181,
	0x0000002d,0x0004003d,0x00000006,0x000001ad,0x000001ac,0x0003003e,0x000001ab,0x000001ad,
	0x00050041,0x00000009,0x000001af,0x00000181,0x0000004c,0x0004003d,0x00000006,0x000001b0,
	0x000001af,0x0003003e,0x000001ae,0x000001b0,0x0004003d,0x00000020,0x000001b2,0x000001a5,
	0x0003003e,0x000001b1,0x000001b2,0x00080039,0x00000002,0x000001b4,0x0000002a,0x000001ab,
	0x000001ae,0x000001b1,0x000001b3,0x0004003d,0x00000023,0x000001b5,0x000001b3,0x0003003e,
	0x000001aa,0x000001b5,0x0003003e,0x000001b6,0x0000002d,0x000200f9,0x000001b7,0x000200f8,
	0x000001b7,0x000400f6,0x000001b9,0x000001ba,0x00000000,0x000200f9,0x000001bb,0x000200f8,
	0x000001bb,0x0004003d,0x00000006,0x000001bc,0x000001b6,0x000500b0,0x00000020,0x000001bd,
	0x000001bc,0x00000022,0x000400fa,0x000001bd,0x000001b8,0x000001b9,0x000200f8,0x000001b8,
	0x0004003d,0x00000006,0x000001be,0x000001b6,0x000500c7,0x00000006,0x000001bf,0x000001be,
	0x00000046,0x0004003d,0x00000006,0x000001c0,0x000001b6,0x000500c2,0x00000006,0x000001c1,
	0x000001c0,0x000000e4,0x0004003d,0x00000006,0x000001c2,0x000001b6,0x00050041,0x00000009,
	0x000001c3,0x000001aa,0x000001c2,0x0004003d,0x00000006,0x000001c4,0x000001c3,0x00040070,
	0x00000017,0x000001c5,0x000001c4,0x00050088,0x00000017,0x000001c7,0x000001c5,0x000001c6,
	0x00070050,0x00000018,0x000001ca,0x000001c7,0x000001c8,0x000001c8,0x000001c9,0x0003003e,
	0x000001cb,0x000001bf,0x0003003e,0x000001cc,0x000001c1,0x0003003e,0x000001cd,0x000001ca,
	0x00070039,0x00000002,0x000001ce,0x0000001e,0x000001cb,0x000001cc,0x000001cd,0x000200f9,
	0x000001ba,0x000200f8,0x000001ba,0x0004003d,0x00000006,0x000001cf,0x000001b6,0x00050080,
	0x00000006,0x000001d0,0x000001cf,0x000000d3,0x0003003e,0x000001b6,0x000001d0,0x000200f9,
	0x000001b7,0x000200f8,0x000001b9,0x000100fd,0x00010038,0x00050036,0x00000006,0x0000000e,
	0x00000000,0x0000000a,0x00030037,0x00000008,0x0000000b,0x00030037,0x00000009,0x0000000c,
	0x00030037,0x00000009,0x0000000d,0x000200f8,0x0000000f,0x0004003b,0x00000009,0x00000032,
	0x00000007,0x0004003b,0x00000009,0x00000036,0x00000007,0x0004003b,0x00000009,0x0000003a,
	0x00000007,0x0004003b,0x00000009,0x00000057,0x00000007,0x0004003d,0x00000006,0x0000002c,
	0x0000000d,0x000500aa,0x00000020,0x0000002e,0x0000002c,0x0000002d,0x000300f7,0x00000030,
	0x00000000,0x000400fa,0x0000002e,0x0000002f,0x00000030,0x000200f8,0x0000002f,0x000200fe,
	0x0000002d,0x000200f8,0x00000030,0x0004003d,0x00000006,0x00000033,0x0000000c,0x000500c2,
	0x00000006,0x00000035,0x00000033,0x00000034,0x0003003e,0x00000032,0x00000035,0x0004003d,
	0x00000006,0x00000037,0x0000000c,0x000500c7,0x00000006,0x00000039,0x00000037,0x00000038,
	0x0003003e,0x00000036,0x00000039,0x0004003d,0x00000006,0x0000003b,0x00000032,0x00050041,
	0x00000009,0x0000003c,0x0000000b,0x0000003b,0x0004003d,0x00000006,0x0000003d,0x0000003c,
	0x0004003d,0x00000006,0x0000003e,0x00000036,0x000500c2,0x00000006,0x0000003f,0x0000003d,
	0x0000003e,0x0003003e,0x0000003a,0x0000003f,0x0004003d,0x00000006,0x00000040,0x00000036,
	0x0004003d,0x00000006,0x00000041,0x0000000d,0x00050080,0x00000006,0x00000042,0x00000040,
	0x00000041,0x000500ac,0x00000020,0x00000044,0x00000042,0x00000043,0x0004003d,0x00000006,
	0x00000045,0x00000032,0x000500b0,0x00000020,0x00000047,0x00000045,0x00000046,0x000500a7,
	0x00000020,0x00000048,0x00000044,0x00000047,0x000300f7,0x0000004a,0x00000000,0x000400fa,
	0x00000048,0x00000049,0x0000004a,0x000200f8,0x00000049,0x0004003d,0x00000006,0x0000004b,
	0x00000032,0x00050080,0x00000006,0x0000004d,0x0000004b,0x0000004c,0x00050041,0x00000009,
	0x0000004e,0x0000000b,0x0000004d,0x0004003d,0x00000006,0x0000004f,0x0000004e,0x0004003d,
	0x00000006,0x00000050,0x00000036,0x00050082,0x00000006,0x00000051,0x00000043,0x00000050,
	0x000500c4,0x00000006,0x00000052,0x0000004f,0x00000051,0x0004003d,0x00000006,0x00000053,
	0x0000003a,0x000500c5,0x00000006,0x00000054,0x00000053,0x00000052,0x0003003e,0x0000003a,
	0x00000054,0x000200f9,0x0000004a,0x000200f8,0x0000004a,0x0004003d,0x00000006,0x00000055,
	0x0000000d,0x000500aa,0x00000020,0x00000056,0x00000055,0x00000043,0x000300f7,0x00000059,
	0x00000000,0x000400fa,0x00000056,0x00000058,0x0000005b,0x000200f8,0x00000058,0x0004003d,
	0x00000006,0x0000005a,0x0000003a,0x0003003e,0x00000057,0x0000005a,0x000200f9,0x00000059,
	0x000200f8,0x0000005b,0x0004003d,0x00000006,0x0000005c,0x0000003a,0x0004003d,0x00000006,
	0x0000005d,0x0000000d,0x000500c4,0x00000006,0x0000005e,0x0000004c,0x0000005d,0x00050082,
	0x00000006,0x0000005f,0x0000005e,0x0000004c,0x000500c7,0x00000006,0x00000060,0x0000005c,
	0x0000005f,0x0003003e,0x00000057,0x00000060,0x000200f9,0x00000059,0x000200f8,0x00000059,
	0x0004003d,0x00000006,0x00000061,0x00000057,0x000200fe,0x00000061,0x00010038,0x00050036,
	0x00000010,0x00000015,0x00000000,0x00000012,0x00030037,0x00000011,0x00000013,0x00030037,
	0x00000011,0x00000014,0x000200f8,0x00000016,0x0004003d,0x00000010,0x00000064,0x00000013,
	0x0004003d,0x00000010,0x00000066,0x00000014,0x00050082,0x00000010,0x00000067,0x00000065,
	0x00000066,0x000500c4,0x00000010,0x00000068,0x00000064,0x00000067,0x0004003d,0x00000010,
	0x00000069,0x00000014,0x00050082,0x00000010,0x0000006a,0x00000065,0x00000069,0x000500c3,
	0x00000010,0x0000006b,0x00000068,0x0000006a,0x000200fe,0x0000006b,0x00010038,0x00050036,
	0x00000002,0x0000001e,0x00000000,0x0000001a,0x00030037,0x00000009,0x0000001b,0x00030037,
	0x00000009,0x0000001c,0x00030037,0x00000019,0x0000001d,0x000200f8,0x0000001f,0x0004003b,
	0x0000006f,0x00000070,0x00000007,0x0004003b,0x0000006f,0x00000076,0x00000007,0x0004003d,
	0x00000071,0x00000074,0x00000073,0x0007004f,0x0000006e,0x00000075,0x00000074,0x00000074,
	0x00000000,0x00000001,0x0003003e,0x00000070,0x00000075,0x0004003d,0x0000006e,0x00000077,
	0x00000070,0x00050050,0x0000006e,0x00000079,0x00000078,0x00000078,0x00050084,0x0000006e,
	0x0000007a,0x00000077,0x00000079,0x0004003d,0x00000006,0x0000007b,0x0000001b,0x0004003d,
	0x00000006,0x0000007c,0x0000001c,0x00050050,0x0000006e,0x0000007d,0x0000007b,0x0000007c,
	0x00050080,0x0000006e,0x0000007e,0x0000007a,0x0000007d,0x0003003e,0x00000076,0x0000007e,
	0x00050041,0x00000009,0x0000007f,0x00000076,0x0000002d,0x0004003d,0x00000006,0x00000080,
	0x0000007f,0x00060041,0x00000085,0x00000086,0x00000084,0x00000034,0x0000002d,0x0004003d,
	0x00000006,0x00000087,0x00000086,0x000500b0,0x00000020,0x00000088,0x00000080,0x00000087,
	0x000300f7,0x0000008a,0x00000000,0x000400fa,0x00000088,0x00000089,0x0000008a,0x000200f8,
	0x00000089,0x00050041,0x00000009,0x0000008b,0x00000076,0x0000004c,0x0004003d,0x00000006,
	0x0000008c,0x0000008b,0x00060041,0x00000085,0x0000008d,0x00000084,0x00000034,0x0000004c,
	0x0004003d,0x00000006,0x0000008e,0x0000008d,0x000500b0,0x00000020,0x0000008f,0x0000008c,
	0x0000008e,0x000200f9,0x0000008a,0x000200f8,0x0000008a,0x000700f5,0x00000020,0x00000090,
	0x00000088,0x0000001f,0x0000008f,0x00000089,0x000300f7,0x00000092,0x00000000,0x000400fa,
	0x00000090,0x00000091,0x00000092,0x000200f8,0x00000091,0x0004003d,0x00000093,0x00000096,
	0x00000095,0x00050041,0x00000098,0x00000099,0x00000084,0x00000097,0x0004003d,0x00000081,
	0x0000009a,0x00000099,0x0004003d,0x0000006e,0x0000009b,0x00000076,0x0004007c,0x00000081,
	0x0000009c,0x0000009b,0x00050080,0x00000081,0x0000009d,0x0000009a,0x0000009c,0x00050041,
	0x0000009f,0x000000a0,0x00000073,0x0000009e,0x0004003d,0x00000006,0x000000a1,0x000000a0,
	0x00050041,0x00000085,0x000000a3,0x00000084,0x000000a2,0x0004003d,0x00000006,0x000000a4,
	0x000000a3,0x000500c2,0x00000006,0x000000a6,0x000000a4,0x000000a5,0x00050080,0x00000006,
	0x000000a7,0x000000a1,0x000000a6,0x0004007c,0x00000010,0x000000a8,0x000000a7,0x00050051,
	0x00000010,0x000000aa,0x0000009d,0x00000000,0x00050051,0x00000010,0x000000ab,0x0000009d,
	0x00000001,0x00060050,0x000000a9,0x000000ac,0x000000aa,0x000000ab,0x000000a8,0x0004003d,
	0x00000018,0x000000ad,0x0000001d,0x00040063,0x00000096,0x000000ac,0x000000ad,0x000200f9,
	0x00000092,0x000200f8,0x00000092,0x000100fd,0x00010038,0x00050036,0x00000002,0x0000002a,
	0x00000000,0x00000025,0x00030037,0x00000009,0x00000026,0x00030037,0x00000009,0x00000027,
	0x00030037,0x00000021,0x00000028,0x00030037,0x00000024,0x00000029,0x000200f8,0x0000002b,
	0x0004003b,0x00000011,0x000000b1,0x00000007,0x0004003b,0x00000011,0x000000b6,0x00000007,
	0x0004003b,0x00000011,0x000000b7,0x00000007,0x0004003b,0x00000011,0x000000bb,0x00000007,
	0x0004003b,0x00000011,0x000000c0,0x00000007,0x0004003b,0x00000011,0x000000c1,0x00000007,
	0x0004003b,0x000000ce,0x000000cf,0x00000007,0x0004003b,0x00000011,0x000000db,0x00000007,
	0x0004003b,0x000000f2,0x000000f3,0x00000007,0x0004003b,0x000000f2,0x000000f9,0x00000007,
	0x0004003b,0x00000011,0x00000107,0x00000007,0x0004003b,0x00000119,0x0000011a,0x00000007,
	0x0004003b,0x00000119,0x00000120,0x00000007,0x0004003b,0x00000008,0x00000134,0x00000007,
	0x0004003b,0x00000009,0x00000138,0x00000007,0x0004003b,0x00000008,0x00000144,0x00000007,
	0x0004003b,0x00000009,0x00000146,0x00000007,0x0004003b,0x00000009,0x00000147,0x00000007,
	0x0004003d,0x00000020,0x000000ae,0x00000028,0x000300f7,0x000000b0,0x00000000,0x000400fa,
	0x000000ae,0x000000af,0x000000c4,0x000200f8,0x000000af,0x0004003d,0x00000006,0x000000b2,
	0x00000026,0x000500c7,0x00000006,0x000000b4,0x000000b2,0x000000b3,0x0004007c,0x00000010,
	0x000000b5,0x000000b4,0x0003003e,0x000000b6,0x000000b5,0x0003003e,0x000000b7,0x000000a5,
	0x00060039,0x00000010,0x000000b8,0x00000015,0x000000b6,0x000000b7,0x0007000c,0x00000010,
	0x000000ba,0x00000001,0x0000002a,0x000000b8,0x000000b9,0x0003003e,0x000000b1,0x000000ba,
	0x0004003d,0x00000006,0x000000bc,0x00000026,0x000500c2,0x00000006,0x000000bd,0x000000bc,
	0x000000a5,0x000500c7,0x00000006,0x000000be,0x000000bd,0x000000b3,0x0004007c,0x00000010,
	0x000000bf,0x000000be,0x0003003e,0x000000c0,0x000000bf,0x0003003e,0x000000c1,0x000000a5,
	0x00060039,0x00000010,0x000000c2,0x00000015,0x000000c0,0x000000c1,0x0007000c,0x00000010,
	0x000000c3,0x00000001,0x0000002a,0x000000c2,0x000000b9,0x0003003e,0x000000bb,0x000000c3,
	0x000200f9,0x000000b0,0x000200f8,0x000000c4,0x0004003d,0x00000006,0x000000c5,0x00000026,
	0x000500c7,0x00000006,0x000000c6,0x000000c5,0x000000b3,0x0004007c,0x00000010,0x000000c7,
	0x000000c6,0x0003003e,0x000000b1,0x000000c7,0x0004003d,0x00000006,0x000000c8,0x00000026,
	0x000500c2,0x00000006,0x000000c9,0x000000c8,0x000000a5,0x000500c7,0x00000006,0x000000ca,
	0x000000c9,0x000000b3,0x0004007c,0x00000010,0x000000cb,0x000000ca,0x0003003e,0x000000bb,
	0x000000cb,0x000200f9,0x000000b0,0x000200f8,0x000000b0,0x0004003d,0x00000010,0x000000d1,
	0x000000b1,0x00050041,0x00000011,0x000000d2,0x000000cf,0x000000d0,0x0003003e,0x000000d2,
	0x000000d1,0x0004003d,0x00000010,0x000000d4,0x000000bb,0x00050041,0x00000011,0x000000d5,
	0x000000cf,0x000000d3,0x0003003e,0x000000d5,0x000000d4,0x0004003d,0x00000010,0x000000d6,
	0x000000b1,0x0004003d,0x00000010,0x000000d7,0x000000bb,0x000500ad,0x00000020,0x000000d8,
	0x000000d6,0x000000d7,0x000300f7,0x000000da,0x00000000,0x000400fa,0x000000d8,0x000000d9,
	0x00000106,0x000200f8,0x000000d9,0x0003003e,0x000000db,0x000000d0,0x000200f9,0x000000dc,
	0x000200f8,0x000000dc,0x000400f6,0x000000de,0x000000df,0x00000000,0x000200f9,0x000000e0,
	0x000200f8,0x000000e0,0x0004003d,0x00000010,0x000000e1,0x000000db,0x000500b1,0x00000020,
	0x000000e3,0x000000e1,0x000000e2,0x000400fa,0x000000e3,0x000000dd,0x000000de,0x000200f8,
	0x000000dd,0x0004003d,0x00000010,0x000000e5,0x000000db,0x00050080,0x00000010,0x000000e6,
	0x000000e4,0x000000e5,0x0004003d,0x00000010,0x000000f0,0x000000db,0x00050082,0x00000010,
	0x000000f1,0x00000034,0x000000f0,0x0003003e,0x000000f3,0x000000ef,0x00050041,0x00000011,
	0x000000f4,0x000000f3,0x000000f1,0x0004003d,0x00000010,0x000000f5,0x000000f4,0x0004003d,
	0x00000010,0x000000f6,0x000000b1,0x00050084,0x00000010,0x000000f7,0x000000f5,0x000000f6,
	0x0004003d,0x00000010,0x000000f8,0x000000db,0x0003003e,0x000000f9,0x000000ef,0x00050041,
	0x00000011,0x000000fa,0x000000f9,0x000000f8,0x0004003d,0x00000010,0x000000fb,0x000000fa,
	0x0004003d,0x00000010,0x000000fc,0x000000bb,0x00050084,0x00000010,0x000000fd,0x000000fb,
	0x000000fc,0x00050080,0x00000010,0x000000fe,0x000000f7,0x000000fd,0x00050080,0x00000010,
	0x00000100,0x000000fe,0x000000ff,0x000500c3,0x00000010,0x00000102,0x00000100,0x00000101,
	0x00050041,0x00000011,0x00000103,0x000000cf,0x000000e6,0x0003003e,0x00000103,0x00000102,
	0x000200f9,0x000000df,0x000200f8,0x000000df,0x0004003d,0x00000010,0x00000104,0x000000db,
	0x00050080,0x00000010,0x00000105,0x00000104,0x000000d3,0x0003003e,0x000000db,0x00000105,
	0x000200f9,0x000000dc,0x000200f8,0x000000de,0x000200f9,0x000000da,0x000200f8,0x00000106,
	0x0003003e,0x00000107,0x000000d0,0x000200f9,0x00000108,0x000200f8,0x00000108,0x000400f6,
	0x0000010a,0x0000010b,0x00000000,0x000200f9,0x0000010c,0x000200f8,0x0000010c,0x0004003d,
	0x00000010,0x0000010d,0x00000107,0x000500b1,0x00000020,0x0000010e,0x0000010d,0x00000097,
	0x000400fa,0x0000010e,0x00000109,0x0000010a,0x000200f8,0x00000109,0x0004003d,0x00000010,
	0x0000010f,0x00000107,0x00050080,0x00000010,0x00000110,0x000000e4,0x0000010f,0x0004003d,
	0x00000010,0x00000117,0x00000107,0x00050082,0x00000010,0x00000118,0x000000a2,0x00000117,
	0x0003003e,0x0000011a,0x00000116,0x00050041,0x00000011,0x0000011b,0x0000011a,0x00000118,
	0x0004003d,0x00000010,0x0000011c,0x0000011b,0x0004003d,0x00000010,0x0000011d,0x000000b1,
	0x00050084,0x00000010,0x0000011e,0x0000011c,0x0000011d,0x0004003d,0x00000010,0x0000011f,
	0x00000107,0x0003003e,0x00000120,0x00000116,0x00050041,0x00000011,0x00000121,0x00000120,
	0x0000011f,0x0004003d,0x00000010,0x00000122,0x00000121,0x0004003d,0x00000010,0x00000123,
	0x000000bb,0x00050084,0x00000010,0x00000124,0x00000122,0x00000123,0x00050080,0x00000010,
	0x00000125,0x0000011e,0x00000124,0x00050080,0x00000010,0x00000126,0x00000125,0x000000ff,
	0x000500c3,0x00000010,0x00000127,0x00000126,0x00000101,0x00050041,0x00000011,0x00000128,
	0x000000cf,0x00000110,0x0003003e,0x00000128,0x00000127,0x000200f9,0x0000010b,0x000200f8,
	0x0000010b,0x0004003d,0x00000010,0x00000129,0x00000107,0x00050080,0x00000010,0x0000012a,
	0x00000129,0x000000d3,0x0003003e,0x00000107,0x0000012a,0x000200f9,0x00000108,0x000200f8,
	0x0000010a,0x0004003d,0x00000020,0x0000012b,0x00000028,0x000600a9,0x00000010,0x0000012c,
	0x0000012b,0x000000b9,0x000000d0,0x00050041,0x00000011,0x0000012d,0x000000cf,0x000000e2,
	0x0003003e,0x0000012d,0x0000012c,0x0004003d,0x00000020,0x0000012f,0x00000028,0x000600a9,
	0x00000010,0x00000132,0x0000012f,0x00000130,0x00000131,0x00050041,0x00000011,0x00000133,
	0x000000cf,0x0000012e,0x0003003e,0x00000133,0x00000132,0x000200f9,0x000000da,0x000200f8,
	0x000000da,0x0004003d,0x00000006,0x00000135,0x00000026,0x0004003d,0x00000006,0x00000136,
	0x00000027,0x00070050,0x00000007,0x00000137,0x00000135,0x00000136,0x0000002d,0x0000002d,
	0x0003003e,0x00000134,0x00000137,0x0003003e,0x00000138,0x0000002d,0x000200f9,0x00000139,
	0x000200f8,0x00000139,0x000400f6,0x0000013b,0x0000013c,0x00000000,0x000200f9,0x0000013d,
	0x000200f8,0x0000013d,0x0004003d,0x00000006,0x0000013e,0x00000138,0x000500b0,0x00000020,
	0x0000013f,0x0000013e,0x00000022,0x000400fa,0x0000013f,0x0000013a,0x0000013b,0x000200f8,
	0x0000013a,0x0004003d,0x00000006,0x00000140,0x00000138,0x0004003d,0x00000006,0x00000141,
	0x00000138,0x00050084,0x00000006,0x00000142,0x00000046,0x00000141,0x00050080,0x00000006,
	0x00000143,0x00000022,0x00000142,0x0004003d,0x00000007,0x00000145,0x00000134,0x0003003e,
	0x00000144,0x00000145,0x0003003e,0x00000146,0x00000143,0x0003003e,0x00000147,0x00000046,
	0x00070039,0x00000006,0x00000148,0x0000000e,0x00000144,0x00000146,0x00000147,0x00050041,
	0x00000011,0x00000149,0x000000cf,0x00000148,0x0004003d,0x00000010,0x0000014a,0x00000149,
	0x0004007c,0x00000006,0x0000014b,0x0000014a,0x000500c7,0x00000006,0x0000014c,0x0000014b,
	0x000000b3,0x00050041,0x00000009,0x0000014d,0x00000029,0x00000140,0x0003003e,0x0000014d,
	0x0000014c,0x000200f9,0x0000013c,0x000200f8,0x0000013c,0x0004003d,0x00000006,0x0000014e,
	0x00000138,0x00050080,0x00000006,0x0000014f,0x0000014e,0x000000d3,0x0003003e,0x00000138,
	0x0000014f,0x000200f9,0x00000139,0x000200f8,0x0000013b,0x000100fd,0x00010038
};
	// 1115.1.0
static const uint32_t spv_bc5[] = {
	0x07230203,0x00010300,0x0008000b,0x000002d7,0x00000000,0x00020011,0x00000001,0x00020011,
	0x00000031,0x0006000b,0x00000001,0x4c534c47,0x6474732e,0x3035342e,0x00000000,0x0003000e,
	0x00000000,0x00000001,0x0006000f,0x00000005,0x00000004,0x6e69616d,0x00000000,0x00000073,
	0x00060010,0x00000004,0x00000011,0x00000008,0x00000008,0x00000001,0x00030003,0x00000002,
	0x000001c2,0x000a0004,0x475f4c47,0x4c474f4f,0x70635f45,0x74735f70,0x5f656c79,0x656e696c,
	0x7269645f,0x69746365,0x00006576,0x00080004,0x475f4c47,0x4c474f4f,0x6e695f45,0x64756c63,
	0x69645f65,0x74636572,0x00657669,0x00040005,0x00000004,0x6e69616d,0x00000000,0x00060005,
	0x0000000e,0x73746962,0x34757628,0x3b31753b,0x003b3175,0x00030005,0x0000000b,0x00000062,
	0x00030005,0x0000000c,0x00736f70,0x00030005,0x0000000d,0x0000006e,0x00050005,0x00000015,
	0x74786573,0x3b316928,0x003b3169,0x00030005,0x00000013,0x00000076,0x00030005,0x00000014,
	0x0000006e,0x00060005,0x0000001e,0x28747570,0x753b3175,0x66763b31,0x00003b34,0x00030005,
	0x0000001b,0x00007874,0x00030005,0x0000001c,0x00007974,0x00030005,0x0000001d,0x00000076,
	0x000a0005,0x0000002a,0x5f346362,0x6e616863,0x286c656e,0x753b3175,0x31623b31,0x5b31753b,
	0x3b5d3631,0x00000000,0x00030005,0x00000026,0x00006f6c,0x00030005,0x00000027,0x00006968,
	0x00030005,0x00000028,0x006e6773,0x00030005,0x00000029,0x00000076,0x00030005,0x00000032,
	0x00006977,0x00030005,0x00000036,0x0000006f,0x00030005,0x0000003a,0x00000076,0x00030005,
	0x00000070,0x006b6c62,0x00080005,0x00000073,0x475f6c67,0x61626f6c,0x766e496c,0x7461636f,
	0x496e6f69,0x00000044,0x00030005,0x00000076,0x00000070,0x00030005,0x00000082,0x00004350,
	0x00060006,0x00000082,0x00000000,0x5f637273,0x64726f77,0x00000000,0x00060006,0x00000082,
	0x00000001,0x5f776f72,0x636f6c62,0x0000736b,0x00070006,0x00000082,0x00000002,0x6579616c,
	0x6c625f72,0x736b636f,0x00000000,0x00050006,0x00000082,0x00000003,0x67616c66,0x00000073,
	0x00050006,0x00000082,0x00000004,0x5f747364,0x0066666f,0x00050006,0x00000082,0x00000005,
	0x65747865,0x0000746e,0x00030005,0x00000084,0x00006370,0x00030005,0x00000095,0x00747364,
	0x00030005,0x000000b1,0x00003065,0x00040005,0x000000b6,0x61726170,0x0000006d,0x00040005,
	0x000000b7,0x61726170,0x0000006d,0x00030005,0x000000bb,0x00003165,0x00040005,0x000000c0,
	0x61726170,0x0000006d,0x00040005,0x000000c1,0x61726170,0x0000006d,0x00030005,0x000000cf,
	0x006c6170,0x00030005,0x000000db,0x00000069,0x00050005,0x000000f3,0x65646e69,0x6c626178,
	0x00000065,0x00050005,0x000000f9,0x65646e69,0x6c626178,0x00000065,0x00030005,0x00000107,
	0x00000069,0x00050005,0x0000011a,0x65646e69,0x6c626178,0x00000065,0x00050005,0x00000120,
	0x65646e69,0x6c626178,0x00000065,0x00030005,0x00000134,0x00000062,0x00030005,0x00000138,
	0x00000074,0x00040005,0x00000144,0x61726170,0x0000006d,0x00040005,0x00000146,0x61726170,
	0x0000006d,0x00040005,0x00000147,0x61726170,0x0000006d,0x00030005,0x00000150,0x006b6c62,
	0x00040005,0x00000153,0x6b6c626e,0x00000000,0x00040005,0x0000016c,0x64726f77,0x00000073,
	0x00040005,0x0000016d,0x65736162,0x00000000,0x00030005,0x00000181,0x00000062,0x00030005,
	0x00000183,0x00637253,0x00040006,0x00000183,0x00000000,0x00000077,0x00030005,0x00000185,
	0x00637273,0x00030005,0x000001a5,0x006e6773,0x00030005,0x000001aa,0x00000072,0x00040005,
	0x000001ab,0x61726170,0x0000006d,0x00040005,0x000001ae,0x61726170,0x0000006d,0x00040005,
	0x000001b1,0x61726170,0x0000006d,0x00040005,0x000001b3,0x61726170,0x0000006d,0x00030005,
	0x000001b6,0x00000067,0x00040005,0x000001b7,0x61726170,0x0000006d,0x00040005,0x000001ba,
	0x61726170,0x0000006d,0x00040005,0x000001bd,0x61726170,0x0000006d,0x00040005,0x000001bf,
	0x61726170,0x0000006d,0x00030005,0x000001c2,0x00000074,0x00040005,0x000001dc,0x61726170,
	0x0000006d,0x00040005,0x000001dd,0x61726170,0x0000006d,0x00040005,0x000001de,0x61726170,
	0x0000006d,0x00040047,0x00000073,0x0000000b,0x0000001c,0x00030047,0x00000082,0x00000002,
	0x00050048,0x00000082,0x00000000,0x00000023,0x00000000,0x00050048,0x00000082,0x00000001,
	0x00000023,0x00000004,0x00050048,0x00000082,0x00000002,0x00000023,0x00000008,0x00050048,
	0x00000082,0x00000003,0x00000023,0x0000000c,0x00050048,0x00000082,0x00000004,0x00000023,
	0x00000010,0x00050048,0x00000082,0x00000005,0x00000023,0x00000018,0x00030047,0x00000095,
	0x00000019,0x00040047,0x00000095,0x00000021,0x00000001,0x00040047,0x00000095,0x00000022,
	0x00000000,0x00040047,0x00000182,0x00000006,0x00000004,0x00030047,0x00000183,0x00000002,
	0x00040048,0x00000183,0x00000000,0x00000018,0x00050048,0x00000183,0x00000000,0x00000023,
	0x00000000,0x00030047,0x00000185,0x00000018,0x00040047,0x00000185,0x00000021,0x00000000,
	0x00040047,0x00000185,0x00000022,0x00000000,0x00040047,0x000001e2,0x0000000b,0x00000019,
	0x00020013,0x00000002,0x00030021,0x00000003,0x00000002,0x00040015,0x00000006,0x00000020,
	0x00000000,0x00040017,0x00000007,0x00000006,0x00000004,0x00040020,0x00000008,0x00000007,
	0x00000007,0x00040020,0x00000009,0x00000007,0x00000006,0x00060021,0x0000000a,0x00000006,
	0x00000008,0x00000009,0x00000009,0x00040015,0x00000010,0x00000020,0x00000001,0x00040020,
	0x00000011,0x00000007,0x00000010,0x00050021,0x00000012,0x00000010,0x00000011,0x00000011,
	0x00030016,0x00000017,0x00000020,0x00040017,0x00000018,0x00000017,0x00000004,0x00040020,
	0x00000019,0x00000007,0x00000018,0x00060021,0x0000001a,0x00000002,0x00000009,0x00000009,
	0x00000019,0x00020014,0x00000020,0x00040020,0x00000021,0x00000007,0x00000020,0x0004002b,
	0x00000006,0x00000022,0x00000010,0x0004001c,0x00000023,0x00000006,0x00000022,0x00040020,
	0x00000024,0x00000007,0x00000023,0x00070021,0x00000025,0x00000002,0x00000009,0x00000009,
	0x00000021,0x00000024,0x0004002b,0x00000006,0x0000002d,0x00000000,0x0004002b,0x00000010,
	0x00000034,0x00000005,0x0004002b,0x00000006,0x00000038,0x0000001f,0x0004002b,0x00000006,
	0x00000043,0x00000020,0x0004002b,0x00000006,0x00000046,0x00000003,0x0004002b,0x00000006,
	0x0000004c,0x00000001,0x0004002b,0x00000010,0x00000065,0x00000020,0x00040017,0x0000006e,
	0x00000006,0x00000002,0x00040020,0x0000006f,0x00000007,0x0000006e,0x00040017,0x00000071,
	0x00000006,0x00000003,0x00040020,0x00000072,0x00000001,0x00000071,0x0004003b,0x00000072,
	0x00000073,0x00000001,0x0004002b,0x00000006,0x00000078,0x00000004,0x00040017,0x00000081,
	0x00000010,0x00000002,0x0008001e,0x00000082,0x00000006,0x00000006,0x00000006,0x00000006,
	0x00000081,0x0000006e,0x00040020,0x00000083,0x00000009,0x00000082,0x0004003b,0x00000083,
	0x00000084,0x00000009,0x00040020,0x00000085,0x00000009,0x00000006,0x00090019,0x00000093,
	0x00000017,0x00000001,0x00000000,0x00000001,0x00000000,0x00000002,0x0000000d,0x00040020,
	0x00000094,0x00000000,0x00000093,0x0004003b,0x00000094,0x00000095,0x00000000,0x0004002b,
	0x00000010,0x00000097,0x00000004,0x00040020,0x00000098,0x00000009,0x00000081,0x0004002b,
	0x00000006,0x0000009e,0x00000002,0x00040020,0x0000009f,0x00000001,0x00000006,0x0004002b,
	0x00000010,0x000000a2,0x00000003,0x0004002b,0x00000010,0x000000a5,0x00000008,0x00040017,
	0x000000a9,0x00000010,0x00000003,0x0004002b,0x00000006,0x000000b3,0x000000ff,0x0004002b,
	0x00000010,0x000000b9,0xffffff81,0x0004002b,0x00000006,0x000000cc,0x00000008,0x0004001c,
	0x000000cd,0x00000010,0x000000cc,0x00040020,0x000000ce,0x00000007,0x000000cd,0x0004002b,
	0x00000010,0x000000d0,0x00000000,0x0004002b,0x00000010,0x000000d3,0x00000001,0x0004002b,
	0x00000010,0x000000e2,0x00000006,0x0004002b,0x00000010,0x000000e4,0x00000002,0x0004002b,
	0x00000006,0x000000e7,0x00000006,0x0004001c,0x000000e8,0x00000010,0x000000e7,0x0004002b,
	0x00000010,0x000000e9,0x00002493,0x0004002b,0x00000010,0x000000ea,0x00004924,0x0004002b,
	0x00000010,0x000000eb,0x00006db6,0x0004002b,0x00000010,0x000000ec,0x0000924a,0x0004002b,
	0x00000010,0x000000ed,0x0000b6dc,0x0004002b,0x00000010,0x000000ee,0x0000db6d,0x0009002c,
	0x000000e8,0x000000ef,0x000000e9,0x000000ea,0x000000eb,0x000000ec,0x000000ed,0x000000ee,
	0x00040020,0x000000f2,0x00000007,0x000000e8,0x0004002b,0x00000010,0x000000ff,0x00008000,
	0x0004002b,0x00000010,0x00000101,0x00000010,0x0004001c,0x00000111,0x00000010,0x00000078,
	0x0004002b,0x00000010,0x00000112,0x00003333,0x0004002b,0x00000010,0x00000113,0x00006667,
	0x0004002b,0x00000010,0x00000114,0x00009999,0x0004002b,0x00000010,0x00000115,0x0000cccd,
	0x0007002c,0x00000111,0x00000116,0x00000112,0x00000113,0x00000114,0x00000115,0x00040020,
	0x00000119,0x00000007,0x00000111,0x0004002b,0x00000010,0x0000012e,0x00000007,0x0004002b,
	0x00000010,0x00000130,0x0000007f,0x0004002b,0x00000010,0x00000131,0x000000ff,0x00040020,
	0x00000154,0x00000009,0x0000006e,0x0003001d,0x00000182,0x00000006,0x0003001e,0x00000183,
	0x00000182,0x00040020,0x00000184,0x0000000c,0x00000183,0x0004003b,0x00000184,0x00000185,
	0x0000000c,0x00040020,0x00000187,0x0000000c,0x00000006,0x0004002b,0x00000017,0x000001d2,
	0x437f0000,0x0004002b,0x00000017,0x000001d9,0x00000000,0x0004002b,0x00000017,0x000001da,
	0x3f800000,0x0006002c,0x00000071,0x000001e2,0x000000cc,0x000000cc,0x0000004c,0x0004001c,
	0x000001e3,0x00000010,0x00000043,0x0004002b,0x00000010,0x000001e4,0x0000000a,0x0004002b,
	0x00000010,0x000001e5,0xffffffff,0x0004002b,0x00000010,0x000001e6,0x0000000b,0x0004002b,
	0x00000010,0x000001e7,0x0000000c,0x0004002b,0x00000010,0x000001e8,0x0000000d,0x0004002b,
	0x00000010,0x000001e9,0x00000009,0x0023002c,0x000001e3,0x000001ea,0x000000d0,0x000000d3,
	0x000000e4,0x000001e4,0x000001e5,0x000001e5,0x000000a2,0x000001e6,0x000001e5,0x000001e5,
	0x00000097,0x000001e7,0x000001e5,0x000001e5,0x00000034,0x000001e8,0x000001e5,0x000001e5,
	0x000000e2,0x000001e5,0x000001e5,0x000001e5,0x0000012e,0x000001e5,0x000001e5,0x000001e5,
	0x000000a5,0x000001e5,0x000001e5,0x000001e5,0x000001e9,0x000001e5,0x0004002b,0x00000006,
	0x000001eb,0x0000000f,0x0004001c,0x000001ec,0x00000006,0x000001eb,0x0004002b,0x00000006,
	0x000001ed,0x00000014,0x0004002b,0x00000006,0x000001ee,0x0000002c,0x0004002b,0x00000006,
	0x000001ef,0x0000003f,0x0004002b,0x00000006,0x000001f0,0x00000054,0x0004002b,0x00000006,
	0x000001f1,0x00000069,0x0004002b,0x00000006,0x000001f2,0x0000007d,0x0004002b,0x00000006,
	0x000001f3,0x00000091,0x0004002b,0x00000006,0x000001f4,0x000000a7,0x0004002b,0x00000006,
	0x000001f5,0x000000bd,0x0004002b,0x00000006,0x000001f6,0x000000d5,0x0004002b,0x00000006,
	0x000001f7,0x000000db,0x0004002b,0x00000006,0x000001f8,0x000000e4,0x0004002b,0x00000006,
	0x000001f9,0x000000ed,0x0004002b,0x00000006,0x000001fa,0x000000f6,0x0012002c,0x000001ec,
	0x000001fb,0x0000002d,0x000001ed,0x000001ee,0x000001ef,0x000001f0,0x000001f1,0x000001f2,
	0x000001f3,0x000001f4,0x000001f5,0x000001f6,0x000001f7,0x000001f8,0x000001f9,0x000001fa,
	0x0004001c,0x000001fc,0x00000006,0x000001fa,0x0004002b,0x00000006,0x000001fd,0x00000816,
	0x0004002b,0x00000006,0x000001fe,0x0000081a,0x0004002b,0x00000006,0x000001ff,0x0000081b,
	0x0004002b,0x00000006,0x00000200,0x000000a0,0x0004002b,0x00000006,0x00000201,0x000000a4,
	0x0004002b,0x00000006,0x00000202,0x000000a8,0x0004002b,0x00000006,0x00000203,0x00000051,
	0x0004002b,0x00000006,0x00000204,0x00000817,0x0004002b,0x00000006,0x00000205,0x00000046,
	0x0004002b,0x00000006,0x00000206,0x00000055,0x0004002b,0x00000006,0x00000207,0x0000001b,
	0x0004002b,0x00000006,0x00000208,0x00000047,0x0004002b,0x00000006,0x00000209,0x00000059,
	0x0004002b,0x00000006,0x0000020a,0x0000021b,0x0004002b,0x00000006,0x0000020b,0x0000004a,
	0x0004002b,0x00000006,0x0000020c,0x00000052,0x0004002b,0x00000006,0x0000020d,0x0000041b,
	0x0004002b,0x00000006,0x0000020e,0x00000053,0x0004002b,0x00000006,0x0000020f,0x0000061b,
	0x0004002b,0x00000006,0x00000210,0x0000005c,0x0004002b,0x00000006,0x00000211,0x00000a16,
	0x0004002b,0x00000006,0x00000212,0x00000a17,0x0004002b,0x00000006,0x00000213,0x00000070,
	0x0004002b,0x00000006,0x00000214,0x00000074,0x0004002b,0x00000006,0x00000215,0x00000a1a,
	0x0004002b,0x00000006,0x00000216,0x00000078,0x0004002b,0x00000006,0x00000217,0x00000a1b,
	0x0004002b,0x00000006,0x00000218,0x00000061,0x0004002b,0x00000006,0x00000219,0x00000065,
	0x0004002b,0x00000006,0x0000021a,0x00000062,0x0004002b,0x00000006,0x0000021b,0x00000063,
	0x0004002b,0x00000006,0x0000021c,0x00001410,0x0004002b,0x00000006,0x0000021d,0x00000045,
	0x0004002b,0x00000006,0x0000021e,0x00001414,0x0004002b,0x00000006,0x0000021f,0x00000049,
	0x0004002b,0x00000006,0x00000220,0x00001418,0x0004002b,0x00000006,0x00000221,0x00000041,
	0x0004002b,0x00000006,0x00000222,0x00000042,0x0004002b,0x00000006,0x00000223,0x00000043,
	0x0004002b,0x00000006,0x00000224,0x00000090,0x0004002b,0x00000006,0x00000225,0x00000094,
	0x0004002b,0x00000006,0x00000226,0x00000098,0x0004002b,0x00000006,0x00000227,0x00000080,
	0x0004002b,0x00000006,0x00000228,0x00000084,0x0004002b,0x00000006,0x00000229,0x00000088,
	0x0004002b,0x00000006,0x0000022a,0x00000060,0x0004002b,0x00000006,0x0000022b,0x00000064,
	0x0004002b,0x00000006,0x0000022c,0x00000068,0x0004002b,0x00000006,0x0000022d,0x000000a1,
	0x0004002b,0x00000006,0x0000022e,0x000000a5,0x0004002b,0x00000006,0x0000022f,0x000000a9,
	0x0004002b,0x00000006,0x00000230,0x00000095,0x0004002b,0x00000006,0x00000231,0x00000099,
	0x0004002b,0x00000006,0x00000232,0x00000081,0x0004002b,0x00000006,0x00000233,0x00005420,
	0x0004002b,0x00000006,0x00000234,0x00000085,0x0004002b,0x00000006,0x00000235,0x00005424,
	0x0004002b,0x00000006,0x00000236,0x00000089,0x0004002b,0x00000006,0x00000237,0x00005428,
	0x0004002b,0x00000006,0x00000238,0x00005460,0x0004002b,0x00000006,0x00000239,0x00005464,
	0x0004002b,0x00000006,0x0000023a,0x00005468,0x00f9002c,0x000001fc,0x0000023b,0x000001fd,
	0x000001fe,0x000001ff,0x00000200,0x00000201,0x00000202,0x00000203,0x00000204,0x00000205,
	0x00000206,0x00000207,0x00000208,0x00000209,0x0000020a,0x0000020b,0x0000020c,0x0000020d,
	0x0000020e,0x0000020f,0x00000210,0x00000211,0x00000204,0x00000212,0x00000213,0x00000207,
	0x0000020a,0x000001fe,0x00000214,0x00000215,0x0000020d,0x000001fd,0x00000216,0x0000020f,
	0x00000217,0x000001ff,0x00000218,0x00000205,0x00000219,0x00000208,0x000001f1,0x0000020b,
	0x0000021a,0x0000021b,0x00000210,0x00000200,0x00000201,0x00000202,0x00000203,0x0000021c,
	0x00000205,0x0000021d,0x0000021e,0x00000207,0x00000208,0x0000021f,0x00000220,0x0000020a,
	0x0000020b,0x0000020c,0x0000020d,0x0000020e,0x0000020f,0x00000210,0x00000200,0x00000201,
	0x00000202,0x00000221,0x0000021c,0x00000204,0x00000205,0x00000206,0x0000021e,0x00000208,
	0x0000021f,0x00000220,0x0000020a,0x0000020b,0x00000222,0x00000207,0x0000020d,0x00000223,
	0x000001fd,0x0000020f,0x00000210,0x00000200,0x00000201,0x00000202,0x00000221,0x0000021c,
	0x000001fe,0x00000205,0x0000021d,0x0000021e,0x00000207,0x00000208,0x00000209,0x00000220,
	0x0000020b,0x00000222,0x0000020a,0x0000020d,0x00000223,0x000001ff,0x0000020f,0x00000210,
	0x00000224,0x000001fe,0x00000225,0x000001fd,0x00000226,0x000001ff,0x00000203,0x00000204,
	0x00000205,0x00000206,0x00000207,0x00000208,0x00000209,0x0000020a,0x0000020b,0x0000020c,
	0x0000020d,0x0000020e,0x0000020f,0x00000210,0x00000227,0x00000204,0x000001fe,0x00000228,
	0x0000020d,0x000001fd,0x00000229,0x0000020f,0x000001ff,0x00000218,0x00000205,0x00000206,
	0x00000207,0x00000208,0x00000209,0x0000020a,0x0000020b,0x0000021a,0x0000021b,0x00000210,
	0x00000227,0x00000207,0x000001fe,0x00000228,0x00000211,0x000001fd,0x00000229,0x00000212,
	0x000001ff,0x00000203,0x00000204,0x00000205,0x00000219,0x00000208,0x00000209,0x0000020a,
	0x0000020b,0x0000020c,0x0000020d,0x0000020e,0x0000020f,0x00000210,0x00000227,0x0000020a,
	0x000001fe,0x00000228,0x00000215,0x000001fd,0x00000229,0x00000217,0x000001ff,0x00000203,
	0x00000204,0x00000205,0x00000206,0x00000207,0x00000208,0x000001f1,0x0000020b,0x0000020c,
	0x0000020d,0x0000020e,0x0000020f,0x00000210,0x0000022a,0x00000204,0x00000207,0x0000020a,
	0x000001fe,0x0000022b,0x00000211,0x00000215,0x0000020d,0x000001fd,0x0000022c,0x00000212,
	0x0000020f,0x00000217,0x000001ff,0x00000218,0x00000205,0x00000219,0x00000208,0x000001f1,
	0x0000020b,0x0000021a,0x0000021b,0x00000210,0x00000200,0x00000201,0x00000202,0x0000022d,
	0x0000022e,0x0000022f,0x00000200,0x00000201,0x00000202,0x000001f3,0x0000021c,0x00000230,
	0x0000021e,0x00000231,0x00000220,0x00000200,0x00000201,0x00000202,0x00000232,0x00000233,
	0x00000234,0x00000235,0x00000236,0x00000237,0x00000200,0x00000201,0x00000202,0x00000221,
	0x00000238,0x0000021d,0x00000239,0x0000021f,0x0000023a,0x0004002b,0x00000006,0x0000023c,
	0x0000000e,0x0004001c,0x0000023d,0x00000010,0x0000023c,0x0011002c,0x0000023d,0x0000023e,
	0x000001e4,0x0000012e,0x000001e6,0x000001e6,0x000001e6,0x000001e9,0x000000a5,0x000000a5,
	0x000000a5,0x000000e2,0x000001e4,0x000001e6,0x000001e7,0x00000101,0x0011002c,0x0000023d,
	0x0000023f,0x00000034,0x000000e2,0x00000034,0x00000097,0x00000097,0x00000034,0x000000e2,
	0x00000034,0x00000034,0x000000e2,0x000001e4,0x000001e9,0x000000a5,0x00000097,0x0011002c,
	0x0000023d,0x00000240,0x00000034,0x000000e2,0x00000097,0x00000034,0x00000097,0x00000034,
	0x00000034,0x000000e2,0x00000034,0x000000e2,0x000001e4,0x000001e9,0x000000a5,0x00000097,
	0x0011002c,0x0000023d,0x00000241,0x00000034,0x000000e2,0x00000097,0x00000097,0x00000034,
	0x00000034,0x00000034,0x00000034,0x000000e2,0x000000e2,0x000001e4,0x000001e9,0x000000a5,
	0x00000097,0x0004002b,0x00000006,0x00000242,0x00000040,0x0004001c,0x00000243,0x00000006,
	0x00000242,0x0004002b,0x00000006,0x00000244,0x50505050,0x0004002b,0x00000006,0x00000245,
	0x40404040,0x0004002b,0x00000006,0x00000246,0x54545454,0x0004002b,0x00000006,0x00000247,
	0x54505040,0x0004002b,0x00000006,0x00000248,0x50404000,0x0004002b,0x00000006,0x00000249,
	0x55545450,0x0004002b,0x00000006,0x0000024a,0x55545040,0x0004002b,0x00000006,0x0000024b,
	0x54504000,0x0004002b,0x00000006,0x0000024c,0x50400000,0x0004002b,0x00000006,0x0000024d,
	0x55555450,0x0004002b,0x00000006,0x0000024e,0x55544000,0x0004002b,0x00000006,0x0000024f,
	0x54400000,0x0004002b,0x00000006,0x00000250,0x55555440,0x0004002b,0x00000006,0x00000251,
	0x55550000,0x0004002b,0x00000006,0x00000252,0x55555500,0x0004002b,0x00000006,0x00000253,
	0x55000000,0x0004002b,0x00000006,0x00000254,0x55150100,0x0004002b,0x00000006,0x00000255,
	0x00004054,0x0004002b,0x00000006,0x00000256,0x15010000,0x0004002b,0x00000006,0x00000257,
	0x00405054,0x0004002b,0x00000006,0x00000258,0x00004050,0x0004002b,0x00000006,0x00000259,
	0x15050100,0x0004002b,0x00000006,0x0000025a,0x05010000,0x0004002b,0x00000006,0x0000025b,
	0x40505054,0x0004002b,0x00000006,0x0000025c,0x00404050,0x0004002b,0x00000006,0x0000025d,
	0x05010100,0x0004002b,0x00000006,0x0000025e,0x14141414,0x0004002b,0x00000006,0x0000025f,
	0x05141450,0x0004002b,0x00000006,0x00000260,0x01155440,0x0004002b,0x00000006,0x00000261,
	0x00555500,0x0004002b,0x00000006,0x00000262,0x15014054,0x0004002b,0x00000006,0x00000263,
	0x05414150,0x0004002b,0x00000006,0x00000264,0x44444444,0x0004002b,0x00000006,0x00000265,
	0x55005500,0x0004002b,0x00000006,0x00000266,0x11441144,0x0004002b,0x00000006,0x00000267,
	0x05055050,0x0004002b,0x00000006,0x00000268,0x05500550,0x0004002b,0x00000006,0x00000269,
	0x11114444,0x0004002b,0x00000006,0x0000026a,0x41144114,0x0004002b,0x00000006,0x0000026b,
	0x44111144,0x0004002b,0x00000006,0x0000026c,0x15055054,0x0004002b,0x00000006,0x0000026d,
	0x01055040,0x0004002b,0x00000006,0x0000026e,0x05041050,0x0004002b,0x00000006,0x0000026f,
	0x05455150,0x0004002b,0x00000006,0x00000270,0x14414114,0x0004002b,0x00000006,0x00000271,
	0x50050550,0x0004002b,0x00000006,0x00000272,0x41411414,0x0004002b,0x00000006,0x00000273,
	0x00141400,0x0004002b,0x00000006,0x00000274,0x00041504,0x0004002b,0x00000006,0x00000275,
	0x00105410,0x0004002b,0x00000006,0x00000276,0x10541000,0x0004002b,0x00000006,0x00000277,
	0x04150400,0x0004002b,0x00000006,0x00000278,0x50410514,0x0004002b,0x00000006,0x00000279,
	0x41051450,0x0004002b,0x00000006,0x0000027a,0x05415014,0x0004002b,0x00000006,0x0000027b,
	0x14054150,0x0004002b,0x00000006,0x0000027c,0x41050514,0x0004002b,0x00000006,0x0000027d,
	0x41505014,0x0004002b,0x00000006,0x0000027e,0x40011554,0x0004002b,0x00000006,0x0000027f,
	0x54150140,0x0004002b,0x00000006,0x00000280,0x50505500,0x0004002b,0x00000006,0x00000281,
	0x00555050,0x0004002b,0x00000006,0x00000282,0x15151010,0x0004002b,0x00000006,0x00000283,
	0x54540404,0x0043002c,0x00000243,0x00000284,0x00000244,0x00000245,0x00000246,0x00000247,
	0x00000248,0x00000249,0x0000024a,0x0000024b,0x0000024c,0x0000024d,0x0000024e,0x0000024f,
	0x00000250,0x00000251,0x00000252,0x00000253,0x00000254,0x00000255,0x00000256,0x00000257,
	0x00000258,0x00000259,0x0000025a,0x0000025b,0x0000025c,0x0000025d,0x0000025e,0x0000025f,
	0x00000260,0x00000261,0x00000262,0x00000263,0x00000264,0x00000265,0x00000266,0x00000267,
	0x00000268,0x00000269,0x0000026a,0x0000026b,0x0000026c,0x0000026d,0x0000026e,0x0000026f,
	0x00000270,0x00000271,0x00000272,0x00000273,0x00000274,0x00000275,0x00000276,0x00000277,
	0x00000278,0x00000279,0x0000027a,0x0000027b,0x0000027c,0x0000027d,0x0000027e,0x0000027f,
	0x00000280,0x00000281,0x00000282,0x00000283,0x0043002c,0x00000243,0x00000285,0x000001eb,
	0x000001eb,0x000001eb,0x000001eb,0x000001eb,0x000001eb,0x000001eb,0x000001eb,0x000001eb,
	0x000001eb,0x000001eb,0x000001eb,0x000001eb,0x000001eb,0x000001eb,0x000001eb,0x000001eb,
	0x0000009e,0x000000cc,0x0000009e,0x0000009e,0x000000cc,0x000000cc,0x000001eb,0x0000009e,
	0x000000cc,0x0000009e,0x0000009e,0x000000cc,0x000000cc,0x0000009e,0x0000009e,0x000001eb,
	0x000001eb,0x000000e7,0x000000cc,0x0000009e,0x000000cc,0x000001eb,0x000001eb,0x0000009e,
	0x000000cc,0x0000009e,0x0000009e,0x0000009e,0x000001eb,0x000001eb,0x000000e7,0x000000e7,
	0x0000009e,0x000000e7,0x000000cc,0x000001eb,0x000001eb,0x0000009e,0x0000009e,0x000001eb,
	0x000001eb,0x000001eb,0x000001eb,0x000001eb,0x0000009e,0x0000009e,0x000001eb,0x0004002b,
	0x00000006,0x00000286,0xaa685050,0x0004002b,0x00000006,0x00000287,0x6a5a5040,0x0004002b,
	0x00000006,0x00000288,0x5a5a4200,0x0004002b,0x00000006,0x00000289,0x5450a0a8,0x0004002b,
	0x00000006,0x0000028a,0xa5a50000,0x0004002b,0x00000006,0x0000028b,0xa0a05050,0x0004002b,
	0x00000006,0x0000028c,0x5555a0a0,0x0004002b,0x00000006,0x0000028d,0x5a5a5050,0x0004002b,
	0x00000006,0x0000028e,0xaa550000,0x0004002b,0x00000006,0x0000028f,0xaa555500,0x0004002b,
	0x00000006,0x00000290,0xaaaa5500,0x0004002b,0x00000006,0x00000291,0x90909090,0x0004002b,
	0x00000006,0x00000292,0x94949494,0x0004002b,0x00000006,0x00000293,0xa4a4a4a4,0x0004002b,
	0x00000006,0x00000294,0xa9a59450,0x0004002b,0x00000006,0x00000295,0x2a0a4250,0x0004002b,
	0x00000006,0x00000296,0xa5945040,0x0004002b,0x00000006,0x00000297,0x0a425054,0x0004002b,
	0x00000006,0x00000298,0xa5a5a500,0x0004002b,0x00000006,0x00000299,0x55a0a0a0,0x0004002b,
	0x00000006,0x0000029a,0xa8a85454,0x0004002b,0x00000006,0x0000029b,0x6a6a4040,0x0004002b,
	0x00000006,0x0000029c,0xa4a45000,0x0004002b,0x00000006,0x0000029d,0x1a1a0500,0x0004002b,
	0x00000006,0x0000029e,0x0050a4a4,0x0004002b,0x00000006,0x0000029f,0xaaa59090,0x0004002b,
	0x00000006,0x000002a0,0x14696914,0x0004002b,0x00000006,0x000002a1,0x69691400,0x0004002b,
	0x00000006,0x000002a2,0xa08585a0,0x0004002b,0x00000006,0x000002a3,0xaa821414,0x0004002b,
	0x00000006,0x000002a4,0x50a4a450,0x0004002b,0x00000006,0x000002a5,0x6a5a0200,0x0004002b,
	0x00000006,0x000002a6,0xa9a58000,0x0004002b,0x00000006,0x000002a7,0x5090a0a8,0x0004002b,
	0x00000006,0x000002a8,0xa8a09050,0x0004002b,0x00000006,0x000002a9,0x24242424,0x0004002b,
	0x00000006,0x000002aa,0x00aa5500,0x0004002b,0x00000006,0x000002ab,0x24924924,0x0004002b,
	0x00000006,0x000002ac,0x24499224,0x0004002b,0x00000006,0x000002ad,0x50a50a50,0x0004002b,
	0x00000006,0x000002ae,0x500aa550,0x0004002b,0x00000006,0x000002af,0xaaaa4444,0x0004002b,
	0x00000006,0x000002b0,0x66660000,0x0004002b,0x00000006,0x000002b1,0xa5a0a5a0,0x0004002b,
	0x00000006,0x000002b2,0x50a050a0,0x0004002b,0x00000006,0x000002b3,0x69286928,0x0004002b,
	0x00000006,0x000002b4,0x44aaaa44,0x0004002b,0x00000006,0x000002b5,0x66666600,0x0004002b,
	0x00000006,0x000002b6,0xaa444444,0x0004002b,0x00000006,0x000002b7,0x54a854a8,0x0004002b,
	0x00000006,0x000002b8,0x95809580,0x0004002b,0x00000006,0x000002b9,0x96969600,0x0004002b,
	0x00000006,0x000002ba,0xa85454a8,0x0004002b,0x00000006,0x000002bb,0x80959580,0x0004002b,
	0x00000006,0x000002bc,0xaa141414,0x0004002b,0x00000006,0x000002bd,0x96960000,0x0004002b,
	0x00000006,0x000002be,0xaaaa1414,0x0004002b,0x00000006,0x000002bf,0xa05050a0,0x0004002b,
	0x00000006,0x000002c0,0xa0a5a5a0,0x0004002b,0x00000006,0x000002c1,0x96000000,0x0004002b,
	0x00000006,0x000002c2,0x40804080,0x0004002b,0x00000006,0x000002c3,0xa9a8a9a8,0x0004002b,
	0x00000006,0x000002c4,0xaaaaaa44,0x0004002b,0x00000006,0x000002c5,0x2a4a5254,0x0043002c,
	0x00000243,0x000002c6,0x00000286,0x00000287,0x00000288,0x00000289,0x0000028a,0x0000028b,
	0x0000028c,0x0000028d,0x0000028e,0x0000028f,0x00000290,0x00000291,0x00000292,0x00000293,
	0x00000294,0x00000295,0x00000296,0x00000297,0x00000298,0x00000299,0x0000029a,0x0000029b,
	0x0000029c,0x0000029d,0x0000029e,0x0000029f,0x000002a0,0x000002a1,0x000002a2,0x000002a3,
	0x000002a4,0x000002a5,0x000002a6,0x000002a7,0x000002a8,0x000002a9,0x000002aa,0x000002ab,
	0x000002ac,0x000002ad,0x000002ae,0x000002af,0x000002b0,0x000002b1,0x000002b2,0x000002b3,
	0x000002b4,0x000002b5,0x000002b6,0x000002b7,0x000002b8,0x000002b9,0x000002ba,0x000002bb,
	0x000002bc,0x000002bd,0x000002be,0x000002bf,0x000002c0,0x000002c1,0x000002c2,0x000002c3,
	0x000002c4,0x000002c5,0x0004002b,0x00000006,0x000002c7,0x000000f3,0x0004002b,0x00000006,
	0x000002c8,0x00000083,0x0004002b,0x00000006,0x000002c9,0x0000008f,0x0004002b,0x00000006,
	0x000002ca,0x000000f8,0x0004002b,0x00000006,0x000002cb,0x000000f5,0x0004002b,0x00000006,
	0x000002cc,0x0000008a,0x0004002b,0x00000006,0x000002cd,0x00000035,0x0004002b,0x00000006,
	0x000002ce,0x000000a6,0x0004002b,0x00000006,0x000002cf,0x000000af,0x0004002b,0x00000006,
	0x000002d0,0x0000006f,0x0004002b,0x00000006,0x000002d1,0x000000fa,0x0004002b,0x00000006,
	0x000002d2,0x000000fd,0x0004002b,0x00000006,0x000002d3,0x000000fc,0x0043002c,0x00000243,
	0x000002d4,0x000002c7,0x000002c8,0x000002c9,0x000001ef,0x000002ca,0x000002c7,0x000001ef,
	0x000002c9,0x000002ca,0x000002ca,0x000001fa,0x000001fa,0x000001fa,0x000002cb,0x000002c7,
	0x000002c8,0x000002c7,0x000002c8,0x000002ca,0x000001ef,0x000002c7,0x000002c8,0x000001fa,
	0x000002cc,0x000002cd,0x000002ca,0x0000022c,0x000002ce,0x000002ca,0x000002cb,0x000002cf,
	0x000002c9,0x000002ca,0x000001ef,0x000002c7,0x0000022e,0x000002ce,0x000002cc,0x00000226,
	0x000002cf,0x000002d0,0x000002c7,0x000002c9,0x000002cb,0x000001ef,0x000002d0,0x000002d0,
	0x000002c9,0x000002c7,0x000001ef,0x000002cb,0x000002cb,0x000002cb,0x000002ca,0x000002cb,
	0x000002d1,0x000002cb,0x000002d1,0x000002ca,0x000002d2,0x000001ef,0x000002d3,0x000002c7,
	0x000002c8,0x000b002c,0x000000cd,0x000002d5,0x00000097,0x000000e2,0x00000034,0x0000012e,
	0x00000034,0x0000012e,0x0000012e,0x00000034,0x000b002c,0x000000cd,0x000002d6,0x000000d0,
	0x000000d0,0x000000d0,0x000000d0,0x000000e2,0x000000a5,0x0000012e,0x00000034,0x00050036,
	0x00000002,0x00000004,0x00000000,0x00000003,0x000200f8,0x00000005,0x0004003b,0x0000006f,
	0x00000150,0x00000007,0x0004003b,0x0000006f,0x00000153,0x00000007,0x0004003b,0x00000009,
	0x0000016c,0x00000007,0x0004003b,0x00000009,0x0000016d,0x00000007,0x0004003b,0x00000008,
	0x00000181,0x00000007,0x0004003b,0x00000009,0x00000190,0x00000007,0x0004003b,0x00000009,
	0x0000019b,0x00000007,0x0004003b,0x00000021,0x000001a5,0x00000007,0x0004003b,0x00000024,
	0x000001aa,0x00000007,0x0004003b,0x00000009,0x000001ab,0x00000007,0x0004003b,0x00000009,
	0x000001ae,0x00000007,0x0004003b,0x00000021,0x000001b1,0x00000007,0x0004003b,0x00000024,
	0x000001b3,0x00000007,0x0004003b,0x00000024,0x000001b6,0x00000007,0x0004003b,0x00000009,
	0x000001b7,0x00000007,0x0004003b,0x00000009,0x000001ba,0x00000007,0x0004003b,0x00000021,
	0x000001bd,0x00000007,0x0004003b,0x00000024,0x000001bf,0x00000007,0x0004003b,0x00000009,
	0x000001c2,0x00000007,0x0004003b,0x00000009,0x000001dc,0x00000007,0x0004003b,0x00000009,
	0x000001dd,0x00000007,0x0004003b,0x00000019,0x000001de,0x00000007,0x0004003d,0x00000071,
	0x00000151,0x00000073,0x0007004f,0x0000006e,0x00000152,0x00000151,0x00000151,0x00000000,
	0x00000001,0x0003003e,0x00000150,0x00000152,0x00050041,0x00000154,0x00000155,0x00000084,
	0x00000034,0x0004003d,0x0000006e,0x00000156,0x00000155,0x00050050,0x0000006e,0x00000157,
	0x00000046,0x00000046,0x00050080,0x0000006e,0x00000158,0x00000156,0x00000157,0x00050050,
	0x0000006e,0x00000159,0x00000078,0x00000078,0x00050086,0x0000006e,0x0000015a,0x00000158,
	0x00000159,0x0003003e,0x00000153,0x0000015a,0x00050041,0x00000009,0x0000015b,0x00000150,
	0x0000002d,0x0004003d,0x00000006,0x0000015c,0x0000015b,0x00050041,0x00000009,0x0000015d,
	0x00000153,0x0000002d,0x0004003d,0x00000006,0x0000015e,0x0000015d,0x000500ae,0x00000020,
	0x0000015f,0x0000015c,0x0000015e,0x000400a8,0x00000020,0x00000160,0x0000015f,0x000300f7,
	0x00000162,0x00000000,0x000400fa,0x00000160,0x00000161,0x00000162,0x000200f8,0x00000161,
	0x00050041,0x00000009,0x00000163,0x00000150,0x0000004c,0x0004003d,0x00000006,0x00000164,
	0x00000163,0x00050041,0x00000009,0x00000165,0x00000153,0x0000004c,0x0004003d,0x00000006,
	0x00000166,0x00000165,0x000500ae,0x00000020,0x00000167,0x00000164,0x00000166,0x000200f9,
	0x00000162,0x000200f8,0x00000162,0x000700f5,0x00000020,0x00000168,0x0000015f,0x00000005,
	0x00000167,0x00000161,0x000300f7,0x0000016a,0x00000000,0x000400fa,0x00000168,0x00000169,
	0x0000016a,0x000200f8,0x00000169,0x000100fd,0x000200f8,0x0000016a,0x0003003e,0x0000016c,
	0x00000078,0x00050041,0x00000085,0x0000016e,0x00000084,0x000000d0,0x0004003d,0x00000006,
	0x0000016f,0x0000016e,0x00050041,0x0000009f,0x00000170,0x00000073,0x0000009e,0x0004003d,
	0x00000006,0x00000171,0x00000170,0x00050041,0x00000085,0x00000172,0x00000084,0x000000e4,
	0x0004003d,0x00000006,0x00000173,0x00000172,0x00050084,0x00000006,0x00000174,0x00000171,
	0x00000173,0x00050041,0x00000009,0x00000175,0x00000150,0x0000004c,0x0004003d,0x00000006,
	0x00000176,0x00000175,0x00050041,0x00000085,0x00000177,0x00000084,0x000000d3,0x0004003d,
	0x00000006,0x00000178,0x00000177,0x00050084,0x00000006,0x00000179,0x00000176,0x00000178,
	0x00050080,0x00000006,0x0000017a,0x00000174,0x00000179,0x00050041,0x00000009,0x0000017b,
	0x00000150,0x0000002d,0x0004003d,0x00000006,0x0000017c,0x0000017b,0x00050080,0x00000006,
	0x0000017d,0x0000017a,0x0000017c,0x0004003d,0x00000006,0x0000017e,0x0000016c,0x00050084,
	0x00000006,0x0000017f,0x0000017d,0x0000017e,0x00050080,0x00000006,0x00000180,0x0000016f,
	0x0000017f,0x0003003e,0x0000016d,0x00000180,0x0004003d,0x00000006,0x00000186,0x0000016d,
	0x00060041,0x00000187,0x00000188,0x00000185,0x000000d0,0x00000186,0x0004003d,0x00000006,
	0x00000189,0x00000188,0x0004003d,0x00000006,0x0000018a,0x0000016d,0x00050080,0x00000006,
	0x0000018b,0x0000018a,0x0000004c,0x00060041,0x00000187,0x0000018c,0x00000185,0x000000d0,
	0x0000018b,0x0004003d,0x00000006,0x0000018d,0x0000018c,0x0004003d,0x00000006,0x0000018e,
	0x0000016c,0x000500ac,0x00000020,0x0000018f,0x0000018e,0x0000009e,0x000300f7,0x00000192,
	0x00000000,0x000400fa,0x0000018f,0x00000191,0x00000197,0x000200f8,0x00000191,0x0004003d,
	0x00000006,0x00000193,0x0000016d,0x00050080,0x00000006,0x00000194,0x00000193,0x0000009e,
	0x00060041,0x00000187,0x00000195,0x00000185,0x000000d0,0x00000194,0x0004003d,0x00000006,
	0x00000196,0x00000195,0x0003003e,0x00000190,0x00000196,0x000200f9,0x00000192,0x000200f8,
	0x00000197,0x0003003e,0x00000190,0x0000002d,0x000200f9,0x00000192,0x000200f8,0x00000192,
	0x0004003d,0x00000006,0x00000198,0x00000190,0x0004003d,0x00000006,0x00000199,0x0000016c,
	0x000500ac,0x00000020,0x0000019a,0x00000199,0x0000009e,0x000300f7,0x0000019d,0x00000000,
	0x000400fa,0x0000019a,0x0000019c,0x000001a2,0x000200f8,0x0000019c,0x0004003d,0x00000006,
	0x0000019e,0x0000016d,0x00050080,0x00000006,0x0000019f,0x0000019e,0x00000046,0x00060041,
	0x00000187,0x000001a0,0x00000185,0x000000d0,0x0000019f,0x0004003d,0x00000006,0x000001a1,
	0x000001a0,0x0003003e,0x0000019b,0x000001a1,0x000200f9,0x0000019d,0x000200f8,0x000001a2,
	0x0003003e,0x0000019b,0x0000002d,0x000200f9,0x0000019d,0x000200f8,0x0000019d,0x0004003d,
	0x00000006,0x000001a3,0x0000019b,0x00070050,0x00000007,0x000001a4,0x00000189,0x0000018d,
	0x00000198,0x000001a3,0x0003003e,0x00000181,0x000001a4,0x00050041,0x00000085,0x000001a6,
	0x00000084,0x000000a2,0x0004003d,0x00000006,0x000001a7,0x000001a6,0x000500c7,0x00000006,
	0x000001a8,0x000001a7,0x0000009e,0x000500ab,0x00000020,0x000001a9,0x000001a8,0x0000002d,
	0x0003003e,0x000001a5,0x000001a9,0x00050041,0x00000009,0x000001ac,0x00000181,0x0000002d,
	0x0004003d,0x00000006,0x000001ad,0x000001ac,0x0003003e,0x000001ab,0x000001ad,0x00050041,
	0x00000009,0x000001af,0x00000181,0x0000004c,0x0004003d,0x00000006,0x000001b0,0x000001af,
	0x0003003e,0x000001ae,0x000001b0,0x0004003d,0x00000020,0x000001b2,0x000001a5,0x0003003e,
	0x000001b1,0x000001b2,0x00080039,0x00000002,0x000001b4,0x0000002a,0x000001ab,0x000001ae,
	0x000001b1,0x000001b3,0x0004003d,0x00000023,0x000001b5,0x000001b3,0x0003003e,0x000001aa,
	0x000001b5,0x00050041,0x00000009,0x000001b8,0x00000181,0x0000009e,0x0004003d,0x00000006,
	0x000001b9,0x000001b8,0x0003003e,0x000001b7,0x000001b9,0x00050041,0x00000009,0x000001bb,
	0x00000181,0x00000046,0x0004003d,0x00000006,0x000001bc,0x000001bb,0x0003003e,0x000001ba,
	0x000001bc,0x0004003d,0x00000020,0x000001be,0x000001a5,0x0003003e,0x000001bd,0x000001be,
	0x00080039,0x00000002,0x000001c0,0x0000002a,0x000001b7,0x000001ba,0x000001bd,0x000001bf,
	0x0004003d,0x00000023,0x000001c1,0x000001bf,0x0003003e,0x000001b6,0x000001c1,0x0003003e,
	0x000001c2,0x0000002d,0x000200f9,0x000001c3,0x000200f8,0x000001c3,0x000400f6,0x000001c5,
	0x000001c6,0x00000000,0x000200f9,0x000001c7,0x000200f8,0x000001c7,0x0004003d,0x00000006,
	0x000001c8,0x000001c2,0x000500b0,0x00000020,0x000001c9,0x000001c8,0x00000022,0x000400fa,
	0x000001c9,0x000001c4,0x000001c5,0x000200f8,0x000001c4,0x0004003d,0x00000006,0x000001ca,
	0x000001c2,0x000500c7,0x00000006,0x000001cb,0x000001ca,0x00000046,0x0004003d,0x00000006,
	0x000001cc,0x000001c2,0x000500c2,0x00000006,0x000001cd,0x000001cc,0x000000e4,0x0004003d,
	0x00000006,0x000001ce,0x000001c2,0x00050041,0x00000009,0x000001cf,0x000001aa,0x000001ce,
	0x0004003d,0x00000006,0x000001d0,0x000001cf,0x00040070,0x00000017,0x000001d1,0x000001d0,
	0x00050088,0x00000017,0x000001d3,0x000001d1,0x000001d2,0x0004003d,0x00000006,0x000001d4,
	0x000001c2,0x00050041,0x00000009,0x000001d5,0x000001b6,0x000001d4,0x0004003d,0x00000006,
	0x000001d6,0x000001d5,0x00040070,0x00000017,0x000001d7,0x000001d6,0x00050088,0x00000017,
	0x000001d8,0x000001d7,0x000001d2,0x00070050,0x00000018,0x000001db,0x000001d3,0x000001d8,
	0x000001d9,0x000001da,0x0003003e,0x000001dc,0x000001cb,0x0003003e,0x000001dd,0x000001cd,
	0x0003003e,0x000001de,0x000001db,0x00070039,0x00000002,0x000001df,0x0000001e,0x000001dc,
	0x000001dd,0x000001de,0x000200f9,0x000001c6,0x000200f8,0x000001c6,0x0004003d,0x00000006,
	0x000001e0,0x000001c2,0x00050080,0x00000006,0x000001e1,0x000001e0,0x000000d3,0x0003003e,
	0x000001c2,0x000001e1,0x000200f9,0x000001c3,0x000200f8,0x000001c5,0x000100fd,0x00010038,
	0x00050036,0x00000006,0x0000000e,0x00000000,0x0000000a,0x00030037,0x00000008,0x0000000b,
	0x00030037,0x00000009,0x0000000c,0x00030037,0x00000009,0x0000000d,0x000200f8,0x0000000f,
	0x0004003b,0x00000009,0x00000032,0x00000007,0x0004003b,0x00000009,0x00000036,0x00000007,
	0x0004003b,0x00000009,0x0000003a,0x00000007,0x0004003b,0x00000009,0x00000057,0x00000007,
	0x0004003d,0x00000006,0x0000002c,0x0000000d,0x000500aa,0x00000020,0x0000002e,0x0000002c,
	0x0000002d,0x000300f7,0x00000030,0x00000000,0x000400fa,0x0000002e,0x0000002f,0x00000030,
	0x000200f8,0x0000002f,0x000200fe,0x0000002d,0x000200f8,0x00000030,0x0004003d,0x00000006,
	0x00000033,0x0000000c,0x000500c2,0x00000006,0x00000035,0x00000033,0x00000034,0x0003003e,
	0x00000032,0x00000035,0x0004003d,0x00000006,0x00000037,0x0000000c,0x000500c7,0x00000006,
	0x00000039,0x00000037,0x00000038,0x0003003e,0x00000036,0x00000039,0x0004003d,0x00000006,
	0x0000003b,0x00000032,0x00050041,0x00000009,0x0000003c,0x0000000b,0x0000003b,0x0004003d,
	0x00000006,0x0000003d,0x0000003c,0x0004003d,0x00000006,0x0000003e,0x00000036,0x000500c2,
	0x00000006,0x0000003f,0x0000003d,0x0000003e,0x0003003e,0x0000003a,0x0000003f,0x0004003d,
	0x00000006,0x00000040,0x00000036,0x0004003d,0x00000006,0x00000041,0x0000000d,0x00050080,
	0x00000006,0x00000042,0x00000040,0x00000041,0x000500ac,0x00000020,0x00000044,0x00000042,
	0x00000043,0x0004003d,0x00000006,0x00000045,0x00000032,0x000500b0,0x00000020,0x00000047,
	0x00000045,0x00000046,0x000500a7,0x00000020,0x00000048,0x00000044,0x00000047,0x000300f7,
	0x0000004a,0x00000000,0x000400fa,0x00000048,0x00000049,0x0000004a,0x000200f8,0x00000049,
	0x0004003d,0x00000006,0x0000004b,0x00000032,0x00050080,0x00000006,0x0000004d,0x0000004b,
	0x0000004c,0x00050041,0x00000009,0x0000004e,0x0000000b,0x0000004d,0x0004003d,0x00000006,
	0x0000004f,0x0000004e,0x0004003d,0x00000006,0x00000050,0x00000036,0x00050082,0x00000006,
	0x00000051,0x00000043,0x00000050,0x000500c4,0x00000006,0x00000052,0x0000004f,0x00000051,
	0x0004003d,0x00000006,0x00000053,0x0000003a,0x000500c5,0x00000006,0x00000054,0x00000053,
	0x00000052,0x0003003e,0x0000003a,0x00000054,0x000200f9,0x0000004a,0x000200f8,0x0000004a,
	0x0004003d,0x00000006,0x00000055,0x0000000d,0x000500aa,0x00000020,0x00000056,0x00000055,
	0x00000043,0x000300f7,0x00000059,0x00000000,0x000400fa,0x00000056,0x00000058,0x0000005b,
	0x000200f8,0x00000058,0x0004003d,0x00000006,0x0000005a,0x0000003a,0x0003003e,0x00000057,
	0x0000005a,0x000200f9,0x00000059,0x000200f8,0x0000005b,0x0004003d,0x00000006,0x0000005c,
	0x0000003a,0x0004003d,0x00000006,0x0000005d,0x0000000d,0x000500c4,0x00000006,0x0000005e,
	0x0000004c,0x0000005d,0x00050082,0x00000006,0x0000005f,0x0000005e,0x0000004c,0x000500c7,
	0x00000006,0x00000060,0x0000005c,0x0000005f,0x0003003e,0x00000057,0x00000060,0x000200f9,
	0x00000059,0x000200f8,0x00000059,0x0004003d,0x00000006,0x00000061,0x00000057,0x000200fe,
	0x00000061,0x00010038,0x00050036,0x00000010,0x00000015,0x00000000,0x00000012,0x00030037,
	0x00000011,0x00000013,0x00030037,0x00000011,0x00000014,0x000200f8,0x00000016,0x0004003d,
	0x00000010,0x00000064,0x00000013,0x0004003d,0x00000010,0x00000066,0x00000014,0x00050082,
	0x00000010,0x00000067,0x00000065,0x00000066,0x000500c4,0x00000010,0x00000068,0x00000064,
	0x00000067,0x0004003d,0x00000010,0x00000069,0x00000014,0x00050082,0x00000010,0x0000006a,
	0x00000065,0x00000069,0x000500c3,0x00000010,0x0000006b,0x00000068,0x0000006a,0x000200fe,
	0x0000006b,0x00010038,0x00050036,0x00000002,0x0000001e,0x00000000,0x0000001a,0x00030037,
	0x00000009,0x0000001b,0x00030037,0x00000009,0x0000001c,0x00030037,0x00000019,0x0000001d,
	0x000200f8,0x0000001f,0x0004003b,0x0000006f,0x00000070,0x00000007,0x0004003b,0x0000006f,
	0x00000076,0x00000007,0x0004003d,0x00000071,0x00000074,0x00000073,0x0007004f,0x0000006e,
	0x00000075,0x00000074,0x00000074,0x00000000,0x00000001,0x0003003e,0x00000070,0x00000075,
	0x0004003d,0x0000006e,0x00000077,0x00000070,0x00050050,0x0000006e,0x00000079,0x00000078,
	0x00000078,0x00050084,0x0000006e,0x0000007a,0x00000077,0x00000079,0x0004003d,0x00000006,
	0x0000007b,0x0000001b,0x0004003d,0x00000006,0x0000007c,0x0000001c,0x00050050,0x0000006e,
	0x0000007d,0x0000007b,0x0000007c,0x00050080,0x0000006e,0x0000007e,0x0000007a,0x0000007d,
	0x0003003e,0x00000076,0x0000007e,0x00050041,0x00000009,0x0000007f,0x00000076,0x0000002d,
	0x0004003d,0x00000006,0x00000080,0x0000007f,0x00060041,0x00000085,0x00000086,0x00000084,
	0x00000034,0x0000002d,0x0004003d,0x00000006,0x00000087,0x00000086,0x000500b0,0x00000020,
	0x00000088,0x00000080,0x00000087,0x000300f7,0x0000008a,0x00000000,0x000400fa,0x00000088,
	0x00000089,0x0000008a,0x000200f8,0x00000089,0x00050041,0x00000009,0x0000008b,0x00000076,
	0x0000004c,0x0004003d,0x00000006,0x0000008c,0x0000008b,0x00060041,0x00000085,0x0000008d,
	0x00000084,0x00000034,0x0000004c,0x0004003d,0x00000006,0x0000008e,0x0000008d,0x000500b0,
	0x00000020,0x0000008f,0x0000008c,0x0000008e,0x000200f9,0x0000008a,0x000200f8,0x0000008a,
	0x000700f5,0x00000020,0x00000090,0x00000088,0x0000001f,0x0000008f,0x00000089,0x000300f7,
	0x00000092,0x00000000,0x000400fa,0x00000090,0x00000091,0x00000092,0x000200f8,0x00000091,
	0x0004003d,0x00000093,0x00000096,0x00000095,0x00050041,0x00000098,0x00000099,0x00000084,
	0x00000097,0x0004003d,0x00000081,0x0000009a,0x00000099,0x0004003d,0x0000006e,0x0000009b,
	0x00000076,0x0004007c,0x00000081,0x0000009c,0x0000009b,0x00050080,0x00000081,0x0000009d,
	0x0000009a,0x0000009c,0x00050041,0x0000009f,0x000000a0,0x00000073,0x0000009e,0x0004003d,
	0x00000006,0x000000a1,0x000000a0,0x00050041,0x00000085,0x000000a3,0x00000084,0x000000a2,
	0x0004003d,0x00000006,0x000000a4,0x000000a3,0x000500c2,0x00000006,0x000000a6,0x000000a4,
	0x000000a5,0x00050080,0x00000006,0x000000a7,0x000000a1,0x000000a6,0x0004007c,0x00000010,
	0x000000a8,0x000000a7,0x00050051,0x00000010,0x000000aa,0x0000009d,0x00000000,0x00050051,
	0x00000010,0x000000ab,0x0000009d,0x00000001,0x00060050,0x000000a9,0x000000ac,0x000000aa,
	0x000000ab,0x000000a8,0x0004003d,0x00000018,0x000000ad,0x0000001d,0x00040063,0x00000096,
	0x000000ac,0x000000ad,0x000200f9,0x00000092,0x000200f8,0x00000092,0x000100fd,0x00010038,
	0x00050036,0x00000002,0x0000002a,0x00000000,0x00000025,0x00030037,0x00000009,0x00000026,
	0x00030037,0x00000009,0x00000027,0x00030037,0x00000021,0x00000028,0x00030037,0x00000024,
	0x00000029,0x000200f8,0x0000002b,0x0004003b,0x00000011,0x000000b1,0x00000007,0x0004003b,
	0x00000011,0x000000b6,0x00000007,0x0004003b,0x00000011,0x000000b7,0x00000007,0x0004003b,
	0x00000011,0x000000bb,0x00000007,0x0004003b,0x00000011,0x000000c0,0x00000007,0x0004003b,
	0x00000011,0x000000c1,0x00000007,0x0004003b,0x000000ce,0x000000cf,0x00000007,0x0004003b,
	0x00000011,0x000000db,0x00000007,0x0004003b,0x000000f2,0x000000f3,0x00000007,0x0004003b,
	0x000000f2,0x000000f9,0x00000007,0x0004003b,0x00000011,0x00000107,0x00000007,0x0004003b,
	0x00000119,0x0000011a,0x00000007,0x0004003b,0x00000119,0x00000120,0x00000007,0x0004003b,
	0x00000008,0x00000134,0x00000007,0x0004003b,0x00000009,0x00000138,0x00000007,0x0004003b,
	0x00000008,0x00000144,0x00000007,0x0004003b,0x00000009,0x00000146,0x00000007,0x0004003b,
	0x00000009,0x00000147,0x00000007,0x0004003d,0x00000020,0x000000ae,0x00000028,0x000300f7,
	0x000000b0,0x00000000,0x000400fa,0x000000ae,0x000000af,0x000000c4,0x000200f8,0x000000af,
	0x0004003d,0x00000006,0x000000b2,0x00000026,0x000500c7,0x00000006,0x000000b4,0x000000b2,
	0x000000b3,0x0004007c,0x00000010,0x000000b5,0x000000b4,0x0003003e,0x000000b6,0x000000b5,
	0x0003003e,0x000000b7,0x000000a5,0x00060039,0x00000010,0x000000b8,0x00000015,0x000000b6,
	0x000000b7,0x0007000c,0x00000010,0x000000ba,0x00000001,0x0000002a,0x000000b8,0x000000b9,
	0x0003003e,0x000000b1,0x000000ba,0x0004003d,0x00000006,0x000000bc,0x00000026,0x000500c2,
	0x00000006,0x000000bd,0x000000bc,0x000000a5,0x000500c7,0x00000006,0x000000be,0x000000bd,
	0x000000b3,0x0004007c,0x00000010,0x000000bf,0x000000be,0x0003003e,0x000000c0,0x000000bf,
	0x0003003e,0x000000c1,0x000000a5,0x00060039,0x00000010,0x000000c2,0x00000015,0x000000c0,
	0x000000c1,0x0007000c,0x00000010,0x000000c3,0x00000001,0x0000002a,0x000000c2,0x000000b9,
	0x0003003e,0x000000bb,0x000000c3,0x000200f9,0x000000b0,0x000200f8,0x000000c4,0x0004003d,
	0x00000006,0x000000c5,0x00000026,0x000500c7,0x00000006,0x000000c6,0x000000c5,0x000000b3,
	0x0004007c,0x00000010,0x000000c7,0x000000c6,0x0003003e,0x000000b1,0x000000c7,0x0004003d,
	0x00000006,0x000000c8,0x00000026,0x000500c2,0x00000006,0x000000c9,0x000000c8,0x000000a5,
	0x000500c7,0x00000006,0x000000ca,0x000000c9,0x000000b3,0x0004007c,0x00000010,0x000000cb,
	0x000000ca,0x0003003e,0x000000bb,0x000000cb,0x000200f9,0x000000b0,0x000200f8,0x000000b0,
	0x0004003d,0x00000010,0x000000d1,0x000000b1,0x00050041,0x00000011,0x000000d2,0x000000cf,
	0x000000d0,0x0003003e,0x000000d2,0x000000d1,0x0004003d,0x00000010,0x000000d4,0x000000bb,
	0x00050041,0x00000011,0x000000d5,0x000000cf,0x000000d3,0x0003003e,0x000000d5,0x000000d4,
	0x0004003d,0x00000010,0x000000d6,0x000000b1,0x0004003d,0x00000010,0x000000d7,0x000000bb,
	0x000500ad,0x00000020,0x000000d8,0x000000d6,0x000000d7,0x000300f7,0x000000da,0x00000000,
	0x000400fa,0x000000d8,0x000000d9,0x00000106,0x000200f8,0x000000d9,0x0003003e,0x000000db,
	0x000000d0,0x000200f9,0x000000dc,0x000200f8,0x000000dc,0x000400f6,0x000000de,0x000000df,
	0x00000000,0x000200f9,0x000000e0,0x000200f8,0x000000e0,0x0004003d,0x00000010,0x000000e1,
	0x000000db,0x000500b1,0x00000020,0x000000e3,0x000000e1,0x000000e2,0x000400fa,0x000000e3,
	0x000000dd,0x000000de,0x000200f8,0x000000dd,0x0004003d,0x00000010,0x000000e5,0x000000db,
	0x00050080,0x00000010,0x000000e6,0x000000e4,0x000000e5,0x0004003d,0x00000010,0x000000f0,
	0x000000db,0x00050082,0x00000010,0x000000f1,0x00000034,0x000000f0,0x0003003e,0x000000f3,
	0x000000ef,0x00050041,0x00000011,0x000000f4,0x000000f3,0x000000f1,0x0004003d,0x00000010,
	0x000000f5,0x000000f4,0x0004003d,0x00000010,0x000000f6,0x000000b1,0x00050084,0x00000010,
	0x000000f7,0x000000f5,0x000000f6,0x0004003d,0x00000010,0x000000f8,0x000000db,0x0003003e,
	0x000000f9,0x000000ef,0x00050041,0x00000011,0x000000fa,0x000000f9,0x000000f8,0x0004003d,
	0x00000010,0x000000fb,0x000000fa,0x0004003d,0x00000010,0x000000fc,0x000000bb,0x00050084,
	0x00000010,0x000000fd,0x000000fb,0x000000fc,0x00050080,0x00000010,0x000000fe,0x000000f7,
	0x000000fd,0x00050080,0x00000010,0x00000100,0x000000fe,0x000000ff,0x000500c3,0x00000010,
	0x00000102,0x00000100,0x00000101,0x00050041,0x00000011,0x00000103,0x000000cf,0x000000e6,
	0x0003003e,0x00000103,0x00000102,0x000200f9,0x000000df,0x000200f8,0x000000df,0x0004003d,
	0x00000010,0x00000104,0x000000db,0x00050080,0x00000010,0x00000105,0x00000104,0x000000d3,
	0x0003003e,0x000000db,0x00000105,0x000200f9,0x000000dc,0x000200f8,0x000000de,0x000200f9,
	0x000000da,0x000200f8,0x00000106,0x0003003e,0x00000107,0x000000d0,0x000200f9,0x00000108,
	0x000200f8,0x00000108,0x000400f6,0x0000010a,0x0000010b,0x00000000,0x000200f9,0x0000010c,
	0x000200f8,0x0000010c,0x0004003d,0x00000010,0x0000010d,0x00000107,0x000500b1,0x00000020,
	0x0000010e,0x0000010d,0x00000097,0x000400fa,0x0000010e,0x00000109,0x0000010a,0x000200f8,
	0x00000109,0x0004003d,0x00000010,0x0000010f,0x00000107,0x00050080,0x00000010,0x00000110,
	0x000000e4,0x0000010f,0x0004003d,0x00000010,0x00000117,0x00000107,0x00050082,0x00000010,
	0x00000118,0x000000a2,0x00000117,0x0003003e,0x0000011a,0x00000116,0x00050041,0x00000011,
	0x0000011b,0x0000011a,0x00000118,0x0004003d,0x00000010,0x0000011c,0x0000011b,0x0004003d,
	0x00000010,0x0000011d,0x000000b1,0x00050084,0x00000010,0x0000011e,0x0000011c,0x0000011d,
	0x0004003d,0x00000010,0x0000011f,0x00000107,0x0003003e,0x00000120,0x00000116,0x00050041,
	0x00000011,0x00000121,0x00000120,0x0000011f,0x0004003d,0x00000010,0x00000122,0x00000121,
	0x0004003d,0x00000010,0x00000123,0x000000bb,0x00050084,0x00000010,0x00000124,0x00000122,
	0x00000123,0x00050080,0x00000010,0x00000125,0x0000011e,0x00000124,0x00050080,0x00000010,
	0x00000126,0x00000125,0x000000ff,0x000500c3,0x00000010,0x00000127,0x00000126,0x00000101,
	0x00050041,0x00000011,0x00000128,0x000000cf,0x00000110,0x0003003e,0x00000128,0x00000127,
	0x000200f9,0x0000010b,0x000200f8,0x0000010b,0x0004003d,0x00000010,0x00000129,0x00000107,
	0x00050080,0x00000010,0x0000012a,0x00000129,0x000000d3,0x0003003e,0x00000107,0x0000012a,
	0x000200f9,0x00000108,0x000200f8,0x0000010a,0x0004003d,0x00000020,0x0000012b,0x00000028,
	0x000600a9,0x00000010,0x0000012c,0x0000012b,0x000000b9,0x000000d0,0x00050041,0x00000011,
	0x0000012d,0x000000cf,0x000000e2,0x0003003e,0x0000012d,0x0000012c,0x0004003d,0x00000020,
	0x0000012f,0x00000028,0x000600a9,0x00000010,0x00000132,0x0000012f,0x00000130,0x00000131,
	0x00050041,0x00000011,0x00000133,0x000000cf,0x0000012e,0x0003003e,0x00000133,0x00000132,
	0x000200f9,0x000000da,0x000200f8,0x000000da,0x0004003d,0x00000006,0x00000135,0x00000026,
	0x0004003d,0x00000006,0x00000136,0x00000027,0x00070050,0x00000007,0x00000137,0x00000135,
	0x00000136,0x0000002d,0x0000002d,0x0003003e,0x00000134,0x00000137,0x0003003e,0x00000138,
	0x0000002d,0x000200f9,0x00000139,0x000200f8,0x00000139,0x000400f6,0x0000013b,0x0000013c,
	0x00000000,0x000200f9,0x0000013d,0x000200f8,0x0000013d,0x0004003d,0x00000006,0x0000013e,
	0x00000138,0x000500b0,0x00000020,0x0000013f,0x0000013e,0x00000022,0x000400fa,0x0000013f,
	0x0000013a,0x0000013b,0x000200f8,0x0000013a,0x0004003d,0x00000006,0x00000140,0x00000138,
	0x0004003d,0x00000006,0x00000141,0x00000138,0x00050084,0x00000006,0x00000142,0x00000046,
	0x00000141,0x00050080,0x00000006,0x00000143,0x00000022,0x00000142,0x0004003d,0x00000007,
	0x00000145,0x00000134,0x0003003e,0x00000144,0x00000145,0x0003003e,0x00000146,0x00000143,
	0x0003003e,0x00000147,0x00000046,0x00070039,0x00000006,0x00000148,0x0000000e,0x00000144,
	0x00000146,0x00000147,0x00050041,0x00000011,0x00000149,0x000000cf,0x00000148,0x0004003d,
	0x00000010,0x0000014a,0x00000149,0x0004007c,0x00000006,0x0000014b,0x0000014a,0x000500c7,
	0x00000006,0x0000014c,0x0000014b,0x000000b3,0x00050041,0x00000009,0x0000014d,0x00000029,
	0x00000140,0x0003003e,0x0000014d,0x0000014c,0x000200f9,0x0000013c,0x000200f8,0x0000013c,
	0x0004003d,0x00000006,0x0000014e,0x00000138,0x00050080,0x00000006,0x0000014f,0x0000014e,
	0x000000d3,0x0003003e,0x00000138,0x0000014f,0x000200f9,0x00000139,0x000200f8,0x0000013b,
	0x000100fd,0x00010038
};
	// 1115.1.0
static const uint32_t spv_bc6h[] = {
	0x07230203,0x00010300,0x0008000b,0x00000475,0x00000000,0x00020011,0x00000001,0x0006000b,
	0x00000001,0x4c534c47,0x6474732e,0x3035342e,0x00000000,0x0003000e,0x00000000,0x00000001,
	0x0006000f,0x00000005,0x00000004,0x6e69616d,0x00000000,0x00000079,0x00060010,0x00000004,
	0x00000011,0x00000008,0x00000008,0x00000001,0x00030003,0x00000002,0x000001c2,0x000a0004,
	0x475f4c47,0x4c474f4f,0x70635f45,0x74735f70,0x5f656c79,0x656e696c,0x7269645f,0x69746365,
	0x00006576,0x00080004,0x475f4c47,0x4c474f4f,0x6e695f45,0x64756c63,0x69645f65,0x74636572,
	0x00657669,0x00040005,0x00000004,0x6e69616d,0x00000000,0x00060005,0x0000000e,0x73746962,
	0x34757628,0x3b31753b,0x003b3175,0x00030005,0x0000000b,0x00000062,0x00030005,0x0000000c,
	0x00736f70,0x00030005,0x0000000d,0x0000006e,0x00050005,0x00000015,0x74786573,0x3b316928,
	0x003b3169,0x00030005,0x00000013,0x00000076,0x00030005,0x00000014,0x0000006e,0x00060005,
	0x0000001e,0x28747570,0x753b3175,0x66763b31,0x00003b34,0x00030005,0x0000001b,0x00007874,
	0x00030005,0x0000001c,0x00007974,0x00030005,0x0000001d,0x00000076,0x00090005,0x00000026,
	0x5f366362,0x75716e75,0x69746e61,0x6928657a,0x31693b31,0x3b31623b,0x00000000,0x00030005,
	0x00000023,0x006c6176,0x00040005,0x00000024,0x7469626e,0x00000073,0x00030005,0x00000025,
	0x006e6773,0x00070005,0x0000002b,0x5f366362,0x696e6966,0x69286873,0x31623b31,0x0000003b,
	0x00030005,0x00000029,0x006c6176,0x00030005,0x0000002a,0x006e6773,0x00060005,0x00000030,
	0x68366362,0x34757628,0x3b31623b,0x00000000,0x00030005,0x0000002e,0x006b6c62,0x00030005,
	0x0000002f,0x006e6773,0x00030005,0x00000038,0x00006977,0x00030005,0x0000003c,0x0000006f,
	0x00030005,0x00000040,0x00000076,0x00030005,0x00000076,0x006b6c62,0x00080005,0x00000079,
	0x475f6c67,0x61626f6c,0x766e496c,0x7461636f,0x496e6f69,0x00000044,0x00030005,0x0000007c,
	0x00000070,0x00030005,0x00000088,0x00004350,0x00060006,0x00000088,0x00000000,0x5f637273,
	0x64726f77,0x00000000,0x00060006,0x00000088,0x00000001,0x5f776f72,0x636f6c62,0x0000736b,
	0x00070006,0x00000088,0x00000002,0x6579616c,0x6c625f72,0x736b636f,0x00000000,0x00050006,
	0x00000088,0x00000003,0x67616c66,0x00000073,0x00050006,0x00000088,0x00000004,0x5f747364,
	0x0066666f,0x00050006,0x00000088,0x00000005,0x65747865,0x0000746e,0x00030005,0x0000008a,
	0x00006370,0x00030005,0x0000009b,0x00747364,0x00030005,0x000000dd,0x00000073,0x00030005,
	0x000000e8,0x00716e75,0x00030005,0x00000121,0x00000073,0x00030005,0x0000012f,0x00736f70,
	0x00040005,0x00000130,0x65646f63,0x00000000,0x00040005,0x00000131,0x61726170,0x0000006d,
	0x00040005,0x00000133,0x61726170,0x0000006d,0x00040005,0x00000134,0x61726170,0x0000006d,
	0x00040005,0x0000013a,0x61726170,0x0000006d,0x00040005,0x0000013c,0x61726170,0x0000006d,
	0x00040005,0x0000013d,0x61726170,0x0000006d,0x00040005,0x00000144,0x65646f6d,0x00000000,
	0x00050005,0x00000150,0x65646e69,0x6c626178,0x00000065,0x00030005,0x00000157,0x00000074,
	0x00040005,0x00000167,0x61726170,0x0000006d,0x00040005,0x00000168,0x61726170,0x0000006d,
	0x00040005,0x00000169,0x61726170,0x0000006d,0x00030005,0x0000016e,0x00000069,0x00030005,
	0x00000179,0x00007065,0x00040005,0x0000017e,0x74726170,0x0064695f,0x00030005,0x0000017f,
	0x00000065,0x00050005,0x00000193,0x65646e69,0x6c626178,0x00000065,0x00050005,0x0000019e,
	0x65646e69,0x6c626178,0x00000065,0x00030005,0x000001a2,0x00000064,0x00050005,0x000001e5,
	0x65646e69,0x6c626178,0x00000065,0x00040005,0x000001e8,0x67726174,0x00007465,0x00030005,
	0x000001eb,0x0000006e,0x00030005,0x000001ef,0x00006873,0x00030005,0x000001f3,0x00000076,
	0x00040005,0x000001f4,0x61726170,0x0000006d,0x00040005,0x000001f6,0x61726170,0x0000006d,
	0x00040005,0x000001f8,0x61726170,0x0000006d,0x00030005,0x0000021a,0x006f7774,0x00040005,
	0x0000021d,0x7374706e,0x00000000,0x00030005,0x00000220,0x00000077,0x00050005,0x00000226,
	0x65646e69,0x6c626178,0x00000065,0x00040005,0x0000022c,0x61726170,0x0000006d,0x00040005,
	0x0000022f,0x61726170,0x0000006d,0x00040005,0x00000233,0x61726170,0x0000006d,0x00040005,
	0x00000236,0x61726170,0x0000006d,0x00040005,0x0000023a,0x61726170,0x0000006d,0x00040005,
	0x0000023d,0x61726170,0x0000006d,0x00030005,0x0000024a,0x00000069,0x00040005,0x00000257,
	0x61726170,0x0000006d,0x00040005,0x0000025a,0x61726170,0x0000006d,0x00050005,0x0000025b,
	0x65646e69,0x6c626178,0x00000065,0x00040005,0x00000266,0x61726170,0x0000006d,0x00040005,
	0x00000269,0x61726170,0x0000006d,0x00050005,0x0000026a,0x65646e69,0x6c626178,0x00000065,
	0x00040005,0x00000275,0x61726170,0x0000006d,0x00040005,0x00000278,0x61726170,0x0000006d,
	0x00050005,0x00000279,0x65646e69,0x6c626178,0x00000065,0x00030005,0x00000287,0x00000069,
	0x00030005,0x00000290,0x00000063,0x00030005,0x00000298,0x00000076,0x00040005,0x000002b0,
	0x61726170,0x0000006d,0x00040005,0x000002b2,0x61726170,0x0000006d,0x00030005,0x000002bd,
	0x00000069,0x00040005,0x000002c7,0x61726170,0x0000006d,0x00040005,0x000002ca,0x61726170,
	0x0000006d,0x00040005,0x000002cc,0x61726170,0x0000006d,0x00040005,0x000002d2,0x74726170,
	0x00000000,0x00050005,0x00000318,0x65646e69,0x6c626178,0x00000065,0x00040005,0x0000031b,
	0x68636e61,0x0000726f,0x00050005,0x00000320,0x65646e69,0x6c626178,0x00000065,0x00030005,
	0x00000324,0x00000074,0x00040005,0x0000032c,0x73627573,0x00007465,0x00030005,0x00000338,
	0x0000626e,0x00030005,0x0000034d,0x00786469,0x00040005,0x0000034e,0x61726170,0x0000006d,
	0x00040005,0x00000350,0x61726170,0x0000006d,0x00040005,0x00000352,0x61726170,0x0000006d,
	0x00030005,0x00000358,0x00007477,0x00050005,0x00000367,0x65646e69,0x6c626178,0x00000065,
	0x00050005,0x00000379,0x65646e69,0x6c626178,0x00000065,0x00030005,0x0000037d,0x00003273,
	0x00030005,0x00000381,0x00000063,0x00030005,0x00000389,0x00000061,0x00030005,0x00000390,
	0x00000062,0x00030005,0x00000399,0x00000068,0x00040005,0x000003a5,0x61726170,0x0000006d,
	0x00040005,0x000003a6,0x61726170,0x0000006d,0x00040005,0x000003be,0x61726170,0x0000006d,
	0x00040005,0x000003bf,0x61726170,0x0000006d,0x00040005,0x000003c0,0x61726170,0x0000006d,
	0x00030005,0x000003c4,0x006b6c62,0x00040005,0x000003c7,0x6b6c626e,0x00000000,0x00040005,
	0x000003e0,0x64726f77,0x00000073,0x00040005,0x000003e1,0x65736162,0x00000000,0x00030005,
	0x000003f5,0x00000062,0x00030005,0x000003f7,0x00637253,0x00040006,0x000003f7,0x00000000,
	0x00000077,0x00030005,0x000003f9,0x00637273,0x00030005,0x00000419,0x006e6773,0x00040005,
	0x0000041e,0x61726170,0x0000006d,0x00040005,0x00000420,0x61726170,0x0000006d,0x00040047,
	0x00000079,0x0000000b,0x0000001c,0x00030047,0x00000088,0x00000002,0x00050048,0x00000088,
	0x00000000,0x00000023,0x00000000,0x00050048,0x00000088,0x00000001,0x00000023,0x00000004,
	0x00050048,0x00000088,0x00000002,0x00000023,0x00000008,0x00050048,0x00000088,0x00000003,
	0x00000023,0x0000000c,0x00050048,0x00000088,0x00000004,0x00000023,0x00000010,0x00050048,
	0x00000088,0x00000005,0x00000023,0x00000018,0x00030047,0x0000009b,0x00000019,0x00040047,
	0x0000009b,0x00000021,0x00000001,0x00040047,0x0000009b,0x00000022,0x00000000,0x00040047,
	0x000003f6,0x00000006,0x00000004,0x00030047,0x000003f7,0x00000002,0x00040048,0x000003f7,
	0x00000000,0x00000018,0x00050048,0x000003f7,0x00000000,0x00000023,0x00000000,0x00030047,
	0x000003f9,0x00000018,0x00040047,0x000003f9,0x00000021,0x00000000,0x00040047,0x000003f9,
	0x00000022,0x00000000,0x00040047,0x00000423,0x0000000b,0x00000019,0x00020013,0x00000002,
	0x00030021,0x00000003,0x00000002,0x00040015,0x00000006,0x00000020,0x00000000,0x00040017,
	0x00000007,0x00000006,0x00000004,0x00040020,0x00000008,0x00000007,0x00000007,0x00040020,
	0x00000009,0x00000007,0x00000006,0x00060021,0x0000000a,0x00000006,0x00000008,0x00000009,
	0x00000009,0x00040015,0x00000010,0x00000020,0x00000001,0x00040020,0x00000011,0x00000007,
	0x00000010,0x00050021,0x00000012,0x00000010,0x00000011,0x00000011,0x00030016,0x00000017,
	0x00000020,0x00040017,0x00000018,0x00000017,0x00000004,0x00040020,0x00000019,0x00000007,
	0x00000018,0x00060021,0x0000001a,0x00000002,0x00000009,0x00000009,0x00000019,0x00020014,
	0x00000020,0x00040020,0x00000021,0x00000007,0x00000020,0x00060021,0x00000022,0x00000010,
	0x00000011,0x00000011,0x00000021,0x00050021,0x00000028,0x00000006,0x00000011,0x00000021,
	0x00050021,0x0000002d,0x00000002,0x00000008,0x00000021,0x0004002b,0x00000006,0x00000033,
	0x00000000,0x0004002b,0x00000010,0x0000003a,0x00000005,0x0004002b,0x00000006,0x0000003e,
	0x0000001f,0x0004002b,0x00000006,0x00000049,0x00000020,0x0004002b,0x00000006,0x0000004c,
	0x00000003,0x0004002b,0x00000006,0x00000052,0x00000001,0x0004002b,0x00000010,0x0000006b,
	0x00000020,0x00040017,0x00000074,0x00000006,0x00000002,0x00040020,0x00000075,0x00000007,
	0x00000074,0x00040017,0x00000077,0x00000006,0x00000003,0x00040020,0x00000078,0x00000001,
	0x00000077,0x0004003b,0x00000078,0x00000079,0x00000001,0x0004002b,0x00000006,0x0000007e,
	0x00000004,0x00040017,0x00000087,0x00000010,0x00000002,0x0008001e,0x00000088,0x00000006,
	0x00000006,0x00000006,0x00000006,0x00000087,0x00000074,0x00040020,0x00000089,0x00000009,
	0x00000088,0x0004003b,0x00000089,0x0000008a,0x00000009,0x00040020,0x0000008b,0x00000009,
	0x00000006,0x00090019,0x00000099,0x00000017,0x00000001,0x00000000,0x00000001,0x00000000,
	0x00000002,0x00000002,0x00040020,0x0000009a,0x00000000,0x00000099,0x0004003b,0x0000009a,
	0x0000009b,0x00000000,0x0004002b,0x00000010,0x0000009d,0x00000004,0x00040020,0x0000009e,
	0x00000009,0x00000087,0x0004002b,0x00000006,0x000000a4,0x00000002,0x00040020,0x000000a5,
	0x00000001,0x00000006,0x0004002b,0x00000010,0x000000a8,0x00000003,0x0004002b,0x00000010,
	0x000000ab,0x00000008,0x00040017,0x000000af,0x00000010,0x00000003,0x0004002b,0x00000010,
	0x000000b9,0x0000000f,0x0004002b,0x00000010,0x000000c0,0x00000000,0x0004002b,0x00000010,
	0x000000c6,0x00000001,0x0004002b,0x00000010,0x000000cd,0x0000ffff,0x0004002b,0x00000010,
	0x000000d0,0x00000010,0x0004002b,0x00000010,0x000000d2,0x00008000,0x0004002b,0x00000010,
	0x000000f2,0x00007fff,0x0004002b,0x00000010,0x000000f6,0x00004000,0x0004002b,0x00000010,
	0x0000010c,0x0000001f,0x0004002b,0x00000010,0x0000010e,0x00000006,0x0004002b,0x00000006,
	0x00000126,0x00008000,0x0004002b,0x00000010,0x0000013f,0x00000002,0x0004002b,0x00000006,
	0x00000143,0x00000005,0x0004001c,0x00000145,0x00000010,0x00000049,0x0004002b,0x00000010,
	0x00000146,0x0000000a,0x0004002b,0x00000010,0x00000147,0xffffffff,0x0004002b,0x00000010,
	0x00000148,0x0000000b,0x0004002b,0x00000010,0x00000149,0x0000000c,0x0004002b,0x00000010,
	0x0000014a,0x0000000d,0x0004002b,0x00000010,0x0000014b,0x00000007,0x0004002b,0x00000010,
	0x0000014c,0x00000009,0x0023002c,0x00000145,0x0000014d,0x000000c0,0x000000c6,0x0000013f,
	0x00000146,0x00000147,0x00000147,0x000000a8,0x00000148,0x00000147,0x00000147,0x0000009d,
	0x00000149,0x00000147,0x00000147,0x0000003a,0x0000014a,0x00000147,0x00000147,0x0000010e,
	0x00000147,0x00000147,0x00000147,0x0000014b,0x00000147,0x00000147,0x00000147,0x000000ab,
	0x00000147,0x00000147,0x00000147,0x0000014c,0x00000147,0x00040020,0x0000014f,0x00000007,
	0x00000145,0x0004002b,0x00000006,0x0000015e,0x00000010,0x0004002b,0x00000017,0x00000164,
	0x00000000,0x0004002b,0x00000017,0x00000165,0x3f800000,0x0007002c,0x00000018,0x00000166,
	0x00000164,0x00000164,0x00000164,0x00000165,0x0004002b,0x00000006,0x00000176,0x0000000c,
	0x0004001c,0x00000177,0x00000010,0x00000176,0x00040020,0x00000178,0x00000007,0x00000177,
	0x0004002b,0x00000006,0x00000180,0x0000000f,0x0004001c,0x00000181,0x00000006,0x00000180,
	0x0004002b,0x00000006,0x00000182,0x00000014,0x0004002b,0x00000006,0x00000183,0x0000002c,
	0x0004002b,0x00000006,0x00000184,0x0000003f,0x0004002b,0x00000006,0x00000185,0x00000054,
	0x0004002b,0x00000006,0x00000186,0x00000069,0x0004002b,0x00000006,0x00000187,0x0000007d,
	0x0004002b,0x00000006,0x00000188,0x00000091,0x0004002b,0x00000006,0x00000189,0x000000a7,
	0x0004002b,0x00000006,0x0000018a,0x000000bd,0x0004002b,0x00000006,0x0000018b,0x000000d5,
	0x0004002b,0x00000006,0x0000018c,0x000000db,0x0004002b,0x00000006,0x0000018d,0x000000e4,
	0x0004002b,0x00000006,0x0000018e,0x000000ed,0x0004002b,0x00000006,0x0000018f,0x000000f6,
	0x0012002c,0x00000181,0x00000190,0x00000033,0x00000182,0x00000183,0x00000184,0x00000185,
	0x00000186,0x00000187,0x00000188,0x00000189,0x0000018a,0x0000018b,0x0000018c,0x0000018d,
	0x0000018e,0x0000018f,0x00040020,0x00000192,0x00000007,0x00000181,0x0004001c,0x000001a3,
	0x00000006,0x0000018f,0x0004002b,0x00000006,0x000001a4,0x00000816,0x0004002b,0x00000006,
	0x000001a5,0x0000081a,0x0004002b,0x00000006,0x000001a6,0x0000081b,0x0004002b,0x00000006,
	0x000001a7,0x000000a0,0x0004002b,0x00000006,0x000001a8,0x000000a4,0x0004002b,0x00000006,
	0x000001a9,0x000000a8,0x0004002b,0x00000006,0x000001aa,0x00000051,0x0004002b,0x00000006,
	0x000001ab,0x00000817,0x0004002b,0x00000006,0x000001ac,0x00000046,0x0004002b,0x00000006,
	0x000001ad,0x00000055,0x0004002b,0x00000006,0x000001ae,0x0000001b,0x0004002b,0x00000006,
	0x000001af,0x00000047,0x0004002b,0x00000006,0x000001b0,0x00000059,0x0004002b,0x00000006,
	0x000001b1,0x0000021b,0x0004002b,0x00000006,0x000001b2,0x0000004a,0x0004002b,0x00000006,
	0x000001b3,0x00000052,0x0004002b,0x00000006,0x000001b4,0x0000041b,0x0004002b,0x00000006,
	0x000001b5,0x00000053,0x0004002b,0x00000006,0x000001b6,0x0000061b,0x0004002b,0x00000006,
	0x000001b7,0x0000005c,0x0004002b,0x00000006,0x000001b8,0x00000a16,0x0004002b,0x00000006,
	0x000001b9,0x00000a17,0x0004002b,0x00000006,0x000001ba,0x00000070,0x0004002b,0x00000006,
	0x000001bb,0x00000074,0x0004002b,0x00000006,0x000001bc,0x00000a1a,0x0004002b,0x00000006,
	0x000001bd,0x00000078,0x0004002b,0x00000006,0x000001be,0x00000a1b,0x0004002b,0x00000006,
	0x000001bf,0x00000061,0x0004002b,0x00000006,0x000001c0,0x00000065,0x0004002b,0x00000006,
	0x000001c1,0x00000062,0x0004002b,0x00000006,0x000001c2,0x00000063,0x0004002b,0x00000006,
	0x000001c3,0x00001410,0x0004002b,0x00000006,0x000001c4,0x00000045,0x0004002b,0x00000006,
	0x000001c5,0x00001414,0x0004002b,0x00000006,0x000001c6,0x00000049,0x0004002b,0x00000006,
	0x000001c7,0x00001418,0x0004002b,0x00000006,0x000001c8,0x00000041,0x0004002b,0x00000006,
	0x000001c9,0x00000042,0x0004002b,0x00000006,0x000001ca,0x00000043,0x0004002b,0x00000006,
	0x000001cb,0x00000090,0x0004002b,0x00000006,0x000001cc,0x00000094,0x0004002b,0x00000006,
	0x000001cd,0x00000098,0x0004002b,0x00000006,0x000001ce,0x00000080,0x0004002b,0x00000006,
	0x000001cf,0x00000084,0x0004002b,0x00000006,0x000001d0,0x00000088,0x0004002b,0x00000006,
	0x000001d1,0x00000060,0x0004002b,0x00000006,0x000001d2,0x00000064,0x0004002b,0x00000006,
	0x000001d3,0x00000068,0x0004002b,0x00000006,0x000001d4,0x000000a1,0x0004002b,0x00000006,
	0x000001d5,0x000000a5,0x0004002b,0x00000006,0x000001d6,0x000000a9,0x0004002b,0x00000006,
	0x000001d7,0x00000095,0x0004002b,0x00000006,0x000001d8,0x00000099,0x0004002b,0x00000006,
	0x000001d9,0x00000081,0x0004002b,0x00000006,0x000001da,0x00005420,0x0004002b,0x00000006,
	0x000001db,0x00000085,0x0004002b,0x00000006,0x000001dc,0x00005424,0x0004002b,0x00000006,
	0x000001dd,0x00000089,0x0004002b,0x00000006,0x000001de,0x00005428,0x0004002b,0x00000006,
	0x000001df,0x00005460,0x0004002b,0x00000006,0x000001e0,0x00005464,0x0004002b,0x00000006,
	0x000001e1,0x00005468,0x00f9002c,0x000001a3,0x000001e2,0x000001a4,0x000001a5,0x000001a6,
	0x000001a7,0x000001a8,0x000001a9,0x000001aa,0x000001ab,0x000001ac,0x000001ad,0x000001ae,
	0x000001af,0x000001b0,0x000001b1,0x000001b2,0x000001b3,0x000001b4,0x000001b5,0x000001b6,
	0x000001b7,0x000001b8,0x000001ab,0x000001b9,0x000001ba,0x000001ae,0x000001b1,0x000001a5,
	0x000001bb,0x000001bc,0x000001b4,0x000001a4,0x000001bd,0x000001b6,0x000001be,0x000001a6,
	0x000001bf,0x000001ac,0x000001c0,0x000001af,0x00000186,0x000001b2,0x000001c1,0x000001c2,
	0x000001b7,0x000001a7,0x000001a8,0x000001a9,0x000001aa,0x000001c3,0x000001ac,0x000001c4,
	0x000001c5,0x000001ae,0x000001af,0x000001c6,0x000001c7,0x000001b1,0x000001b2,0x000001b3,
	0x000001b4,0x000001b5,0x000001b6,0x000001b7,0x000001a7,0x000001a8,0x000001a9,0x000001c8,
	0x000001c3,0x000001ab,0x000001ac,0x000001ad,0x000001c5,0x000001af,0x000001c6,0x000001c7,
	0x000001b1,0x000001b2,0x000001c9,0x000001ae,0x000001b4,0x000001ca,0x000001a4,0x000001b6,
	0x000001b7,0x000001a7,0x000001a8,0x000001a9,0x000001c8,0x000001c3,0x000001a5,0x000001ac,
	0x000001c4,0x000001c5,0x000001ae,0x000001af,0x000001b0,0x000001c7,0x000001b2,0x000001c9,
	0x000001b1,0x000001b4,0x000001ca,0x000001a6,0x000001b6,0x000001b7,0x000001cb,0x000001a5,
	0x000001cc,0x000001a4,0x000001cd,0x000001a6,0x000001aa,0x000001ab,0x000001ac,0x000001ad,
	0x000001ae,0x000001af,0x000001b0,0x000001b1,0x000001b2,0x000001b3,0x000001b4,0x000001b5,
	0x000001b6,0x000001b7,0x000001ce,0x000001ab,0x000001a5,0x000001cf,0x000001b4,0x000001a4,
	0x000001d0,0x000001b6,0x000001a6,0x000001bf,0x000001ac,0x000001ad,0x000001ae,0x000001af,
	0x000001b0,0x000001b1,0x000001b2,0x000001c1,0x000001c2,0x000001b7,0x000001ce,0x000001ae,
	0x000001a5,0x000001cf,0x000001b8,0x000001a4,0x000001d0,0x000001b9,0x000001a6,0x000001aa,
	0x000001ab,0x000001ac,0x000001c0,0x000001af,0x000001b0,0x000001b1,0x000001b2,0x000001b3,
	0x000001b4,0x000001b5,0x000001b6,0x000001b7,0x000001ce,0x000001b1,0x000001a5,0x000001cf,
	0x000001bc,0x000001a4,0x000001d0,0x000001be,0x000001a6,0x000001aa,0x000001ab,0x000001ac,
	0x000001ad,0x000001ae,0x000001af,0x00000186,0x000001b2,0x000001b3,0x000001b4,0x000001b5,
	0x000001b6,0x000001b7,0x000001d1,0x000001ab,0x000001ae,0x000001b1,0x000001a5,0x000001d2,
	0x000001b8,0x000001bc,0x000001b4,0x000001a4,0x000001d3,0x000001b9,0x000001b6,0x000001be,
	0x000001a6,0x000001bf,0x000001ac,0x000001c0,0x000001af,0x00000186,0x000001b2,0x000001c1,
	0x000001c2,0x000001b7,0x000001a7,0x000001a8,0x000001a9,0x000001d4,0x000001d5,0x000001d6,
	0x000001a7,0x000001a8,0x000001a9,0x00000188,0x000001c3,0x000001d7,0x000001c5,0x000001d8,
	0x000001c7,0x000001a7,0x000001a8,0x000001a9,0x000001d9,0x000001da,0x000001db,0x000001dc,
	0x000001dd,0x000001de,0x000001a7,0x000001a8,0x000001a9,0x000001c8,0x000001df,0x000001c4,
	0x000001e0,0x000001c6,0x000001e1,0x00040020,0x000001e4,0x00000007,0x000001a3,0x0004002b,
	0x00000006,0x000001ff,0x00004000,0x0004002b,0x00000006,0x00000221,0x0000000e,0x0004001c,
	0x00000222,0x00000010,0x00000221,0x0011002c,0x00000222,0x00000223,0x00000146,0x0000014b,
	0x00000148,0x00000148,0x00000148,0x0000014c,0x000000ab,0x000000ab,0x000000ab,0x0000010e,
	0x00000146,0x00000148,0x00000149,0x000000d0,0x00040020,0x00000225,0x00000007,0x00000222,
	0x0011002c,0x00000222,0x00000255,0x0000003a,0x0000010e,0x0000003a,0x0000009d,0x0000009d,
	0x0000003a,0x0000010e,0x0000003a,0x0000003a,0x0000010e,0x00000146,0x0000014c,0x000000ab,
	0x0000009d,0x0011002c,0x00000222,0x00000264,0x0000003a,0x0000010e,0x0000009d,0x0000003a,
	0x0000009d,0x0000003a,0x0000003a,0x0000010e,0x0000003a,0x0000010e,0x00000146,0x0000014c,
	0x000000ab,0x0000009d,0x0011002c,0x00000222,0x00000273,0x0000003a,0x0000010e,0x0000009d,
	0x0000009d,0x0000003a,0x0000003a,0x0000003a,0x0000003a,0x0000010e,0x0000010e,0x00000146,
	0x0000014c,0x000000ab,0x0000009d,0x0004002b,0x00000006,0x000002d3,0x00000040,0x0004001c,
	0x000002d4,0x00000006,0x000002d3,0x0004002b,0x00000006,0x000002d5,0x50505050,0x0004002b,
	0x00000006,0x000002d6,0x40404040,0x0004002b,0x00000006,0x000002d7,0x54545454,0x0004002b,
	0x00000006,0x000002d8,0x54505040,0x0004002b,0x00000006,0x000002d9,0x50404000,0x0004002b,
	0x00000006,0x000002da,0x55545450,0x0004002b,0x00000006,0x000002db,0x55545040,0x0004002b,
	0x00000006,0x000002dc,0x54504000,0x0004002b,0x00000006,0x000002dd,0x50400000,0x0004002b,
	0x00000006,0x000002de,0x55555450,0x0004002b,0x00000006,0x000002df,0x55544000,0x0004002b,
	0x00000006,0x000002e0,0x54400000,0x0004002b,0x00000006,0x000002e1,0x55555440,0x0004002b,
	0x00000006,0x000002e2,0x55550000,0x0004002b,0x00000006,0x000002e3,0x55555500,0x0004002b,
	0x00000006,0x000002e4,0x55000000,0x0004002b,0x00000006,0x000002e5,0x55150100,0x0004002b,
	0x00000006,0x000002e6,0x00004054,0x0004002b,0x00000006,0x000002e7,0x15010000,0x0004002b,
	0x00000006,0x000002e8,0x00405054,0x0004002b,0x00000006,0x000002e9,0x00004050,0x0004002b,
	0x00000006,0x000002ea,0x15050100,0x0004002b,0x00000006,0x000002eb,0x05010000,0x0004002b,
	0x00000006,0x000002ec,0x40505054,0x0004002b,0x00000006,0x000002ed,0x00404050,0x0004002b,
	0x00000006,0x000002ee,0x05010100,0x0004002b,0x00000006,0x000002ef,0x14141414,0x0004002b,
	0x00000006,0x000002f0,0x05141450,0x0004002b,0x00000006,0x000002f1,0x01155440,0x0004002b,
	0x00000006,0x000002f2,0x00555500,0x0004002b,0x00000006,0x000002f3,0x15014054,0x0004002b,
	0x00000006,0x000002f4,0x05414150,0x0004002b,0x00000006,0x000002f5,0x44444444,0x0004002b,
	0x00000006,0x000002f6,0x55005500,0x0004002b,0x00000006,0x000002f7,0x11441144,0x0004002b,
	0x00000006,0x000002f8,0x05055050,0x0004002b,0x00000006,0x000002f9,0x05500550,0x0004002b,
	0x00000006,0x000002fa,0x11114444,0x0004002b,0x00000006,0x000002fb,0x41144114,0x0004002b,
	0x00000006,0x000002fc,0x44111144,0x0004002b,0x00000006,0x000002fd,0x15055054,0x0004002b,
	0x00000006,0x000002fe,0x01055040,0x0004002b,0x00000006,0x000002ff,0x05041050,0x0004002b,
	0x00000006,0x00000300,0x05455150,0x0004002b,0x00000006,0x00000301,0x14414114,0x0004002b,
	0x00000006,0x00000302,0x50050550,0x0004002b,0x00000006,0x00000303,0x41411414,0x0004002b,
	0x00000006,0x00000304,0x00141400,0x0004002b,0x00000006,0x00000305,0x00041504,0x0004002b,
	0x00000006,0x00000306,0x00105410,0x0004002b,0x00000006,0x00000307,0x10541000,0x0004002b,
	0x00000006,0x00000308,0x04150400,0x0004002b,0x00000006,0x00000309,0x50410514,0x0004002b,
	0x00000006,0x0000030a,0x41051450,0x0004002b,0x00000006,0x0000030b,0x05415014,0x0004002b,
	0x00000006,0x0000030c,0x14054150,0x0004002b,0x00000006,0x0000030d,0x41050514,0x0004002b,
	0x00000006,0x0000030e,0x41505014,0x0004002b,0x00000006,0x0000030f,0x40011554,0x0004002b,
	0x00000006,0x00000310,0x54150140,0x0004002b,0x00000006,0x00000311,0x50505500,0x0004002b,
	0x00000006,0x00000312,0x00555050,0x0004002b,0x00000006,0x00000313,0x15151010,0x0004002b,
	0x00000006,0x00000314,0x54540404,0x0043002c,0x000002d4,0x00000315,0x000002d5,0x000002d6,
	0x000002d7,0x000002d8,0x000002d9,0x000002da,0x000002db,0x000002dc,0x000002dd,0x000002de,
	0x000002df,0x000002e0,0x000002e1,0x000002e2,0x000002e3,0x000002e4,0x000002e5,0x000002e6,
	0x000002e7,0x000002e8,0x000002e9,0x000002ea,0x000002eb,0x000002ec,0x000002ed,0x000002ee,
	0x000002ef,0x000002f0,0x000002f1,0x000002f2,0x000002f3,0x000002f4,0x000002f5,0x000002f6,
	0x000002f7,0x000002f8,0x000002f9,0x000002fa,0x000002fb,0x000002fc,0x000002fd,0x000002fe,
	0x000002ff,0x00000300,0x00000301,0x00000302,0x00000303,0x00000304,0x00000305,0x00000306,
	0x00000307,0x00000308,0x00000309,0x0000030a,0x0000030b,0x0000030c,0x0000030d,0x0000030e,
	0x0000030f,0x00000310,0x00000311,0x00000312,0x00000313,0x00000314,0x00040020,0x00000317,
	0x00000007,0x000002d4,0x0004002b,0x00000006,0x0000031c,0x00000008,0x0004002b,0x00000006,
	0x0000031d,0x00000006,0x0043002c,0x000002d4,0x0000031e,0x00000180,0x00000180,0x00000180,
	0x00000180,0x00000180,0x00000180,0x00000180,0x00000180,0x00000180,0x00000180,0x00000180,
	0x00000180,0x00000180,0x00000180,0x00000180,0x00000180,0x00000180,0x000000a4,0x0000031c,
	0x000000a4,0x000000a4,0x0000031c,0x0000031c,0x00000180,0x000000a4,0x0000031c,0x000000a4,
	0x000000a4,0x0000031c,0x0000031c,0x000000a4,0x000000a4,0x00000180,0x00000180,0x0000031d,
	0x0000031c,0x000000a4,0x0000031c,0x00000180,0x00000180,0x000000a4,0x0000031c,0x000000a4,
	0x000000a4,0x000000a4,0x00000180,0x00000180,0x0000031d,0x0000031d,0x000000a4,0x0000031d,
	0x0000031c,0x00000180,0x00000180,0x000000a4,0x000000a4,0x00000180,0x00000180,0x00000180,
	0x00000180,0x00000180,0x000000a4,0x000000a4,0x00000180,0x0004001c,0x0000035d,0x00000010,
	0x0000031c,0x0004002b,0x00000010,0x0000035e,0x00000012,0x0004002b,0x00000010,0x0000035f,
	0x0000001b,0x0004002b,0x00000010,0x00000360,0x00000025,0x0004002b,0x00000010,0x00000361,
	0x0000002e,0x0004002b,0x00000010,0x00000362,0x00000037,0x0004002b,0x00000010,0x00000363,
	0x00000040,0x000b002c,0x0000035d,0x00000364,0x000000c0,0x0000014c,0x0000035e,0x0000035f,
	0x00000360,0x00000361,0x00000362,0x00000363,0x00040020,0x00000366,0x00000007,0x0000035d,
	0x0004001c,0x0000036b,0x00000010,0x0000015e,0x0004002b,0x00000010,0x0000036c,0x00000011,
	0x0004002b,0x00000010,0x0000036d,0x00000015,0x0004002b,0x00000010,0x0000036e,0x0000001a,
	0x0004002b,0x00000010,0x0000036f,0x0000001e,0x0004002b,0x00000010,0x00000370,0x00000022,
	0x0004002b,0x00000010,0x00000371,0x00000026,0x0004002b,0x00000010,0x00000372,0x0000002b,
	0x0004002b,0x00000010,0x00000373,0x0000002f,0x0004002b,0x00000010,0x00000374,0x00000033,
	0x0004002b,0x00000010,0x00000375,0x0000003c,0x0013002c,0x0000036b,0x00000376,0x000000c0,
	0x0000009d,0x0000014c,0x0000014a,0x0000036c,0x0000036d,0x0000036e,0x0000036f,0x00000370,
	0x00000371,0x00000372,0x00000373,0x00000374,0x00000362,0x00000375,0x00000363,0x00040020,
	0x00000378,0x00000007,0x0000036b,0x00040020,0x00000398,0x00000007,0x00000077,0x00040017,
	0x000003b2,0x00000017,0x00000002,0x00040020,0x000003c8,0x00000009,0x00000074,0x0003001d,
	0x000003f6,0x00000006,0x0003001e,0x000003f7,0x000003f6,0x00040020,0x000003f8,0x0000000c,
	0x000003f7,0x0004003b,0x000003f8,0x000003f9,0x0000000c,0x00040020,0x000003fb,0x0000000c,
	0x00000006,0x0006002c,0x00000077,0x00000423,0x0000031c,0x0000031c,0x00000052,0x0004002b,
	0x00000006,0x00000424,0xaa685050,0x0004002b,0x00000006,0x00000425,0x6a5a5040,0x0004002b,
	0x00000006,0x00000426,0x5a5a4200,0x0004002b,0x00000006,0x00000427,0x5450a0a8,0x0004002b,
	0x00000006,0x00000428,0xa5a50000,0x0004002b,0x00000006,0x00000429,0xa0a05050,0x0004002b,
	0x00000006,0x0000042a,0x5555a0a0,0x0004002b,0x00000006,0x0000042b,0x5a5a5050,0x0004002b,
	0x00000006,0x0000042c,0xaa550000,0x0004002b,0x00000006,0x0000042d,0xaa555500,0x0004002b,
	0x00000006,0x0000042e,0xaaaa5500,0x0004002b,0x00000006,0x0000042f,0x90909090,0x0004002b,
	0x00000006,0x00000430,0x94949494,0x0004002b,0x00000006,0x00000431,0xa4a4a4a4,0x0004002b,
	0x00000006,0x00000432,0xa9a59450,0x0004002b,0x00000006,0x00000433,0x2a0a4250,0x0004002b,
	0x00000006,0x00000434,0xa5945040,0x0004002b,0x00000006,0x00000435,0x0a425054,0x0004002b,
	0x00000006,0x00000436,0xa5a5a500,0x0004002b,0x00000006,0x00000437,0x55a0a0a0,0x0004002b,
	0x00000006,0x00000438,0xa8a85454,0x0004002b,0x00000006,0x00000439,0x6a6a4040,0x0004002b,
	0x00000006,0x0000043a,0xa4a45000,0x0004002b,0x00000006,0x0000043b,0x1a1a0500,0x0004002b,
	0x00000006,0x0000043c,0x0050a4a4,0x0004002b,0x00000006,0x0000043d,0xaaa59090,0x0004002b,
	0x00000006,0x0000043e,0x14696914,0x0004002b,0x00000006,0x0000043f,0x69691400,0x0004002b,
	0x00000006,0x00000440,0xa08585a0,0x0004002b,0x00000006,0x00000441,0xaa821414,0x0004002b,
	0x00000006,0x00000442,0x50a4a450,0x0004002b,0x00000006,0x00000443,0x6a5a0200,0x0004002b,
	0x00000006,0x00000444,0xa9a58000,0x0004002b,0x00000006,0x00000445,0x5090a0a8,0x0004002b,
	0x00000006,0x00000446,0xa8a09050,0x0004002b,0x00000006,0x00000447,0x24242424,0x0004002b,
	0x00000006,0x00000448,0x00aa5500,0x0004002b,0x00000006,0x00000449,0x24924924,0x0004002b,
	0x00000006,0x0000044a,0x24499224,0x0004002b,0x00000006,0x0000044b,0x50a50a50,0x0004002b,
	0x00000006,0x0000044c,0x500aa550,0x0004002b,0x00000006,0x0000044d,0xaaaa4444,0x0004002b,
	0x00000006,0x0000044e,0x66660000,0x0004002b,0x00000006,0x0000044f,0xa5a0a5a0,0x0004002b,
	0x00000006,0x00000450,0x50a050a0,0x0004002b,0x00000006,0x00000451,0x69286928,0x0004002b,
	0x00000006,0x00000452,0x44aaaa44,0x0004002b,0x00000006,0x00000453,0x66666600,0x0004002b,
	0x00000006,0x00000454,0xaa444444,0x0004002b,0x00000006,0x00000455,0x54a854a8,0x0004002b,
	0x00000006,0x00000456,0x95809580,0x0004002b,0x00000006,0x00000457,0x96969600,0x0004002b,
	0x00000006,0x00000458,0xa85454a8,0x0004002b,0x00000006,0x00000459,0x80959580,0x0004002b,
	0x00000006,0x0000045a,0xaa141414,0x0004002b,0x00000006,0x0000045b,0x96960000,0x0004002b,
	0x00000006,0x0000045c,0xaaaa1414,0x0004002b,0x00000006,0x0000045d,0xa05050a0,0x0004002b,
	0x00000006,0x0000045e,0xa0a5a5a0,0x0004002b,0x00000006,0x0000045f,0x96000000,0x0004002b,
	0x00000006,0x00000460,0x40804080,0x0004002b,0x00000006,0x00000461,0xa9a8a9a8,0x0004002b,
	0x00000006,0x00000462,0xaaaaaa44,0x0004002b,0x00000006,0x00000463,0x2a4a5254,0x0043002c,
	0x000002d4,0x00000464,0x00000424,0x00000425,0x00000426,0x00000427,0x00000428,0x00000429,
	0x0000042a,0x0000042b,0x0000042c,0x0000042d,0x0000042e,0x0000042f,0x00000430,0x00000431,
	0x00000432,0x00000433,0x00000434,0x00000435,0x00000436,0x00000437,0x00000438,0x00000439,
	0x0000043a,0x0000043b,0x0000043c,0x0000043d,0x0000043e,0x0000043f,0x00000440,0x00000441,
	0x00000442,0x00000443,0x00000444,0x00000445,0x00000446,0x00000447,0x00000448,0x00000449,
	0x0000044a,0x0000044b,0x0000044c,0x0000044d,0x0000044e,0x0000044f,0x00000450,0x00000451,
	0x00000452,0x00000453,0x00000454,0x00000455,0x00000456,0x00000457,0x00000458,0x00000459,
	0x0000045a,0x0000045b,0x0000045c,0x0000045d,0x0000045e,0x0000045f,0x00000460,0x00000461,
	0x00000462,0x00000463,0x0004002b,0x00000006,0x00000465,0x000000f3,0x0004002b,0x00000006,
	0x00000466,0x00000083,0x0004002b,0x00000006,0x00000467,0x0000008f,0x0004002b,0x00000006,
	0x00000468,0x000000f8,0x0004002b,0x00000006,0x00000469,0x000000f5,0x0004002b,0x00000006,
	0x0000046a,0x0000008a,0x0004002b,0x00000006,0x0000046b,0x00000035,0x0004002b,0x00000006,
	0x0000046c,0x000000a6,0x0004002b,0x00000006,0x0000046d,0x000000af,0x0004002b,0x00000006,
	0x0000046e,0x0000006f,0x0004002b,0x00000006,0x0000046f,0x000000fa,0x0004002b,0x00000006,
	0x00000470,0x000000fd,0x0004002b,0x00000006,0x00000471,0x000000fc,0x0043002c,0x000002d4,
	0x00000472,0x00000465,0x00000466,0x00000467,0x00000184,0x00000468,0x00000465,0x00000184,
	0x00000467,0x00000468,0x00000468,0x0000018f,0x0000018f,0x0000018f,0x00000469,0x00000465,
	0x00000466,0x00000465,0x00000466,0x00000468,0x00000184,0x00000465,0x00000466,0x0000018f,
	0x0000046a,0x0000046b,0x00000468,0x000001d3,0x0000046c,0x00000468,0x00000469,0x0000046d,
	0x00000467,0x00000468,0x00000184,0x00000465,0x000001d5,0x0000046c,0x0000046a,0x000001cd,
	0x0000046d,0x0000046e,0x00000465,0x00000467,0x00000469,0x00000184,0x0000046e,0x0000046e,
	0x00000467,0x00000465,0x00000184,0x00000469,0x00000469,0x00000469,0x00000468,0x00000469,
	0x0000046f,0x00000469,0x0000046f,0x00000468,0x00000470,0x00000184,0x00000471,0x00000465,
	0x00000466,0x000b002c,0x0000035d,0x00000473,0x0000009d,0x0000010e,0x0000003a,0x0000014b,
	0x0000003a,0x0000014b,0x0000014b,0x0000003a,0x000b002c,0x0000035d,0x00000474,0x000000c0,
	0x000000c0,0x000000c0,0x000000c0,0x0000010e,0x000000ab,0x0000014b,0x0000003a,0x00050036,
	0x00000002,0x00000004,0x00000000,0x00000003,0x000200f8,0x00000005,0x0004003b,0x00000075,
	0x000003c4,0x00000007,0x0004003b,0x00000075,0x000003c7,0x00000007,0x0004003b,0x00000009,
	0x000003e0,0x00000007,0x0004003b,0x00000009,0x000003e1,0x00000007,0x0004003b,0x00000008,
	0x000003f5,0x00000007,0x0004003b,0x00000009,0x00000404,0x00000007,0x0004003b,0x00000009,
	0x0000040f,0x00000007,0x0004003b,0x00000021,0x00000419,0x00000007,0x0004003b,0x00000008,
	0x0000041e,0x00000007,0x0004003b,0x00000021,0x00000420,0x00000007,0x0004003d,0x00000077,
	0x000003c5,0x00000079,0x0007004f,0x00000074,0x000003c6,0x000003c5,0x000003c5,0x00000000,
	0x00000001,0x0003003e,0x000003c4,0x000003c6,0x00050041,0x000003c8,0x000003c9,0x0000008a,
	0x0000003a,0x0004003d,0x00000074,0x000003ca,0x000003c9,0x00050050,0x00000074,0x000003cb,
	0x0000004c,0x0000004c,0x00050080,0x00000074,0x000003cc,0x000003ca,0x000003cb,0x00050050,
	0x00000074,0x000003cd,0x0000007e,0x0000007e,0x00050086,0x00000074,0x000003ce,0x000003cc,
	0x000003cd,0x0003003e,0x000003c7,0x000003ce,0x00050041,0x00000009,0x000003cf,0x000003c4,
	0x00000033,0x0004003d,0x00000006,0x000003d0,0x000003cf,0x00050041,0x00000009,0x000003d1,
	0x000003c7,0x00000033,0x0004003d,0x00000006,0x000003d2,0x000003d1,0x000500ae,0x00000020,
	0x000003d3,0x000003d0,0x000003d2,0x000400a8,0x00000020,0x000003d4,0x000003d3,0x000300f7,
	0x000003d6,0x00000000,0x000400fa,0x000003d4,0x000003d5,0x000003d6,0x000200f8,0x000003d5,
	0x00050041,0x00000009,0x000003d7,0x000003c4,0x00000052,0x0004003d,0x00000006,0x000003d8,
	0x000003d7,0x00050041,0x00000009,0x000003d9,0x000003c7,0x00000052,0x0004003d,0x00000006,
	0x000003da,0x000003d9,0x000500ae,0x00000020,0x000003db,0x000003d8,0x000003da,0x000200f9,
	0x000003d6,0x000200f8,0x000003d6,0x000700f5,0x00000020,0x000003dc,0x000003d3,0x00000005,
	0x000003db,0x000003d5,0x000300f7,0x000003de,0x00000000,0x000400fa,0x000003dc,0x000003dd,
	0x000003de,0x000200f8,0x000003dd,0x000100fd,0x000200f8,0x000003de,0x0003003e,0x000003e0,
	0x0000007e,0x00050041,0x0000008b,0x000003e2,0x0000008a,0x000000c0,0x0004003d,0x00000006,
	0x000003e3,0x000003e2,0x00050041,0x000000a5,0x000003e4,0x00000079,0x000000a4,0x0004003d,
	0x00000006,0x000003e5,0x000003e4,0x00050041,0x0000008b,0x000003e6,0x0000008a,0x0000013f,
	0x0004003d,0x00000006,0x000003e7,0x000003e6,0x00050084,0x00000006,0x000003e8,0x000003e5,
	0x000003e7,0x00050041,0x00000009,0x000003e9,0x000003c4,0x00000052,0x0004003d,0x00000006,
	0x000003ea,0x000003e9,0x00050041,0x0000008b,0x000003eb,0x0000008a,0x000000c6,0x0004003d,
	0x00000006,0x000003ec,0x000003eb,0x00050084,0x00000006,0x000003ed,0x000003ea,0x000003ec,
	0x00050080,0x00000006,0x000003ee,0x000003e8,0x000003ed,0x00050041,0x00000009,0x000003ef,
	0x000003c4,0x00000033,0x0004003d,0x00000006,0x000003f0,0x000003ef,0x00050080,0x00000006,
	0x000003f1,0x000003ee,0x000003f0,0x0004003d,0x00000006,0x000003f2,0x000003e0,0x00050084,
	0x00000006,0x000003f3,0x000003f1,0x000003f2,0x00050080,0x00000006,0x000003f4,0x000003e3,
	0x000003f3,0x0003003e,0x000003e1,0x000003f4,0x0004003d,0x00000006,0x000003fa,0x000003e1,
	0x00060041,0x000003fb,0x000003fc,0x000003f9,0x000000c0,0x000003fa,0x0004003d,0x00000006,
	0x000003fd,0x000003fc,0x0004003d,0x00000006,0x000003fe,0x000003e1,0x00050080,0x00000006,
	0x000003ff,0x000003fe,0x00000052,0x00060041,0x000003fb,0x00000400,0x000003f9,0x000000c0,
	0x000003ff,0x0004003d,0x00000006,0x00000401,0x00000400,0x0004003d,0x00000006,0x00000402,
	0x000003e0,0x000500ac,0x00000020,0x00000403,0x00000402,0x000000a4,0x000300f7,0x00000406,
	0x00000000,0x000400fa,0x00000403,0x00000405,0x0000040b,0x000200f8,0x00000405,0x0004003d,
	0x00000006,0x00000407,0x000003e1,0x00050080,0x00000006,0x00000408,0x00000407,0x000000a4,
	0x00060041,0x000003fb,0x00000409,0x000003f9,0x000000c0,0x00000408,0x0004003d,0x00000006,
	0x0000040a,0x00000409,0x0003003e,0x00000404,0x0000040a,0x000200f9,0x00000406,0x000200f8,
	0x0000040b,0x0003003e,0x00000404,0x00000033,0x000200f9,0x00000406,0x000200f8,0x00000406,
	0x0004003d,0x00000006,0x0000040c,0x00000404,0x0004003d,0x00000006,0x0000040d,0x000003e0,
	0x000500ac,0x00000020,0x0000040e,0x0000040d,0x000000a4,0x000300f7,0x00000411,0x00000000,
	0x000400fa,0x0000040e,0x00000410,0x00000416,0x000200f8,0x00000410,0x0004003d,0x00000006,
	0x00000412,0x000003e1,0x00050080,0x00000006,0x00000413,0x00000412,0x0000004c,0x00060041,
	0x000003fb,0x00000414,0x000003f9,0x000000c0,0x00000413,0x0004003d,0x00000006,0x00000415,
	0x00000414,0x0003003e,0x0000040f,0x00000415,0x000200f9,0x00000411,0x000200f8,0x00000416,
	0x0003003e,0x0000040f,0x00000033,0x000200f9,0x00000411,0x000200f8,0x00000411,0x0004003d,
	0x00000006,0x00000417,0x0000040f,0x00070050,0x00000007,0x00000418,0x000003fd,0x00000401,
	0x0000040c,0x00000417,0x0003003e,0x000003f5,0x00000418,0x00050041,0x0000008b,0x0000041a,
	0x0000008a,0x000000a8,0x0004003d,0x00000006,0x0000041b,0x0000041a,0x000500c7,0x00000006,
	0x0000041c,0x0000041b,0x000000a4,0x000500ab,0x00000020,0x0000041d,0x0000041c,0x00000033,
	0x0003003e,0x00000419,0x0000041d,0x0004003d,0x00000007,0x0000041f,0x000003f5,0x0003003e,
	0x0000041e,0x0000041f,0x0004003d,0x00000020,0x00000421,0x00000419,0x0003003e,0x00000420,
	0x00000421,0x00060039,0x00000002,0x00000422,0x00000030,0x0000041e,0x00000420,0x000100fd,
	0x00010038,0x00050036,0x00000006,0x0000000e,0x00000000,0x0000000a,0x00030037,0x00000008,
	0x0000000b,0x00030037,0x00000009,0x0000000c,0x00030037,0x00000009,0x0000000d,0x000200f8,
	0x0000000f,0x0004003b,0x00000009,0x00000038,0x00000007,0x0004003b,0x00000009,0x0000003c,
	0x00000007,0x0004003b,0x00000009,0x00000040,0x00000007,0x0004003b,0x00000009,0x0000005d,
	0x00000007,0x0004003d,0x00000006,0x00000032,0x0000000d,0x000500aa,0x00000020,0x00000034,
	0x00000032,0x00000033,0x000300f7,0x00000036,0x00000000,0x000400fa,0x00000034,0x00000035,
	0x00000036,0x000200f8,0x00000035,0x000200fe,0x00000033,0x000200f8,0x00000036,0x0004003d,
	0x00000006,0x00000039,0x0000000c,0x000500c2,0x00000006,0x0000003b,0x00000039,0x0000003a,
	0x0003003e,0x00000038,0x0000003b,0x0004003d,0x00000006,0x0000003d,0x0000000c,0x000500c7,
	0x00000006,0x0000003f,0x0000003d,0x0000003e,0x0003003e,0x0000003c,0x0000003f,0x0004003d,
	0x00000006,0x00000041,0x00000038,0x00050041,0x00000009,0x00000042,0x0000000b,0x00000041,
	0x0004003d,0x00000006,0x00000043,0x00000042,0x0004003d,0x00000006,0x00000044,0x0000003c,
	0x000500c2,0x00000006,0x00000045,0x00000043,0x00000044,0x0003003e,0x00000040,0x00000045,
	0x0004003d,0x00000006,0x00000046,0x0000003c,0x0004003d,0x00000006,0x00000047,0x0000000d,
	0x00050080,0x00000006,0x00000048,0x00000046,0x00000047,0x000500ac,0x00000020,0x0000004a,
	0x00000048,0x00000049,0x0004003d,0x00000006,0x0000004b,0x00000038,0x000500b0,0x00000020,
	0x0000004d,0x0000004b,0x0000004c,0x000500a7,0x00000020,0x0000004e,0x0000004a,0x0000004d,
	0x000300f7,0x00000050,0x00000000,0x000400fa,0x0000004e,0x0000004f,0x00000050,0x000200f8,
	0x0000004f,0x0004003d,0x00000006,0x00000051,0x00000038,0x00050080,0x00000006,0x00000053,
	0x00000051,0x00000052,0x00050041,0x00000009,0x00000054,0x0000000b,0x00000053,0x0004003d,
	0x00000006,0x00000055,0x00000054,0x0004003d,0x00000006,0x00000056,0x0000003c,0x00050082,
	0x00000006,0x00000057,0x00000049,0x00000056,0x000500c4,0x00000006,0x00000058,0x00000055,
	0x00000057,0x0004003d,0x00000006,0x00000059,0x00000040,0x000500c5,0x00000006,0x0000005a,
	0x00000059,0x00000058,0x0003003e,0x00000040,0x0000005a,0x000200f9,0x00000050,0x000200f8,
	0x00000050,0x0004003d,0x00000006,0x0000005b,0x0000000d,0x000500aa,0x00000020,0x0000005c,
	0x0000005b,0x00000049,0x000300f7,0x0000005f,0x00000000,0x000400fa,0x0000005c,0x0000005e,
	0x00000061,0x000200f8,0x0000005e,0x0004003d,0x00000006,0x00000060,0x00000040,0x0003003e,
	0x0000005d,0x00000060,0x000200f9,0x0000005f,0x000200f8,0x00000061,0x0004003d,0x00000006,
	0x00000062,0x00000040,0x0004003d,0x00000006,0x00000063,0x0000000d,0x000500c4,0x00000006,
	0x00000064,0x00000052,0x00000063,0x00050082,0x00000006,0x00000065,0x00000064,0x00000052,
	0x000500c7,0x00000006,0x00000066,0x00000062,0x00000065,0x0003003e,0x0000005d,0x00000066,
	0x000200f9,0x0000005f,0x000200f8,0x0000005f,0x0004003d,0x00000006,0x00000067,0x0000005d,
	0x000200fe,0x00000067,0x00010038,0x00050036,0x00000010,0x00000015,0x00000000,0x00000012,
	0x00030037,0x00000011,0x00000013,0x00030037,0x00000011,0x00000014,0x000200f8,0x00000016,
	0x0004003d,0x00000010,0x0000006a,0x00000013,0x0004003d,0x00000010,0x0000006c,0x00000014,
	0x00050082,0x00000010,0x0000006d,0x0000006b,0x0000006c,0x000500c4,0x00000010,0x0000006e,
	0x0000006a,0x0000006d,0x0004003d,0x00000010,0x0000006f,0x00000014,0x00050082,0x00000010,
	0x00000070,0x0000006b,0x0000006f,0x000500c3,0x00000010,0x00000071,0x0000006e,0x00000070,
	0x000200fe,0x00000071,0x00010038,0x00050036,0x00000002,0x0000001e,0x00000000,0x0000001a,
	0x00030037,0x00000009,0x0000001b,0x00030037,0x00000009,0x0000001c,0x00030037,0x00000019,
	0x0000001d,0x000200f8,0x0000001f,0x0004003b,0x00000075,0x00000076,0x00000007,0x0004003b,
	0x00000075,0x0000007c,0x00000007,0x0004003d,0x00000077,0x0000007a,0x00000079,0x0007004f,
	0x00000074,0x0000007b,0x0000007a,0x0000007a,0x00000000,0x00000001,0x0003003e,0x00000076,
	0x0000007b,0x0004003d,0x00000074,0x0000007d,0x00000076,0x00050050,0x00000074,0x0000007f,
	0x0000007e,0x0000007e,0x00050084,0x00000074,0x00000080,0x0000007d,0x0000007f,0x0004003d,
	0x00000006,0x00000081,0x0000001b,0x0004003d,0x00000006,0x00000082,0x0000001c,0x00050050,
	0x00000074,0x00000083,0x00000081,0x00000082,0x00050080,0x00000074,0x00000084,0x00000080,
	0x00000083,0x0003003e,0x0000007c,0x00000084,0x00050041,0x00000009,0x00000085,0x0000007c,
	0x00000033,0x0004003d,0x00000006,0x00000086,0x00000085,0x00060041,0x0000008b,0x0000008c,
	0x0000008a,0x0000003a,0x00000033,0x0004003d,0x00000006,0x0000008d,0x0000008c,0x000500b0,
	0x00000020,0x0000008e,0x00000086,0x0000008d,0x000300f7,0x00000090,0x00000000,0x000400fa,
	0x0000008e,0x0000008f,0x00000090,0x000200f8,0x0000008f,0x00050041,0x00000009,0x00000091,
	0x0000007c,0x00000052,0x0004003d,0x00000006,0x00000092,0x00000091,0x00060041,0x0000008b,
	0x00000093,0x0000008a,0x0000003a,0x00000052,0x0004003d,0x00000006,0x00000094,0x00000093,
	0x000500b0,0x00000020,0x00000095,0x00000092,0x00000094,0x000200f9,0x00000090,0x000200f8,
	0x00000090,0x000700f5,0x00000020,0x00000096,0x0000008e,0x0000001f,0x00000095,0x0000008f,
	0x000300f7,0x00000098,0x00000000,0x000400fa,0x00000096,0x00000097,0x00000098,0x000200f8,
	0x00000097,0x0004003d,0x00000099,0x0000009c,0x0000009b,0x00050041,0x0000009e,0x0000009f,
	0x0000008a,0x0000009d,0x0004003d,0x00000087,0x000000a0,0x0000009f,0x0004003d,0x00000074,
	0x000000a1,0x0000007c,0x0004007c,0x00000087,0x000000a2,0x000000a1,0x00050080,0x00000087,
	0x000000a3,0x000000a0,0x000000a2,0x00050041,0x000000a5,0x000000a6,0x00000079,0x000000a4,
	0x0004003d,0x00000006,0x000000a7,0x000000a6,0x00050041,0x0000008b,0x000000a9,0x0000008a,
	0x000000a8,0x0004003d,0x00000006,0x000000aa,0x000000a9,0x000500c2,0x00000006,0x000000ac,
	0x000000aa,0x000000ab,0x00050080,0x00000006,0x000000ad,0x000000a7,0x000000ac,0x0004007c,
	0x00000010,0x000000ae,0x000000ad,0x00050051,0x00000010,0x000000b0,0x000000a3,0x00000000,
	0x00050051,0x00000010,0x000000b1,0x000000a3,0x00000001,0x00060050,0x000000af,0x000000b2,
	0x000000b0,0x000000b1,0x000000ae,0x0004003d,0x00000018,0x000000b3,0x0000001d,0x00040063,
	0x0000009c,0x000000b2,0x000000b3,0x000200f9,0x00000098,0x000200f8,0x00000098,0x000100fd,
	0x00010038,0x00050036,0x00000010,0x00000026,0x00000000,0x00000022,0x00030037,0x00000011,
	0x00000023,0x00030037,0x00000011,0x00000024,0x00030037,0x00000021,0x00000025,0x000200f8,
	0x00000027,0x0004003b,0x00000011,0x000000dd,0x00000007,0x0004003b,0x00000011,0x000000e8,
	0x00000007,0x0004003b,0x00000011,0x000000fd,0x00000007,0x0004003d,0x00000020,0x000000b4,
	0x00000025,0x000400a8,0x00000020,0x000000b5,0x000000b4,0x000300f7,0x000000b7,0x00000000,
	0x000400fa,0x000000b5,0x000000b6,0x000000b7,0x000200f8,0x000000b6,0x0004003d,0x00000010,
	0x000000b8,0x00000024,0x000500af,0x00000020,0x000000ba,0x000000b8,0x000000b9,0x000300f7,
	0x000000bc,0x00000000,0x000400fa,0x000000ba,0x000000bb,0x000000bc,0x000200f8,0x000000bb,
	0x0004003d,0x00000010,0x000000bd,0x00000023,0x000200fe,0x000000bd,0x000200f8,0x000000bc,
	0x0004003d,0x00000010,0x000000bf,0x00000023,0x000500aa,0x00000020,0x000000c1,0x000000bf,
	0x000000c0,0x000300f7,0x000000c3,0x00000000,0x000400fa,0x000000c1,0x000000c2,0x000000c3,
	0x000200f8,0x000000c2,0x000200fe,0x000000c0,0x000200f8,0x000000c3,0x0004003d,0x00000010,
	0x000000c5,0x00000023,0x0004003d,0x00000010,0x000000c7,0x00000024,0x000500c4,0x00000010,
	0x000000c8,0x000000c6,0x000000c7,0x00050082,0x00000010,0x000000c9,0x000000c8,0x000000c6,
	0x000500aa,0x00000020,0x000000ca,0x000000c5,0x000000c9,0x000300f7,0x000000cc,0x00000000,
	0x000400fa,0x000000ca,0x000000cb,0x000000cc,0x000200f8,0x000000cb,0x000200fe,0x000000cd,
	0x000200f8,0x000000cc,0x0004003d,0x00000010,0x000000cf,0x00000023,0x000500c4,0x00000010,
	0x000000d1,0x000000cf,0x000000d0,0x00050080,0x00000010,0x000000d3,0x000000d1,0x000000d2,
	0x0004003d,0x00000010,0x000000d4,0x00000024,0x000500c3,0x00000010,0x000000d5,0x000000d3,
	0x000000d4,0x000200fe,0x000000d5,0x000200f8,0x000000b7,0x0004003d,0x00000010,0x000000d7,
	0x00000024,0x000500af,0x00000020,0x000000d8,0x000000d7,0x000000d0,0x000300f7,0x000000da,
	0x00000000,0x000400fa,0x000000d8,0x000000d9,0x000000da,0x000200f8,0x000000d9,0x0004003d,
	0x00000010,0x000000db,0x00000023,0x000200fe,0x000000db,0x000200f8,0x000000da,0x0003003e,
	0x000000dd,0x000000c0,0x0004003d,0x00000010,0x000000de,0x00000023,0x000500b1,0x00000020,
	0x000000df,0x000000de,0x000000c0,0x000300f7,0x000000e1,0x00000000,0x000400fa,0x000000df,
	0x000000e0,0x000000e1,0x000200f8,0x000000e0,0x0003003e,0x000000dd,0x000000c6,0x0004003d,
	0x00000010,0x000000e2,0x00000023,0x0004007e,0x00000010,0x000000e3,0x000000e2,0x0003003e,
	0x00000023,0x000000e3,0x000200f9,0x000000e1,0x000200f8,0x000000e1,0x0004003d,0x00000010,
	0x000000e4,0x00000023,0x000500aa,0x00000020,0x000000e5,0x000000e4,0x000000c0,0x000300f7,
	0x000000e7,0x00000000,0x000400fa,0x000000e5,0x000000e6,0x000000e9,0x000200f8,0x000000e6,
	0x0003003e,0x000000e8,0x000000c0,0x000200f9,0x000000e7,0x000200f8,0x000000e9,0x0004003d,
	0x00000010,0x000000ea,0x00000023,0x0004003d,0x00000010,0x000000eb,0x00000024,0x00050082,
	0x00000010,0x000000ec,0x000000eb,0x000000c6,0x000500c4,0x00000010,0x000000ed,0x000000c6,
	0x000000ec,0x00050082,0x00000010,0x000000ee,0x000000ed,0x000000c6,0x000500af,0x00000020,
	0x000000ef,0x000000ea,0x000000ee,0x000300f7,0x000000f1,0x00000000,0x000400fa,0x000000ef,
	0x000000f0,0x000000f3,0x000200f8,0x000000f0,0x0003003e,0x000000e8,0x000000f2,0x000200f9,
	0x000000f1,0x000200f8,0x000000f3,0x0004003d,0x00000010,0x000000f4,0x00000023,0x000500c4,
	0x00000010,0x000000f5,0x000000f4,0x000000b9,0x00050080,0x00000010,0x000000f7,0x000000f5,
	0x000000f6,0x0004003d,0x00000010,0x000000f8,0x00000024,0x00050082,0x00000010,0x000000f9,
	0x000000f8,0x000000c6,0x000500c3,0x00000010,0x000000fa,0x000000f7,0x000000f9,0x0003003e,
	0x000000e8,0x000000fa,0x000200f9,0x000000f1,0x000200f8,0x000000f1,0x000200f9,0x000000e7,
	0x000200f8,0x000000e7,0x0004003d,0x00000010,0x000000fb,0x000000dd,0x000500ab,0x00000020,
	0x000000fc,0x000000fb,0x000000c0,0x000300f7,0x000000ff,0x00000000,0x000400fa,0x000000fc,
	0x000000fe,0x00000102,0x000200f8,0x000000fe,0x0004003d,0x00000010,0x00000100,0x000000e8,
	0x0004007e,0x00000010,0x00000101,0x00000100,0x0003003e,0x000000fd,0x00000101,0x000200f9,
	0x000000ff,0x000200f8,0x00000102,0x0004003d,0x00000010,0x00000103,0x000000e8,0x0003003e,
	0x000000fd,0x00000103,0x000200f9,0x000000ff,0x000200f8,0x000000ff,0x0004003d,0x00000010,
	0x00000104,0x000000fd,0x000200fe,0x00000104,0x00010038,0x00050036,0x00000006,0x0000002b,
	0x00000000,0x00000028,0x00030037,0x00000011,0x00000029,0x00030037,0x00000021,0x0000002a,
	0x000200f8,0x0000002c,0x0004003b,0x00000011,0x00000114,0x00000007,0x0004003b,0x00000009,
	0x00000121,0x00000007,0x0004003d,0x00000020,0x00000107,0x0000002a,0x000400a8,0x00000020,
	0x00000108,0x00000107,0x000300f7,0x0000010a,0x00000000,0x000400fa,0x00000108,0x00000109,
	0x0000010a,0x000200f8,0x00000109,0x0004003d,0x00000010,0x0000010b,0x00000029,0x00050084,
	0x00000010,0x0000010d,0x0000010b,0x0000010c,0x000500c3,0x00000010,0x0000010f,0x0000010d,
	0x0000010e,0x0004007c,0x00000006,0x00000110,0x0000010f,0x000200fe,0x00000110,0x000200f8,
	0x0000010a,0x0004003d,0x00000010,0x00000112,0x00000029,0x000500b1,0x00000020,0x00000113,
	0x00000112,0x000000c0,0x000300f7,0x00000116,0x00000000,0x000400fa,0x00000113,0x00000115,
	0x0000011c,0x000200f8,0x00000115,0x0004003d,0x00000010,0x00000117,0x00000029,0x0004007e,
	0x00000010,0x00000118,0x00000117,0x00050084,0x00000010,0x00000119,0x00000118,0x0000010c,
	0x000500c3,0x00000010,0x0000011a,0x00000119,0x0000003a,0x0004007e,0x00000010,0x0000011b,
	0x0000011a,0x0003003e,0x00000114,0x0000011b,0x000200f9,0x00000116,0x000200f8,0x0000011c,
	0x0004003d,0x00000010,0x0000011d,0x00000029,0x00050084,0x00000010,0x0000011e,0x0000011d,
	0x0000010c,0x000500c3,0x00000010,0x0000011f,0x0000011e,0x0000003a,0x0003003e,0x00000114,
	0x0000011f,0x000200f9,0x00000116,0x000200f8,0x00000116,0x0004003d,0x00000010,0x00000120,
	0x00000114,0x0003003e,0x00000029,0x00000120,0x0003003e,0x00000121,0x00000033,0x0004003d,
	0x00000010,0x00000122,0x00000029,0x000500b1,0x00000020,0x00000123,0x00000122,0x000000c0,
	0x000300f7,0x00000125,0x00000000,0x000400fa,0x00000123,0x00000124,0x00000125,0x000200f8,
	0x00000124,0x0003003e,0x00000121,0x00000126,0x0004003d,0x00000010,0x00000127,0x00000029,
	0x0004007e,0x00000010,0x00000128,0x00000127,0x0003003e,0x00000029,0x00000128,0x000200f9,
	0x00000125,0x000200f8,0x00000125,0x0004003d,0x00000006,0x00000129,0x00000121,0x0004003d,
	0x00000010,0x0000012a,0x00000029,0x0004007c,0x00000006,0x0000012b,0x0000012a,0x000500c5,
	0x00000006,0x0000012c,0x00000129,0x0000012b,0x000200fe,0x0000012c,0x00010038,0x00050036,
	0x00000002,0x00000030,0x00000000,0x0000002d,0x00030037,0x00000008,0x0000002e,0x00030037,
	0x00000021,0x0000002f,0x000200f8,0x00000031,0x0004003b,0x00000009,0x0000012f,0x00000007,
	0x0004003b,0x00000009,0x00000130,0x00000007,0x0004003b,0x00000008,0x00000131,0x00000007,
	0x0004003b,0x00000009,0x00000133,0x00000007,0x0004003b,0x00000009,0x00000134,0x00000007,
	0x0004003b,0x00000008,0x0000013a,0x00000007,0x0004003b,0x00000009,0x0000013c,0x00000007,
	0x0004003b,0x00000009,0x0000013d,0x00000007,0x0004003b,0x00000011,0x00000144,0x00000007,
	0x0004003b,0x0000014f,0x00000150,0x00000007,0x0004003b,0x00000009,0x00000157,0x00000007,
	0x0004003b,0x00000009,0x00000167,0x00000007,0x0004003b,0x00000009,0x00000168,0x00000007,
	0x0004003b,0x00000019,0x00000169,0x00000007,0x0004003b,0x00000011,0x0000016e,0x00000007,
	0x0004003b,0x00000178,0x00000179,0x00000007,0x0004003b,0x00000009,0x0000017e,0x00000007,
	0x0004003b,0x00000009,0x0000017f,0x00000007,0x0004003b,0x00000192,0x00000193,0x00000007,
	0x0004003b,0x00000192,0x0000019e,0x00000007,0x0004003b,0x00000009,0x000001a2,0x00000007,
	0x0004003b,0x000001e4,0x000001e5,0x00000007,0x0004003b,0x00000009,0x000001e8,0x00000007,
	0x0004003b,0x00000009,0x000001eb,0x00000007,0x0004003b,0x00000009,0x000001ef,0x00000007,
	0x0004003b,0x00000009,0x000001f3,0x00000007,0x0004003b,0x00000008,0x000001f4,0x00000007,
	0x0004003b,0x00000009,0x000001f6,0x00000007,0x0004003b,0x00000009,0x000001f8,0x00000007,
	0x0004003b,0x00000021,0x0000021a,0x00000007,0x0004003b,0x00000011,0x0000021d,0x00000007,
	0x0004003b,0x00000011,0x00000220,0x00000007,0x0004003b,0x00000225,0x00000226,0x00000007,
	0x0004003b,0x00000011,0x0000022c,0x00000007,0x0004003b,0x00000011,0x0000022f,0x00000007,
	0x0004003b,0x00000011,0x00000233,0x00000007,0x0004003b,0x00000011,0x00000236,0x00000007,
	0x0004003b,0x00000011,0x0000023a,0x00000007,0x0004003b,0x00000011,0x0000023d,0x00000007,
	0x0004003b,0x00000011,0x0000024a,0x00000007,0x0004003b,0x00000011,0x00000257,0x00000007,
	0x0004003b,0x00000011,0x0000025a,0x00000007,0x0004003b,0x00000225,0x0000025b,0x00000007,
	0x0004003b,0x00000011,0x00000266,0x00000007,0x0004003b,0x00000011,0x00000269,0x00000007,
	0x0004003b,0x00000225,0x0000026a,0x00000007,0x0004003b,0x00000011,0x00000275,0x00000007,
	0x0004003b,0x00000011,0x00000278,0x00000007,0x0004003b,0x00000225,0x00000279,0x00000007,
	0x0004003b,0x00000011,0x00000287,0x00000007,0x0004003b,0x00000011,0x00000290,0x00000007,
	0x0004003b,0x00000011,0x00000298,0x00000007,0x0004003b,0x00000011,0x000002ad,0x00000007,
	0x0004003b,0x00000011,0x000002b0,0x00000007,0x0004003b,0x00000011,0x000002b2,0x00000007,
	0x0004003b,0x00000011,0x000002bd,0x00000007,0x0004003b,0x00000011,0x000002c7,0x00000007,
	0x0004003b,0x00000011,0x000002ca,0x00000007,0x0004003b,0x00000021,0x000002cc,0x00000007,
	0x0004003b,0x00000009,0x000002d2,0x00000007,0x0004003b,0x00000317,0x00000318,0x00000007,
	0x0004003b,0x00000009,0x0000031b,0x00000007,0x0004003b,0x00000317,0x00000320,0x00000007,
	0x0004003b,0x00000009,0x00000324,0x00000007,0x0004003b,0x00000009,0x0000032c,0x00000007,
	0x0004003b,0x00000009,0x0000032e,0x00000007,0x0004003b,0x00000009,0x00000338,0x00000007,
	0x0004003b,0x00000009,0x0000034d,0x00000007,0x0004003b,0x00000008,0x0000034e,0x00000007,
	0x0004003b,0x00000009,0x00000350,0x00000007,0x0004003b,0x00000009,0x00000352,0x00000007,
	0x0004003b,0x00000011,0x00000358,0x00000007,0x0004003b,0x00000011,0x0000035a,0x00000007,
	0x0004003b,0x00000366,0x00000367,0x00000007,0x0004003b,0x00000378,0x00000379,0x00000007,
	0x0004003b,0x00000011,0x0000037d,0x00000007,0x0004003b,0x00000011,0x00000381,0x00000007,
	0x0004003b,0x00000011,0x00000389,0x00000007,0x0004003b,0x00000011,0x00000390,0x00000007,
	0x0004003b,0x00000398,0x00000399,0x00000007,0x0004003b,0x00000011,0x000003a5,0x00000007,
	0x0004003b,0x00000021,0x000003a6,0x00000007,0x0004003b,0x00000009,0x000003be,0x00000007,
	0x0004003b,0x00000009,0x000003bf,0x00000007,0x0004003b,0x00000019,0x000003c0,0x00000007,
	0x0003003e,0x0000012f,0x00000033,0x0004003d,0x00000007,0x00000132,0x0000002e,0x0003003e,
	0x00000131,0x00000132,0x0003003e,0x00000133,0x00000033,0x0003003e,0x00000134,0x000000a4,
	0x00070039,0x00000006,0x00000135,0x0000000e,0x00000131,0x00000133,0x00000134,0x0003003e,
	0x00000130,0x00000135,0x0003003e,0x0000012f,0x000000a4,0x0004003d,0x00000006,0x00000136,
	0x00000130,0x000500ac,0x00000020,0x00000137,0x00000136,0x00000052,0x000300f7,0x00000139,
	0x00000000,0x000400fa,0x00000137,0x00000138,0x00000139,0x000200f8,0x00000138,0x0004003d,
	0x00000007,0x0000013b,0x0000002e,0x0003003e,0x0000013a,0x0000013b,0x0003003e,0x0000013c,
	0x000000a4,0x0003003e,0x0000013d,0x0000004c,0x00070039,0x00000006,0x0000013e,0x0000000e,
	0x0000013a,0x0000013c,0x0000013d,0x000500c4,0x00000006,0x00000140,0x0000013e,0x0000013f,
	0x0004003d,0x00000006,0x00000141,0x00000130,0x000500c5,0x00000006,0x00000142,0x00000141,
	0x00000140,0x0003003e,0x00000130,0x00000142,0x0003003e,0x0000012f,0x00000143,0x000200f9,
	0x00000139,0x000200f8,0x00000139,0x0004003d,0x00000006,0x0000014e,0x00000130,0x0003003e,
	0x00000150,0x0000014d,0x00050041,0x00000011,0x00000151,0x00000150,0x0000014e,0x0004003d,
	0x00000010,0x00000152,0x00000151,0x0003003e,0x00000144,0x00000152,0x0004003d,0x00000010,
	0x00000153,0x00000144,0x000500b1,0x00000020,0x00000154,0x00000153,0x000000c0,0x000300f7,
	0x00000156,0x00000000,0x000400fa,0x00000154,0x00000155,0x00000156,0x000200f8,0x00000155,
	0x0003003e,0x00000157,0x00000033,0x000200f9,0x00000158,0x000200f8,0x00000158,0x000400f6,
	0x0000015a,0x0000015b,0x00000000,0x000200f9,0x0000015c,0x000200f8,0x0000015c,0x0004003d,
	0x00000006,0x0000015d,0x00000157,0x000500b0,0x00000020,0x0000015f,0x0000015d,0x0000015e,
	0x000400fa,0x0000015f,0x00000159,0x0000015a,0x000200f8,0x00000159,0x0004003d,0x00000006,
	0x00000160,0x00000157,0x000500c7,0x00000006,0x00000161,0x00000160,0x0000004c,0x0004003d,
	0x00000006,0x00000162,0x00000157,0x000500c2,0x00000006,0x00000163,0x00000162,0x0000013f,
	0x0003003e,0x00000167,0x00000161,0x0003003e,0x00000168,0x00000163,0x0003003e,0x00000169,
	0x00000166,0x00070039,0x00000002,0x0000016a,0x0000001e,0x00000167,0x00000168,0x00000169,
	0x000200f9,0x0000015b,0x000200f8,0x0000015b,0x0004003d,0x00000006,0x0000016b,0x00000157,
	0x00050080,0x00000006,0x0000016c,0x0000016b,0x000000c6,0x0003003e,0x00000157,0x0000016c,
	0x000200f9,0x00000158,0x000200f8,0x0000015a,0x000100fd,0x000200f8,0x00000156,0x0003003e,
	0x0000016e,0x000000c0,0x000200f9,0x0000016f,0x000200f8,0x0000016f,0x000400f6,0x00000171,
	0x00000172,0x00000000,0x000200f9,0x00000173,0x000200f8,0x00000173,0x0004003d,0x00000010,
	0x00000174,0x0000016e,0x000500b1,0x00000020,0x00000175,0x00000174,0x00000149,0x000400fa,
	0x00000175,0x00000170,0x00000171,0x000200f8,0x00000170,0x0004003d,0x00000010,0x0000017a,
	0x0000016e,0x00050041,0x00000011,0x0000017b,0x00000179,0x0000017a,0x0003003e,0x0000017b,
	0x000000c0,0x000200f9,0x00000172,0x000200f8,0x00000172,0x0004003d,0x00000010,0x0000017c,
	0x0000016e,0x00050080,0x00000010,0x0000017d,0x0000017c,0x000000c6,0x0003003e,0x0000016e,
	0x0000017d,0x000200f9,0x0000016f,0x000200f8,0x00000171,0x0003003e,0x0000017e,0x00000033,
	0x0004003d,0x00000010,0x00000191,0x00000144,0x0003003e,0x00000193,0x00000190,0x00050041,
	0x00000009,0x00000194,0x00000193,0x00000191,0x0004003d,0x00000006,0x00000195,0x00000194,
	0x0003003e,0x0000017f,0x00000195,0x000200f9,0x00000196,0x000200f8,0x00000196,0x000400f6,
	0x00000198,0x00000199,0x00000000,0x000200f9,0x0000019a,0x000200f8,0x0000019a,0x0004003d,
	0x00000006,0x0000019b,0x0000017f,0x0004003d,0x00000010,0x0000019c,0x00000144,0x00050080,
	0x00000010,0x0000019d,0x0000019c,0x000000c6,0x0003003e,0x0000019e,0x00000190,0x00050041,
	0x00000009,0x0000019f,0x0000019e,0x0000019d,0x0004003d,0x00000006,0x000001a0,0x0000019f,
	0x000500b0,0x00000020,0x000001a1,0x0000019b,0x000001a0,0x000400fa,0x000001a1,0x00000197,
	0x00000198,0x000200f8,0x00000197,0x0004003d,0x00000006,0x000001e3,0x0000017f,0x0003003e,
	0x000001e5,0x000001e2,0x00050041,0x00000009,0x000001e6,0x000001e5,0x000001e3,0x0004003d,
	0x00000006,0x000001e7,0x000001e6,0x0003003e,0x000001a2,0x000001e7,0x0004003d,0x00000006,
	0x000001e9,0x000001a2,0x000500c7,0x00000006,0x000001ea,0x000001e9,0x00000180,0x0003003e,
	0x000001e8,0x000001ea,0x0004003d,0x00000006,0x000001ec,0x000001a2,0x000500c2,0x00000006,
	0x000001ed,0x000001ec,0x0000009d,0x000500c7,0x00000006,0x000001ee,0x000001ed,0x0000003e,
	0x0003003e,0x000001eb,0x000001ee,0x0004003d,0x00000006,0x000001f0,0x000001a2,0x000500c2,
	0x00000006,0x000001f1,0x000001f0,0x0000014c,0x000500c7,0x00000006,0x000001f2,0x000001f1,
	0x0000003e,0x0003003e,0x000001ef,0x000001f2,0x0004003d,0x00000007,0x000001f5,0x0000002e,
	0x0003003e,0x000001f4,0x000001f5,0x0004003d,0x00000006,0x000001f7,0x0000012f,0x0003003e,
	0x000001f6,0x000001f7,0x0004003d,0x00000006,0x000001f9,0x000001eb,0x0003003e,0x000001f8,
	0x000001f9,0x00070039,0x00000006,0x000001fa,0x0000000e,0x000001f4,0x000001f6,0x000001f8,
	0x0003003e,0x000001f3,0x000001fa,0x0004003d,0x00000006,0x000001fb,0x000001eb,0x0004003d,
	0x00000006,0x000001fc,0x0000012f,0x00050080,0x00000006,0x000001fd,0x000001fc,0x000001fb,
	0x0003003e,0x0000012f,0x000001fd,0x0004003d,0x00000006,0x000001fe,0x000001a2,0x000500c7,
	0x00000006,0x00000200,0x000001fe,0x000001ff,0x000500ab,0x00000020,0x00000201,0x00000200,
	0x00000033,0x000300f7,0x00000203,0x00000000,0x000400fa,0x00000201,0x00000202,0x00000203,
	0x000200f8,0x00000202,0x0004003d,0x00000006,0x00000204,0x000001f3,0x000400cc,0x00000006,
	0x00000205,0x00000204,0x0004003d,0x00000006,0x00000206,0x000001eb,0x00050082,0x00000006,
	0x00000207,0x00000049,0x00000206,0x000500c2,0x00000006,0x00000208,0x00000205,0x00000207,
	0x0003003e,0x000001f3,0x00000208,0x000200f9,0x00000203,0x000200f8,0x00000203,0x0004003d,
	0x00000006,0x00000209,0x000001e8,0x000500aa,0x00000020,0x0000020a,0x00000209,0x00000176,
	0x000300f7,0x0000020c,0x00000000,0x000400fa,0x0000020a,0x0000020b,0x0000020e,0x000200f8,
	0x0000020b,0x0004003d,0x00000006,0x0000020d,0x000001f3,0x0003003e,0x0000017e,0x0000020d,
	0x000200f9,0x0000020c,0x000200f8,0x0000020e,0x0004003d,0x00000006,0x0000020f,0x000001e8,
	0x0004003d,0x00000006,0x00000210,0x000001f3,0x0004003d,0x00000006,0x00000211,0x000001ef,
	0x000500c4,0x00000006,0x00000212,0x00000210,0x00000211,0x0004007c,0x00000010,0x00000213,
	0x00000212,0x00050041,0x00000011,0x00000214,0x00000179,0x0000020f,0x0004003d,0x00000010,
	0x00000215,0x00000214,0x000500c5,0x00000010,0x00000216,0x00000215,0x00000213,0x00050041,
	0x00000011,0x00000217,0x00000179,0x0000020f,0x0003003e,0x00000217,0x00000216,0x000200f9,
	0x0000020c,0x000200f8,0x0000020c,0x000200f9,0x00000199,0x000200f8,0x00000199,0x0004003d,
	0x00000006,0x00000218,0x0000017f,0x00050080,0x00000006,0x00000219,0x00000218,0x000000c6,
	0x0003003e,0x0000017f,0x00000219,0x000200f9,0x00000196,0x000200f8,0x00000198,0x0004003d,
	0x00000010,0x0000021b,0x00000144,0x000500b1,0x00000020,0x0000021c,0x0000021b,0x00000146,
	0x0003003e,0x0000021a,0x0000021c,0x0004003d,0x00000020,0x0000021e,0x0000021a,0x000600a9,
	0x00000010,0x0000021f,0x0000021e,0x0000009d,0x0000013f,0x0003003e,0x0000021d,0x0000021f,
	0x0004003d,0x00000010,0x00000224,0x00000144,0x0003003e,0x00000226,0x00000223,0x00050041,
	0x00000011,0x00000227,0x00000226,0x00000224,0x0004003d,0x00000010,0x00000228,0x00000227,
	0x0003003e,0x00000220,0x00000228,0x0004003d,0x00000020,0x00000229,0x0000002f,0x000300f7,
	0x0000022b,0x00000000,0x000400fa,0x00000229,0x0000022a,0x0000022b,0x000200f8,0x0000022a,
	0x00050041,0x00000011,0x0000022d,0x00000179,0x000000c0,0x0004003d,0x00000010,0x0000022e,
	0x0000022d,0x0003003e,0x0000022c,0x0000022e,0x0004003d,0x00000010,0x00000230,0x00000220,
	0x0003003e,0x0000022f,0x00000230,0x00060039,0x00000010,0x00000231,0x00000015,0x0000022c,
	0x0000022f,0x00050041,0x00000011,0x00000232,0x00000179,0x000000c0,0x0003003e,0x00000232,
	0x00000231,0x00050041,0x00000011,0x00000234,0x00000179,0x0000009d,0x0004003d,0x00000010,
	0x00000235,0x00000234,0x0003003e,0x00000233,0x00000235,0x0004003d,0x00000010,0x00000237,
	0x00000220,0x0003003e,0x00000236,0x00000237,0x00060039,0x00000010,0x00000238,0x00000015,
	0x00000233,0x00000236,0x00050041,0x00000011,0x00000239,0x00000179,0x0000009d,0x0003003e,
	0x00000239,0x00000238,0x00050041,0x00000011,0x0000023b,0x00000179,0x000000ab,0x0004003d,
	0x00000010,0x0000023c,0x0000023b,0x0003003e,0x0000023a,0x0000023c,0x0004003d,0x00000010,
	0x0000023e,0x00000220,0x0003003e,0x0000023d,0x0000023e,0x00060039,0x00000010,0x0000023f,
	0x00000015,0x0000023a,0x0000023d,0x00050041,0x00000011,0x00000240,0x00000179,0x000000ab,
	0x0003003e,0x00000240,0x0000023f,0x000200f9,0x0000022b,0x000200f8,0x0000022b,0x0004003d,
	0x00000010,0x00000241,0x00000144,0x000500ab,0x00000020,0x00000242,0x00000241,0x0000014c,
	0x0004003d,0x00000010,0x00000243,0x00000144,0x000500ab,0x00000020,0x00000244,0x00000243,
	0x00000146,0x000500a7,0x00000020,0x00000245,0x00000242,0x00000244,0x0004003d,0x00000020,
	0x00000246,0x0000002f,0x000500a6,0x00000020,0x00000247,0x00000245,0x00000246,0x000300f7,
	0x00000249,0x00000000,0x000400fa,0x00000247,0x00000248,0x00000249,0x000200f8,0x00000248,
	0x0003003e,0x0000024a,0x000000c6,0x000200f9,0x0000024b,0x000200f8,0x0000024b,0x000400f6,
	0x0000024d,0x0000024e,0x00000000,0x000200f9,0x0000024f,0x000200f8,0x0000024f,0x0004003d,
	0x00000010,0x00000250,0x0000024a,0x0004003d,0x00000010,0x00000251,0x0000021d,0x000500b1,
	0x00000020,0x00000252,0x00000250,0x00000251,0x000400fa,0x00000252,0x0000024c,0x0000024d,
	0x000200f8,0x0000024c,0x0004003d,0x00000010,0x00000253,0x0000024a,0x0004003d,0x00000010,
	0x00000254,0x0000024a,0x0004003d,0x00000010,0x00000256,0x00000144,0x00050041,0x00000011,
	0x00000258,0x00000179,0x00000254,0x0004003d,0x00000010,0x00000259,0x00000258,0x0003003e,
	0x00000257,0x00000259,0x0003003e,0x0000025b,0x00000255,0x00050041,0x00000011,0x0000025c,
	0x0000025b,0x00000256,0x0004003d,0x00000010,0x0000025d,0x0000025c,0x0003003e,0x0000025a,
	0x0000025d,0x00060039,0x00000010,0x0000025e,0x00000015,0x00000257,0x0000025a,0x00050041,
	0x00000011,0x0000025f,0x00000179,0x00000253,0x0003003e,0x0000025f,0x0000025e,0x0004003d,
	0x00000010,0x00000260,0x0000024a,0x00050080,0x00000010,0x00000261,0x0000009d,0x00000260,
	0x0004003d,0x00000010,0x00000262,0x0000024a,0x00050080,0x00000010,0x00000263,0x0000009d,
	0x00000262,0x0004003d,0x00000010,0x00000265,0x00000144,0x00050041,0x00000011,0x00000267,
	0x00000179,0x00000263,0x0004003d,0x00000010,0x00000268,0x00000267,0x0003003e,0x00000266,
	0x00000268,0x0003003e,0x0000026a,0x00000264,0x00050041,0x00000011,0x0000026b,0x0000026a,
	0x00000265,0x0004003d,0x00000010,0x0000026c,0x0000026b,0x0003003e,0x00000269,0x0000026c,
	0x00060039,0x00000010,0x0000026d,0x00000015,0x00000266,0x00000269,0x00050041,0x00000011,
	0x0000026e,0x00000179,0x00000261,0x0003003e,0x0000026e,0x0000026d,0x0004003d,0x00000010,
	0x0000026f,0x0000024a,0x00050080,0x00000010,0x00000270,0x000000ab,0x0000026f,0x0004003d,
	0x00000010,0x00000271,0x0000024a,0x00050080,0x00000010,0x00000272,0x000000ab,0x00000271,
	0x0004003d,0x00000010,0x00000274,0x00000144,0x00050041,0x00000011,0x00000276,0x00000179,
	0x00000272,0x0004003d,0x00000010,0x00000277,0x00000276,0x0003003e,0x00000275,0x00000277,
	0x0003003e,0x00000279,0x00000273,0x00050041,0x00000011,0x0000027a,0x00000279,0x00000274,
	0x0004003d,0x00000010,0x0000027b,0x0000027a,0x0003003e,0x00000278,0x0000027b,0x00060039,
	0x00000010,0x0000027c,0x00000015,0x00000275,0x00000278,0x00050041,0x00000011,0x0000027d,
	0x00000179,0x00000270,0x0003003e,0x0000027d,0x0000027c,0x000200f9,0x0000024e,0x000200f8,
	0x0000024e,0x0004003d,0x00000010,0x0000027e,0x0000024a,0x00050080,0x00000010,0x0000027f,
	0x0000027e,0x000000c6,0x0003003e,0x0000024a,0x0000027f,0x000200f9,0x0000024b,0x000200f8,
	0x0000024d,0x000200f9,0x00000249,0x000200f8,0x00000249,0x0004003d,0x00000010,0x00000280,
	0x00000144,0x000500ab,0x00000020,0x00000281,0x00000280,0x0000014c,0x0004003d,0x00000010,
	0x00000282,0x00000144,0x000500ab,0x00000020,0x00000283,0x00000282,0x00000146,0x000500a7,
	0x00000020,0x00000284,0x00000281,0x00000283,0x000300f7,0x00000286,0x00000000,0x000400fa,
	0x00000284,0x00000285,0x00000286,0x000200f8,0x00000285,0x0003003e,0x00000287,0x000000c6,
	0x000200f9,0x00000288,0x000200f8,0x00000288,0x000400f6,0x0000028a,0x0000028b,0x00000000,
	0x000200f9,0x0000028c,0x000200f8,0x0000028c,0x0004003d,0x00000010,0x0000028d,0x00000287,
	0x0004003d,0x00000010,0x0000028e,0x0000021d,0x000500b1,0x00000020,0x0000028f,0x0000028d,
	0x0000028e,0x000400fa,0x0000028f,0x00000289,0x0000028a,0x000200f8,0x00000289,0x0003003e,
	0x00000290,0x000000c0,0x000200f9,0x00000291,0x000200f8,0x00000291,0x000400f6,0x00000293,
	0x00000294,0x00000000,0x000200f9,0x00000295,0x000200f8,0x00000295,0x0004003d,0x00000010,
	0x00000296,0x00000290,0x000500b1,0x00000020,0x00000297,0x00000296,0x000000a8,0x000400fa,
	0x00000297,0x00000292,0x00000293,0x000200f8,0x00000292,0x0004003d,0x00000010,0x00000299,
	0x00000290,0x00050084,0x00000010,0x0000029a,0x00000299,0x0000009d,0x0004003d,0x00000010,
	0x0000029b,0x00000287,0x00050080,0x00000010,0x0000029c,0x0000029a,0x0000029b,0x00050041,
	0x00000011,0x0000029d,0x00000179,0x0000029c,0x0004003d,0x00000010,0x0000029e,0x0000029d,
	0x0004003d,0x00000010,0x0000029f,0x00000290,0x00050084,0x00000010,0x000002a0,0x0000029f,
	0x0000009d,0x00050041,0x00000011,0x000002a1,0x00000179,0x000002a0,0x0004003d,0x00000010,
	0x000002a2,0x000002a1,0x00050080,0x00000010,0x000002a3,0x0000029e,0x000002a2,0x0004003d,
	0x00000010,0x000002a4,0x00000220,0x000500c4,0x00000010,0x000002a5,0x000000c6,0x000002a4,
	0x00050082,0x00000010,0x000002a6,0x000002a5,0x000000c6,0x000500c7,0x00000010,0x000002a7,
	0x000002a3,0x000002a6,0x0003003e,0x00000298,0x000002a7,0x0004003d,0x00000010,0x000002a8,
	0x00000290,0x00050084,0x00000010,0x000002a9,0x000002a8,0x0000009d,0x0004003d,0x00000010,
	0x000002aa,0x00000287,0x00050080,0x00000010,0x000002ab,0x000002a9,0x000002aa,0x0004003d,
	0x00000020,0x000002ac,0x0000002f,0x000300f7,0x000002af,0x00000000,0x000400fa,0x000002ac,
	0x000002ae,0x000002b5,0x000200f8,0x000002ae,0x0004003d,0x00000010,0x000002b1,0x00000298,
	0x0003003e,0x000002b0,0x000002b1,0x0004003d,0x00000010,0x000002b3,0x00000220,0x0003003e,
	0x000002b2,0x000002b3,0x00060039,0x00000010,0x000002b4,0x00000015,0x000002b0,0x000002b2,
	0x0003003e,0x000002ad,0x000002b4,0x000200f9,0x000002af,0x000200f8,0x000002b5,0x0004003d,
	0x00000010,0x000002b6,0x00000298,0x0003003e,0x000002ad,0x000002b6,0x000200f9,0x000002af,
	0x000200f8,0x000002af,0x0004003d,0x00000010,0x000002b7,0x000002ad,0x00050041,0x00000011,
	0x000002b8,0x00000179,0x000002ab,0x0003003e,0x000002b8,0x000002b7,0x000200f9,0x00000294,
	0x000200f8,0x00000294,0x0004003d,0x00000010,0x000002b9,0x00000290,0x00050080,0x00000010,
	0x000002ba,0x000002b9,0x000000c6,0x0003003e,0x00000290,0x000002ba,0x000200f9,0x00000291,
	0x000200f8,0x00000293,0x000200f9,0x0000028b,0x000200f8,0x0000028b,0x0004003d,0x00000010,
	0x000002bb,0x00000287,0x00050080,0x00000010,0x000002bc,0x000002bb,0x000000c6,0x0003003e,
	0x00000287,0x000002bc,0x000200f9,0x00000288,0x000200f8,0x0000028a,0x000200f9,0x00000286,
	0x000200f8,0x00000286,0x0003003e,0x000002bd,0x000000c0,0x000200f9,0x000002be,0x000200f8,
	0x000002be,0x000400f6,0x000002c0,0x000002c1,0x00000000,0x000200f9,0x000002c2,0x000200f8,
	0x000002c2,0x0004003d,0x00000010,0x000002c3,0x000002bd,0x000500b1,0x00000020,0x000002c4,
	0x000002c3,0x00000149,0x000400fa,0x000002c4,0x000002bf,0x000002c0,0x000200f8,0x000002bf,
	0x0004003d,0x00000010,0x000002c5,0x000002bd,0x0004003d,0x00000010,0x000002c6,0x000002bd,
	0x00050041,0x00000011,0x000002c8,0x00000179,0x000002c6,0x0004003d,0x00000010,0x000002c9,
	0x000002c8,0x0003003e,0x000002c7,0x000002c9,0x0004003d,0x00000010,0x000002cb,0x00000220,
	0x0003003e,0x000002ca,0x000002cb,0x0004003d,0x00000020,0x000002cd,0x0000002f,0x0003003e,
	0x000002cc,0x000002cd,0x00070039,0x00000010,0x000002ce,0x00000026,0x000002c7,0x000002ca,
	0x000002cc,0x00050041,0x00000011,0x000002cf,0x00000179,0x000002c5,0x0003003e,0x000002cf,
	0x000002ce,0x000200f9,0x000002c1,0x000200f8,0x000002c1,0x0004003d,0x00000010,0x000002d0,
	0x000002bd,0x00050080,0x00000010,0x000002d1,0x000002d0,0x000000c6,0x0003003e,0x000002bd,
	0x000002d1,0x000200f9,0x000002be,0x000200f8,0x000002c0,0x0004003d,0x00000006,0x00000316,
	0x0000017e,0x0003003e,0x00000318,0x00000315,0x00050041,0x00000009,0x00000319,0x00000318,
	0x00000316,0x0004003d,0x00000006,0x0000031a,0x00000319,0x0003003e,0x000002d2,0x0000031a,
	0x0004003d,0x00000006,0x0000031f,0x0000017e,0x0003003e,0x00000320,0x0000031e,0x00050041,
	0x00000009,0x00000321,0x00000320,0x0000031f,0x0004003d,0x00000006,0x00000322,0x00000321,
	0x000500c7,0x00000006,0x00000323,0x00000322,0x00000180,0x0003003e,0x0000031b,0x00000323,
	0x0003003e,0x00000324,0x00000033,0x000200f9,0x00000325,0x000200f8,0x00000325,0x000400f6,
	0x00000327,0x00000328,0x00000000,0x000200f9,0x00000329,0x000200f8,0x00000329,0x0004003d,
	0x00000006,0x0000032a,0x00000324,0x000500b0,0x00000020,0x0000032b,0x0000032a,0x0000015e,
	0x000400fa,0x0000032b,0x00000326,0x00000327,0x000200f8,0x00000326,0x0004003d,0x00000020,
	0x0000032d,0x0000021a,0x000300f7,0x00000330,0x00000000,0x000400fa,0x0000032d,0x0000032f,
	0x00000336,0x000200f8,0x0000032f,0x0004003d,0x00000006,0x00000331,0x000002d2,0x0004003d,
	0x00000006,0x00000332,0x00000324,0x00050084,0x00000006,0x00000333,0x000000a4,0x00000332,
	0x000500c2,0x00000006,0x00000334,0x00000331,0x00000333,0x000500c7,0x00000006,0x00000335,
	0x00000334,0x0000004c,0x0003003e,0x0000032e,0x00000335,0x000200f9,0x00000330,0x000200f8,
	0x00000336,0x0003003e,0x0000032e,0x00000033,0x000200f9,0x00000330,0x000200f8,0x00000330,
	0x0004003d,0x00000006,0x00000337,0x0000032e,0x0003003e,0x0000032c,0x00000337,0x0004003d,
	0x00000020,0x00000339,0x0000021a,0x000600a9,0x00000006,0x0000033a,0x00000339,0x0000004c,
	0x0000007e,0x0003003e,0x00000338,0x0000033a,0x0004003d,0x00000006,0x0000033b,0x00000324,
	0x000500aa,0x00000020,0x0000033c,0x0000033b,0x00000033,0x000400a8,0x00000020,0x0000033d,
	0x0000033c,0x000300f7,0x0000033f,0x00000000,0x000400fa,0x0000033d,0x0000033e,0x0000033f,
	0x000200f8,0x0000033e,0x0004003d,0x00000020,0x00000340,0x0000021a,0x0004003d,0x00000006,
	0x00000341,0x0000032c,0x000500aa,0x00000020,0x00000342,0x00000341,0x00000052,0x000500a7,
	0x00000020,0x00000343,0x00000340,0x00000342,0x0004003d,0x00000006,0x00000344,0x00000324,
	0x0004003d,0x00000006,0x00000345,0x0000031b,0x000500aa,0x00000020,0x00000346,0x00000344,
	0x00000345,0x000500a7,0x00000020,0x00000347,0x00000343,0x00000346,0x000200f9,0x0000033f,
	0x000200f8,0x0000033f,0x000700f5,0x00000020,0x00000348,0x0000033c,0x00000330,0x00000347,
	0x0000033e,0x000300f7,0x0000034a,0x00000000,0x000400fa,0x00000348,0x00000349,0x0000034a,
	0x000200f8,0x00000349,0x0004003d,0x00000006,0x0000034b,0x00000338,0x00050082,0x00000006,
	0x0000034c,0x0000034b,0x000000c6,0x0003003e,0x00000338,0x0000034c,0x000200f9,0x0000034a,
	0x000200f8,0x0000034a,0x0004003d,0x00000007,0x0000034f,0x0000002e,0x0003003e,0x0000034e,
	0x0000034f,0x0004003d,0x00000006,0x00000351,0x0000012f,0x0003003e,0x00000350,0x00000351,
	0x0004003d,0x00000006,0x00000353,0x00000338,0x0003003e,0x00000352,0x00000353,0x00070039,
	0x00000006,0x00000354,0x0000000e,0x0000034e,0x00000350,0x00000352,0x0003003e,0x0000034d,
	0x00000354,0x0004003d,0x00000006,0x00000355,0x00000338,0x0004003d,0x00000006,0x00000356,
	0x0000012f,0x00050080,0x00000006,0x00000357,0x00000356,0x00000355,0x0003003e,0x0000012f,
	0x00000357,0x0004003d,0x00000020,0x00000359,0x0000021a,0x000300f7,0x0000035c,0x00000000,
	0x000400fa,0x00000359,0x0000035b,0x0000036a,0x000200f8,0x0000035b,0x0004003d,0x00000006,
	0x00000365,0x0000034d,0x0003003e,0x00000367,0x00000364,0x00050041,0x00000011,0x00000368,
	0x00000367,0x00000365,0x0004003d,0x00000010,0x00000369,0x00000368,0x0003003e,0x0000035a,
	0x00000369,0x000200f9,0x0000035c,0x000200f8,0x0000036a,0x0004003d,0x00000006,0x00000377,
	0x0000034d,0x0003003e,0x00000379,0x00000376,0x00050041,0x00000011,0x0000037a,0x00000379,
	0x00000377,0x0004003d,0x00000010,0x0000037b,0x0000037a,0x0003003e,0x0000035a,0x0000037b,
	0x000200f9,0x0000035c,0x000200f8,0x0000035c,0x0004003d,0x00000010,0x0000037c,0x0000035a,
	0x0003003e,0x00000358,0x0000037c,0x0004003d,0x00000006,0x0000037e,0x0000032c,0x0004007c,
	0x00000010,0x0000037f,0x0000037e,0x00050084,0x00000010,0x00000380,0x0000037f,0x0000013f,
	0x0003003e,0x0000037d,0x00000380,0x0003003e,0x00000381,0x000000c0,0x000200f9,0x00000382,
	0x000200f8,0x00000382,0x000400f6,0x00000384,0x00000385,0x00000000,0x000200f9,0x00000386,
	0x000200f8,0x00000386,0x0004003d,0x00000010,0x00000387,0x00000381,0x000500b1,0x00000020,
	0x00000388,0x00000387,0x000000a8,0x000400fa,0x00000388,0x00000383,0x00000384,0x000200f8,
	0x00000383,0x0004003d,0x00000010,0x0000038a,0x00000381,0x00050084,0x00000010,0x0000038b,
	0x0000038a,0x0000009d,0x0004003d,0x00000010,0x0000038c,0x0000037d,0x00050080,0x00000010,
	0x0000038d,0x0000038b,0x0000038c,0x00050041,0x00000011,0x0000038e,0x00000179,0x0000038d,
	0x0004003d,0x00000010,0x0000038f,0x0000038e,0x0003003e,0x00000389,0x0000038f,0x0004003d,
	0x00000010,0x00000391,0x00000381,0x00050084,0x00000010,0x00000392,0x00000391,0x0000009d,
	0x0004003d,0x00000010,0x00000393,0x0000037d,0x00050080,0x00000010,0x00000394,0x00000392,
	0x00000393,0x00050080,0x00000010,0x00000395,0x00000394,0x000000c6,0x00050041,0x00000011,
	0x00000396,0x00000179,0x00000395,0x0004003d,0x00000010,0x00000397,0x00000396,0x0003003e,
	0x00000390,0x00000397,0x0004003d,0x00000010,0x0000039a,0x00000381,0x0004003d,0x00000010,
	0x0000039b,0x00000389,0x0004003d,0x00000010,0x0000039c,0x00000358,0x00050082,0x00000010,
	0x0000039d,0x00000363,0x0000039c,0x00050084,0x00000010,0x0000039e,0x0000039b,0x0000039d,
	0x0004003d,0x00000010,0x0000039f,0x00000390,0x0004003d,0x00000010,0x000003a0,0x00000358,
	0x00050084,0x00000010,0x000003a1,0x0000039f,0x000003a0,0x00050080,0x00000010,0x000003a2,
	0x0000039e,0x000003a1,0x00050080,0x00000010,0x000003a3,0x000003a2,0x0000006b,0x000500c3,
	0x00000010,0x000003a4,0x000003a3,0x0000010e,0x0003003e,0x000003a5,0x000003a4,0x0004003d,
	0x00000020,0x000003a7,0x0000002f,0x0003003e,0x000003a6,0x000003a7,0x00060039,0x00000006,
	0x000003a8,0x0000002b,0x000003a5,0x000003a6,0x00050041,0x00000009,0x000003a9,0x00000399,
	0x0000039a,0x0003003e,0x000003a9,0x000003a8,0x000200f9,0x00000385,0x000200f8,0x00000385,
	0x0004003d,0x00000010,0x000003aa,0x00000381,0x00050080,0x00000010,0x000003ab,0x000003aa,
	0x000000c6,0x0003003e,0x00000381,0x000003ab,0x000200f9,0x00000382,0x000200f8,0x00000384,
	0x0004003d,0x00000006,0x000003ac,0x00000324,0x000500c7,0x00000006,0x000003ad,0x000003ac,
	0x0000004c,0x0004003d,0x00000006,0x000003ae,0x00000324,0x000500c2,0x00000006,0x000003af,
	0x000003ae,0x0000013f,0x00050041,0x00000009,0x000003b0,0x00000399,0x00000033,0x0004003d,
	0x00000006,0x000003b1,0x000003b0,0x0006000c,0x000003b2,0x000003b3,0x00000001,0x0000003e,
	0x000003b1,0x00050051,0x00000017,0x000003b4,0x000003b3,0x00000000,0x00050041,0x00000009,
	0x000003b5,0x00000399,0x00000052,0x0004003d,0x00000006,0x000003b6,0x000003b5,0x0006000c,
	0x000003b2,0x000003b7,0x00000001,0x0000003e,0x000003b6,0x00050051,0x00000017,0x000003b8,
	0x000003b7,0x00000000,0x00050041,0x00000009,0x000003b9,0x00000399,0x000000a4,0x0004003d,
	0x00000006,0x000003ba,0x000003b9,0x0006000c,0x000003b2,0x000003bb,0x00000001,0x0000003e,
	0x000003ba,0x00050051,0x00000017,0x000003bc,0x000003bb,0x00000000,0x00070050,0x00000018,
	0x000003bd,0x000003b4,0x000003b8,0x000003bc,0x00000165,0x0003003e,0x000003be,0x000003ad,
	0x0003003e,0x000003bf,0x000003af,0x0003003e,0x000003c0,0x000003bd,0x00070039,0x00000002,
	0x000003c1,0x0000001e,0x000003be,0x000003bf,0x000003c0,0x000200f9,0x00000328,0x000200f8,
	0x00000328,0x0004003d,0x00000006,0x000003c2,0x00000324,0x00050080,0x00000006,0x000003c3,
	0x000003c2,0x000000c6,0x0003003e,0x00000324,0x000003c3,0x000200f9,0x00000325,0x000200f8,
	0x00000327,0x000100fd,0x00010038
};
	// 1115.1.0
static const uint32_t spv_bc7[] = {
	0x07230203,0x00010300,0x0008000b,0x0000052d,0x00000000,0x00020011,0x00000001,0x0006000b,
	0x00000001,0x4c534c47,0x6474732e,0x3035342e,0x00000000,0x0003000e,0x00000000,0x00000001,
	0x0006000f,0x00000005,0x00000004,0x6e69616d,0x00000000,0x0000005c,0x00060010,0x00000004,
	0x00000011,0x00000008,0x00000008,0x00000001,0x00030003,0x00000002,0x000001c2,0x000a0004,
	0x475f4c47,0x4c474f4f,0x70635f45,0x74735f70,0x5f656c79,0x656e696c,0x7269645f,0x69746365,
	0x00006576,0x00080004,0x475f4c47,0x4c474f4f,0x6e695f45,0x64756c63,0x69645f65,0x74636572,
	0x00657669,0x00040005,0x00000004,0x6e69616d,0x00000000,0x00060005,0x0000000e,0x73746962,
	0x34757628,0x3b31753b,0x003b3175,0x00030005,0x0000000b,0x00000062,0x00030005,0x0000000c,
	0x00736f70,0x00030005,0x0000000d,0x0000006e,0x00060005,0x00000017,0x28747570,0x753b3175,
	0x66763b31,0x00003b34,0x00030005,0x00000014,0x00007874,0x00030005,0x00000015,0x00007974,
	0x00030005,0x00000016,0x00000076,0x00050005,0x0000001b,0x28376362,0x3b347576,0x00000000,
	0x00030005,0x0000001a,0x006b6c62,0x00030005,0x00000024,0x00006977,0x00030005,0x00000029,
	0x0000006f,0x00030005,0x0000002d,0x00000076,0x00030005,0x00000059,0x006b6c62,0x00080005,
	0x0000005c,0x475f6c67,0x61626f6c,0x766e496c,0x7461636f,0x496e6f69,0x00000044,0x00030005,
	0x0000005f,0x00000070,0x00030005,0x0000006b,0x00004350,0x00060006,0x0000006b,0x00000000,
	0x5f637273,0x64726f77,0x00000000,0x00060006,0x0000006b,0x00000001,0x5f776f72,0x636f6c62,
	0x0000736b,0x00070006,0x0000006b,0x00000002,0x6579616c,0x6c625f72,0x736b636f,0x00000000,
	0x00050006,0x0000006b,0x00000003,0x67616c66,0x00000073,0x00050006,0x0000006b,0x00000004,
	0x5f747364,0x0066666f,0x00050006,0x0000006b,0x00000005,0x65747865,0x0000746e,0x00030005,
	0x0000006d,0x00006370,0x00030005,0x0000007e,0x00747364,0x00040005,0x00000097,0x65646f6d,
	0x00000000,0x00040005,0x000000a2,0x61726170,0x0000006d,0x00040005,0x000000a4,0x61726170,
	0x0000006d,0x00040005,0x000000a6,0x61726170,0x0000006d,0x00030005,0x000000b1,0x00000074,
	0x00040005,0x000000c1,0x61726170,0x0000006d,0x00040005,0x000000c2,0x61726170,0x0000006d,
	0x00040005,0x000000c3,0x61726170,0x0000006d,0x00030005,0x000000c8,0x00736f70,0x00040005,
	0x000000cb,0x7261706e,0x00007374,0x00040005,0x000000cc,0x74726170,0x0064695f,0x00050005,
	0x000000cd,0x61746f72,0x6e6f6974,0x00000000,0x00040005,0x000000ce,0x6c657369,0x00000000,
	0x00030005,0x000000e6,0x00006270,0x00040005,0x000000eb,0x61726170,0x0000006d,0x00040005,
	0x000000ed,0x61726170,0x0000006d,0x00040005,0x000000ef,0x61726170,0x0000006d,0x00040005,
	0x000000f5,0x7370656e,0x00000000,0x00040005,0x00000100,0x61726170,0x0000006d,0x00040005,
	0x00000102,0x61726170,0x0000006d,0x00040005,0x00000104,0x61726170,0x0000006d,0x00040005,
	0x0000010c,0x61726170,0x0000006d,0x00040005,0x0000010e,0x61726170,0x0000006d,0x00040005,
	0x00000110,0x61726170,0x0000006d,0x00030005,0x00000115,0x00006263,0x00050005,0x0000011c,
	0x65646e69,0x6c626178,0x00000065,0x00030005,0x0000011f,0x00006261,0x00050005,0x00000123,
	0x65646e69,0x6c626178,0x00000065,0x00030005,0x00000126,0x00000063,0x00030005,0x0000012e,
	0x00000065,0x00030005,0x0000013a,0x00007065,0x00040005,0x0000013f,0x61726170,0x0000006d,
	0x00040005,0x00000141,0x61726170,0x0000006d,0x00040005,0x00000143,0x61726170,0x0000006d,
	0x00030005,0x0000014e,0x00000065,0x00040005,0x0000015e,0x61726170,0x0000006d,0x00040005,
	0x00000160,0x61726170,0x0000006d,0x00040005,0x00000162,0x61726170,0x0000006d,0x00040005,
	0x0000016f,0x74696270,0x00000073,0x00030005,0x00000188,0x00000065,0x00030005,0x00000191,
	0x00000063,0x00030005,0x000001a7,0x00003070,0x00040005,0x000001a8,0x61726170,0x0000006d,
	0x00040005,0x000001aa,0x61726170,0x0000006d,0x00040005,0x000001ac,0x61726170,0x0000006d,
	0x00030005,0x000001ae,0x00003170,0x00040005,0x000001b1,0x61726170,0x0000006d,0x00040005,
	0x000001b3,0x61726170,0x0000006d,0x00040005,0x000001b4,0x61726170,0x0000006d,0x00030005,
	0x000001b8,0x00000063,0x00030005,0x000001db,0x00000065,0x00030005,0x000001e4,0x00000070,
	0x00040005,0x000001e5,0x61726170,0x0000006d,0x00040005,0x000001e7,0x61726170,0x0000006d,
	0x00040005,0x000001e9,0x61726170,0x0000006d,0x00030005,0x000001ed,0x00000063,0x00030005,
	0x00000200,0x00000065,0x00030005,0x00000209,0x0000006a,0x00030005,0x00000210,0x00000063,
	0x00030005,0x00000256,0x00006269,0x00030005,0x00000264,0x00326269,0x00040005,0x0000026f,
	0x74726170,0x00000000,0x00050005,0x000002ba,0x65646e69,0x6c626178,0x00000065,0x00050005,
	0x00000305,0x65646e69,0x6c626178,0x00000065,0x00040005,0x0000030b,0x68636e61,0x0073726f,
	0x00050005,0x00000314,0x65646e69,0x6c626178,0x00000065,0x00050005,0x00000331,0x65646e69,
	0x6c626178,0x00000065,0x00030005,0x00000337,0x00000074,0x00040005,0x0000033f,0x73627573,
	0x00007465,0x00030005,0x00000345,0x0000626e,0x00040005,0x00000347,0x68636e61,0x0000726f,
	0x00040005,0x0000036b,0x31786469,0x00000000,0x00040005,0x0000036d,0x61726170,0x0000006d,
	0x00040005,0x0000036f,0x61726170,0x0000006d,0x00040005,0x00000371,0x61726170,0x0000006d,
	0x00030005,0x0000037a,0x00000074,0x00040005,0x00000382,0x73627573,0x00007465,0x00030005,
	0x00000388,0x00003065,0x00030005,0x0000038b,0x00003165,0x00030005,0x0000038e,0x00003169,
	0x00030005,0x00000396,0x00007477,0x00050005,0x000003a1,0x65646e69,0x6c626178,0x00000065,
	0x00050005,0x000003b4,0x65646e69,0x6c626178,0x00000065,0x00050005,0x000003c3,0x65646e69,
	0x6c626178,0x00000065,0x00030005,0x000003c8,0x0000006b,0x00030005,0x000003d0,0x00000063,
	0x00030005,0x000003e6,0x0032626e,0x00030005,0x000003f1,0x00003269,0x00040005,0x000003f2,
	0x61726170,0x0000006d,0x00040005,0x000003f4,0x61726170,0x0000006d,0x00040005,0x000003f6,
	0x61726170,0x0000006d,0x00030005,0x000003fc,0x00006177,0x00050005,0x00000403,0x65646e69,
	0x6c626178,0x00000065,0x00050005,0x00000408,0x65646e69,0x6c626178,0x00000065,0x00030005,
	0x0000040c,0x00006277,0x00050005,0x00000413,0x65646e69,0x6c626178,0x00000065,0x00050005,
	0x00000418,0x65646e69,0x6c626178,0x00000065,0x00030005,0x0000041c,0x00006377,0x00030005,
	0x00000422,0x006c6177,0x00030005,0x00000428,0x0000006b,0x00040005,0x00000470,0x61726170,
	0x0000006d,0x00040005,0x00000471,0x61726170,0x0000006d,0x00040005,0x00000472,0x61726170,
	0x0000006d,0x00030005,0x00000476,0x006b6c62,0x00040005,0x00000479,0x6b6c626e,0x00000000,
	0x00040005,0x00000492,0x64726f77,0x00000073,0x00040005,0x00000493,0x65736162,0x00000000,
	0x00030005,0x000004a7,0x00000062,0x00030005,0x000004a9,0x00637253,0x00040006,0x000004a9,
	0x00000000,0x00000077,0x00030005,0x000004ab,0x00637273,0x00030005,0x000004cb,0x006e6773,
	0x00040005,0x000004d0,0x61726170,0x0000006d,0x00040047,0x0000005c,0x0000000b,0x0000001c,
	0x00030047,0x0000006b,0x00000002,0x00050048,0x0000006b,0x00000000,0x00000023,0x00000000,
	0x00050048,0x0000006b,0x00000001,0x00000023,0x00000004,0x00050048,0x0000006b,0x00000002,
	0x00000023,0x00000008,0x00050048,0x0000006b,0x00000003,0x00000023,0x0000000c,0x00050048,
	0x0000006b,0x00000004,0x00000023,0x00000010,0x00050048,0x0000006b,0x00000005,0x00000023,
	0x00000018,0x00030047,0x0000007e,0x00000019,0x00040047,0x0000007e,0x00000021,0x00000001,
	0x00040047,0x0000007e,0x00000022,0x00000000,0x00040047,0x000004a8,0x00000006,0x00000004,
	0x00030047,0x000004a9,0x00000002,0x00040048,0x000004a9,0x00000000,0x00000018,0x00050048,
	0x000004a9,0x00000000,0x00000023,0x00000000,0x00030047,0x000004ab,0x00000018,0x00040047,
	0x000004ab,0x00000021,0x00000000,0x00040047,0x000004ab,0x00000022,0x00000000,0x00040047,
	0x000004d3,0x0000000b,0x00000019,0x00020013,0x00000002,0x00030021,0x00000003,0x00000002,
	0x00040015,0x00000006,0x00000020,0x00000000,0x00040017,0x00000007,0x00000006,0x00000004,
	0x00040020,0x00000008,0x00000007,0x00000007,0x00040020,0x00000009,0x00000007,0x00000006,
	0x00060021,0x0000000a,0x00000006,0x00000008,0x00000009,0x00000009,0x00030016,0x00000010,
	0x00000020,0x00040017,0x00000011,0x00000010,0x00000004,0x00040020,0x00000012,0x00000007,
	0x00000011,0x00060021,0x00000013,0x00000002,0x00000009,0x00000009,0x00000012,0x00040021,
	0x00000019,0x00000002,0x00000008,0x0004002b,0x00000006,0x0000001e,0x00000000,0x00020014,
	0x0000001f,0x00040015,0x00000026,0x00000020,0x00000001,0x0004002b,0x00000026,0x00000027,
	0x00000005,0x0004002b,0x00000006,0x0000002b,0x0000001f,0x0004002b,0x00000006,0x00000036,
	0x00000020,0x0004002b,0x00000006,0x00000039,0x00000003,0x0004002b,0x00000006,0x0000003f,
	0x00000001,0x00040017,0x00000057,0x00000006,0x00000002,0x00040020,0x00000058,0x00000007,
	0x00000057,0x00040017,0x0000005a,0x00000006,0x00000003,0x00040020,0x0000005b,0x00000001,
	0x0000005a,0x0004003b,0x0000005b,0x0000005c,0x00000001,0x0004002b,0x00000006,0x00000061,
	0x00000004,0x00040017,0x0000006a,0x00000026,0x00000002,0x0008001e,0x0000006b,0x00000006,
	0x00000006,0x00000006,0x00000006,0x0000006a,0x00000057,0x00040020,0x0000006c,0x00000009,
	0x0000006b,0x0004003b,0x0000006c,0x0000006d,0x00000009,0x00040020,0x0000006e,0x00000009,
	0x00000006,0x00090019,0x0000007c,0x00000010,0x00000001,0x00000000,0x00000001,0x00000000,
	0x00000002,0x00000004,0x00040020,0x0000007d,0x00000000,0x0000007c,0x0004003b,0x0000007d,
	0x0000007e,0x00000000,0x0004002b,0x00000026,0x00000080,0x00000004,0x00040020,0x00000081,
	0x00000009,0x0000006a,0x0004002b,0x00000006,0x00000087,0x00000002,0x00040020,0x00000088,
	0x00000001,0x00000006,0x0004002b,0x00000026,0x0000008b,0x00000003,0x0004002b,0x00000026,
	0x0000008e,0x00000008,0x00040017,0x00000092,0x00000026,0x00000003,0x0004002b,0x00000006,
	0x0000009e,0x00000008,0x0004002b,0x00000026,0x000000ab,0x00000001,0x0004002b,0x00000006,
	0x000000b8,0x00000010,0x0004002b,0x00000026,0x000000bd,0x00000002,0x0004002b,0x00000010,
	0x000000bf,0x00000000,0x0007002c,0x00000011,0x000000c0,0x000000bf,0x000000bf,0x000000bf,
	0x000000bf,0x0004002b,0x00000006,0x000000db,0x00000007,0x0004002b,0x00000006,0x000000e9,
	0x00000006,0x0004002b,0x00000006,0x000000fb,0x00000005,0x00040020,0x00000114,0x00000007,
	0x00000026,0x0004001c,0x00000116,0x00000026,0x0000009e,0x0004002b,0x00000026,0x00000117,
	0x00000006,0x0004002b,0x00000026,0x00000118,0x00000007,0x000b002c,0x00000116,0x00000119,
	0x00000080,0x00000117,0x00000027,0x00000118,0x00000027,0x00000118,0x00000118,0x00000027,
	0x00040020,0x0000011b,0x00000007,0x00000116,0x0004002b,0x00000026,0x00000120,0x00000000,
	0x000b002c,0x00000116,0x00000121,0x00000120,0x00000120,0x00000120,0x00000120,0x00000117,
	0x0000008e,0x00000118,0x00000027,0x0004001c,0x00000137,0x00000006,0x00000061,0x0004001c,
	0x00000138,0x00000137,0x000000e9,0x00040020,0x00000139,0x00000007,0x00000138,0x00040020,
	0x0000016e,0x00000007,0x0000001f,0x0004002b,0x00000006,0x00000170,0x000000cb,0x0004002b,
	0x00000006,0x0000022f,0x000000ff,0x0004002b,0x00000006,0x00000275,0x00000040,0x0004001c,
	0x00000276,0x00000006,0x00000275,0x0004002b,0x00000006,0x00000277,0x50505050,0x0004002b,
	0x00000006,0x00000278,0x40404040,0x0004002b,0x00000006,0x00000279,0x54545454,0x0004002b,
	0x00000006,0x0000027a,0x54505040,0x0004002b,0x00000006,0x0000027b,0x50404000,0x0004002b,
	0x00000006,0x0000027c,0x55545450,0x0004002b,0x00000006,0x0000027d,0x55545040,0x0004002b,
	0x00000006,0x0000027e,0x54504000,0x0004002b,0x00000006,0x0000027f,0x50400000,0x0004002b,
	0x00000006,0x00000280,0x55555450,0x0004002b,0x00000006,0x00000281,0x55544000,0x0004002b,
	0x00000006,0x00000282,0x54400000,0x0004002b,0x00000006,0x00000283,0x55555440,0x0004002b,
	0x00000006,0x00000284,0x55550000,0x0004002b,0x00000006,0x00000285,0x55555500,0x0004002b,
	0x00000006,0x00000286,0x55000000,0x0004002b,0x00000006,0x00000287,0x55150100,0x0004002b,
	0x00000006,0x00000288,0x00004054,0x0004002b,0x00000006,0x00000289,0x15010000,0x0004002b,
	0x00000006,0x0000028a,0x00405054,0x0004002b,0x00000006,0x0000028b,0x00004050,0x0004002b,
	0x00000006,0x0000028c,0x15050100,0x0004002b,0x00000006,0x0000028d,0x05010000,0x0004002b,
	0x00000006,0x0000028e,0x40505054,0x0004002b,0x00000006,0x0000028f,0x00404050,0x0004002b,
	0x00000006,0x00000290,0x05010100,0x0004002b,0x00000006,0x00000291,0x14141414,0x0004002b,
	0x00000006,0x00000292,0x05141450,0x0004002b,0x00000006,0x00000293,0x01155440,0x0004002b,
	0x00000006,0x00000294,0x00555500,0x0004002b,0x00000006,0x00000295,0x15014054,0x0004002b,
	0x00000006,0x00000296,0x05414150,0x0004002b,0x00000006,0x00000297,0x44444444,0x0004002b,
	0x00000006,0x00000298,0x55005500,0x0004002b,0x00000006,0x00000299,0x11441144,0x0004002b,
	0x00000006,0x0000029a,0x05055050,0x0004002b,0x00000006,0x0000029b,0x05500550,0x0004002b,
	0x00000006,0x0000029c,0x11114444,0x0004002b,0x00000006,0x0000029d,0x41144114,0x0004002b,
	0x00000006,0x0000029e,0x44111144,0x0004002b,0x00000006,0x0000029f,0x15055054,0x0004002b,
	0x00000006,0x000002a0,0x01055040,0x0004002b,0x00000006,0x000002a1,0x05041050,0x0004002b,
	0x00000006,0x000002a2,0x05455150,0x0004002b,0x00000006,0x000002a3,0x14414114,0x0004002b,
	0x00000006,0x000002a4,0x50050550,0x0004002b,0x00000006,0x000002a5,0x41411414,0x0004002b,
	0x00000006,0x000002a6,0x00141400,0x0004002b,0x00000006,0x000002a7,0x00041504,0x0004002b,
	0x00000006,0x000002a8,0x00105410,0x0004002b,0x00000006,0x000002a9,0x10541000,0x0004002b,
	0x00000006,0x000002aa,0x04150400,0x0004002b,0x00000006,0x000002ab,0x50410514,0x0004002b,
	0x00000006,0x000002ac,0x41051450,0x0004002b,0x00000006,0x000002ad,0x05415014,0x0004002b,
	0x00000006,0x000002ae,0x14054150,0x0004002b,0x00000006,0x000002af,0x41050514,0x0004002b,
	0x00000006,0x000002b0,0x41505014,0x0004002b,0x00000006,0x000002b1,0x40011554,0x0004002b,
	0x00000006,0x000002b2,0x54150140,0x0004002b,0x00000006,0x000002b3,0x50505500,0x0004002b,
	0x00000006,0x000002b4,0x00555050,0x0004002b,0x00000006,0x000002b5,0x15151010,0x0004002b,
	0x00000006,0x000002b6,0x54540404,0x0043002c,0x00000276,0x000002b7,0x00000277,0x00000278,
	0x00000279,0x0000027a,0x0000027b,0x0000027c,0x0000027d,0x0000027e,0x0000027f,0x00000280,
	0x00000281,0x00000282,0x00000283,0x00000284,0x00000285,0x00000286,0x00000287,0x00000288,
	0x00000289,0x0000028a,0x0000028b,0x0000028c,0x0000028d,0x0000028e,0x0000028f,0x00000290,
	0x00000291,0x00000292,0x00000293,0x00000294,0x00000295,0x00000296,0x00000297,0x00000298,
	0x00000299,0x0000029a,0x0000029b,0x0000029c,0x0000029d,0x0000029e,0x0000029f,0x000002a0,
	0x000002a1,0x000002a2,0x000002a3,0x000002a4,0x000002a5,0x000002a6,0x000002a7,0x000002a8,
	0x000002a9,0x000002aa,0x000002ab,0x000002ac,0x000002ad,0x000002ae,0x000002af,0x000002b0,
	0x000002b1,0x000002b2,0x000002b3,0x000002b4,0x000002b5,0x000002b6,0x00040020,0x000002b9,
	0x00000007,0x00000276,0x0004002b,0x00000006,0x000002c3,0xaa685050,0x0004002b,0x00000006,
	0x000002c4,0x6a5a5040,0x0004002b,0x00000006,0x000002c5,0x5a5a4200,0x0004002b,0x00000006,
	0x000002c6,0x5450a0a8,0x0004002b,0x00000006,0x000002c7,0xa5a50000,0x0004002b,0x00000006,
	0x000002c8,0xa0a05050,0x0004002b,0x00000006,0x000002c9,0x5555a0a0,0x0004002b,0x00000006,
	0x000002ca,0x5a5a5050,0x0004002b,0x00000006,0x000002cb,0xaa550000,0x0004002b,0x00000006,
	0x000002cc,0xaa555500,0x0004002b,0x00000006,0x000002cd,0xaaaa5500,0x0004002b,0x00000006,
	0x000002ce,0x90909090,0x0004002b,0x00000006,0x000002cf,0x94949494,0x0004002b,0x00000006,
	0x000002d0,0xa4a4a4a4,0x0004002b,0x00000006,0x000002d1,0xa9a59450,0x0004002b,0x00000006,
	0x000002d2,0x2a0a4250,0x0004002b,0x00000006,0x000002d3,0xa5945040,0x0004002b,0x00000006,
	0x000002d4,0x0a425054,0x0004002b,0x00000006,0x000002d5,0xa5a5a500,0x0004002b,0x00000006,
	0x000002d6,0x55a0a0a0,0x0004002b,0x00000006,0x000002d7,0xa8a85454,0x0004002b,0x00000006,
	0x000002d8,0x6a6a4040,0x0004002b,0x00000006,0x000002d9,0xa4a45000,0x0004002b,0x00000006,
	0x000002da,0x1a1a0500,0x0004002b,0x00000006,0x000002db,0x0050a4a4,0x0004002b,0x00000006,
	0x000002dc,0xaaa59090,0x0004002b,0x00000006,0x000002dd,0x14696914,0x0004002b,0x00000006,
	0x000002de,0x69691400,0x0004002b,0x00000006,0x000002df,0xa08585a0,0x0004002b,0x00000006,
	0x000002e0,0xaa821414,0x0004002b,0x00000006,0x000002e1,0x50a4a450,0x0004002b,0x00000006,
	0x000002e2,0x6a5a0200,0x0004002b,0x00000006,0x000002e3,0xa9a58000,0x0004002b,0x00000006,
	0x000002e4,0x5090a0a8,0x0004002b,0x00000006,0x000002e5,0xa8a09050,0x0004002b,0x00000006,
	0x000002e6,0x24242424,0x0004002b,0x00000006,0x000002e7,0x00aa5500,0x0004002b,0x00000006,
	0x000002e8,0x24924924,0x0004002b,0x00000006,0x000002e9,0x24499224,0x0004002b,0x00000006,
	0x000002ea,0x50a50a50,0x0004002b,0x00000006,0x000002eb,0x500aa550,0x0004002b,0x00000006,
	0x000002ec,0xaaaa4444,0x0004002b,0x00000006,0x000002ed,0x66660000,0x0004002b,0x00000006,
	0x000002ee,0xa5a0a5a0,0x0004002b,0x00000006,0x000002ef,0x50a050a0,0x0004002b,0x00000006,
	0x000002f0,0x69286928,0x0004002b,0x00000006,0x000002f1,0x44aaaa44,0x0004002b,0x00000006,
	0x000002f2,0x66666600,0x0004002b,0x00000006,0x000002f3,0xaa444444,0x0004002b,0x00000006,
	0x000002f4,0x54a854a8,0x0004002b,0x00000006,0x000002f5,0x95809580,0x0004002b,0x00000006,
	0x000002f6,0x96969600,0x0004002b,0x00000006,0x000002f7,0xa85454a8,0x0004002b,0x00000006,
	0x000002f8,0x80959580,0x0004002b,0x00000006,0x000002f9,0xaa141414,0x0004002b,0x00000006,
	0x000002fa,0x96960000,0x0004002b,0x00000006,0x000002fb,0xaaaa1414,0x0004002b,0x00000006,
	0x000002fc,0xa05050a0,0x0004002b,0x00000006,0x000002fd,0xa0a5a5a0,0x0004002b,0x00000006,
	0x000002fe,0x96000000,0x0004002b,0x00000006,0x000002ff,0x40804080,0x0004002b,0x00000006,
	0x00000300,0xa9a8a9a8,0x0004002b,0x00000006,0x00000301,0xaaaaaa44,0x0004002b,0x00000006,
	0x00000302,0x2a4a5254,0x0043002c,0x00000276,0x00000303,0x000002c3,0x000002c4,0x000002c5,
	0x000002c6,0x000002c7,0x000002c8,0x000002c9,0x000002ca,0x000002cb,0x000002cc,0x000002cd,
	0x000002ce,0x000002cf,0x000002d0,0x000002d1,0x000002d2,0x000002d3,0x000002d4,0x000002d5,
	0x000002d6,0x000002d7,0x000002d8,0x000002d9,0x000002da,0x000002db,0x000002dc,0x000002dd,
	0x000002de,0x000002df,0x000002e0,0x000002e1,0x000002e2,0x000002e3,0x000002e4,0x000002e5,
	0x000002e6,0x000002e7,0x000002e8,0x000002e9,0x000002ea,0x000002eb,0x000002ec,0x000002ed,
	0x000002ee,0x000002ef,0x000002f0,0x000002f1,0x000002f2,0x000002f3,0x000002f4,0x000002f5,
	0x000002f6,0x000002f7,0x000002f8,0x000002f9,0x000002fa,0x000002fb,0x000002fc,0x000002fd,
	0x000002fe,0x000002ff,0x00000300,0x00000301,0x00000302,0x0004002b,0x00000006,0x00000311,
	0x0000000f,0x0043002c,0x00000276,0x00000312,0x00000311,0x00000311,0x00000311,0x00000311,
	0x00000311,0x00000311,0x00000311,0x00000311,0x00000311,0x00000311,0x00000311,0x00000311,
	0x00000311,0x00000311,0x00000311,0x00000311,0x00000311,0x00000087,0x0000009e,0x00000087,
	0x00000087,0x0000009e,0x0000009e,0x00000311,0x00000087,0x0000009e,0x00000087,0x00000087,
	0x0000009e,0x0000009e,0x00000087,0x00000087,0x00000311,0x00000311,0x000000e9,0x0000009e,
	0x00000087,0x0000009e,0x00000311,0x00000311,0x00000087,0x0000009e,0x00000087,0x00000087,
	0x00000087,0x00000311,0x00000311,0x000000e9,0x000000e9,0x00000087,0x000000e9,0x0000009e,
	0x00000311,0x00000311,0x00000087,0x00000087,0x00000311,0x00000311,0x00000311,0x00000311,
	0x00000311,0x00000087,0x00000087,0x00000311,0x0004002b,0x00000006,0x0000031d,0x000000f3,
	0x0004002b,0x00000006,0x0000031e,0x00000083,0x0004002b,0x00000006,0x0000031f,0x0000008f,
	0x0004002b,0x00000006,0x00000320,0x0000003f,0x0004002b,0x00000006,0x00000321,0x000000f8,
	0x0004002b,0x00000006,0x00000322,0x000000f6,0x0004002b,0x00000006,0x00000323,0x000000f5,
	0x0004002b,0x00000006,0x00000324,0x0000008a,0x0004002b,0x00000006,0x00000325,0x00000035,
	0x0004002b,0x00000006,0x00000326,0x00000068,0x0004002b,0x00000006,0x00000327,0x000000a6,
	0x0004002b,0x00000006,0x00000328,0x000000af,0x0004002b,0x00000006,0x00000329,0x000000a5,
	0x0004002b,0x00000006,0x0000032a,0x00000098,0x0004002b,0x00000006,0x0000032b,0x0000006f,
	0x0004002b,0x00000006,0x0000032c,0x000000fa,0x0004002b,0x00000006,0x0000032d,0x000000fd,
	0x0004002b,0x00000006,0x0000032e,0x000000fc,0x0043002c,0x00000276,0x0000032f,0x0000031d,
	0x0000031e,0x0000031f,0x00000320,0x00000321,0x0000031d,0x00000320,0x0000031f,0x00000321,
	0x00000321,0x00000322,0x00000322,0x00000322,0x00000323,0x0000031d,0x0000031e,0x0000031d,
	0x0000031e,0x00000321,0x00000320,0x0000031d,0x0000031e,0x00000322,0x00000324,0x00000325,
	0x00000321,0x00000326,0x00000327,0x00000321,0x00000323,0x00000328,0x0000031f,0x00000321,
	0x00000320,0x0000031d,0x00000329,0x00000327,0x00000324,0x0000032a,0x00000328,0x0000032b,
	0x0000031d,0x0000031f,0x00000323,0x00000320,0x0000032b,0x0000032b,0x0000031f,0x0000031d,
	0x00000320,0x00000323,0x00000323,0x00000323,0x00000321,0x00000323,0x0000032c,0x00000323,
	0x0000032c,0x00000321,0x0000032d,0x00000320,0x0000032e,0x0000031d,0x0000031e,0x0004001c,
	0x00000369,0x00000006,0x000000b8,0x00040020,0x0000036a,0x00000007,0x00000369,0x0004002b,
	0x00000006,0x0000039c,0x00000015,0x0004002b,0x00000006,0x0000039d,0x0000002b,0x0007002c,
	0x00000137,0x0000039e,0x0000001e,0x0000039c,0x0000039d,0x00000275,0x00040020,0x000003a0,
	0x00000007,0x00000137,0x0004001c,0x000003aa,0x00000006,0x0000009e,0x0004002b,0x00000006,
	0x000003ab,0x00000009,0x0004002b,0x00000006,0x000003ac,0x00000012,0x0004002b,0x00000006,
	0x000003ad,0x0000001b,0x0004002b,0x00000006,0x000003ae,0x00000025,0x0004002b,0x00000006,
	0x000003af,0x0000002e,0x0004002b,0x00000006,0x000003b0,0x00000037,0x000b002c,0x000003aa,
	0x000003b1,0x0000001e,0x000003ab,0x000003ac,0x000003ad,0x000003ae,0x000003af,0x000003b0,
	0x00000275,0x00040020,0x000003b3,0x00000007,0x000003aa,0x0004002b,0x00000006,0x000003b8,
	0x0000000d,0x0004002b,0x00000006,0x000003b9,0x00000011,0x0004002b,0x00000006,0x000003ba,
	0x0000001a,0x0004002b,0x00000006,0x000003bb,0x0000001e,0x0004002b,0x00000006,0x000003bc,
	0x00000022,0x0004002b,0x00000006,0x000003bd,0x00000026,0x0004002b,0x00000006,0x000003be,
	0x0000002f,0x0004002b,0x00000006,0x000003bf,0x00000033,0x0004002b,0x00000006,0x000003c0,
	0x0000003c,0x0013002c,0x00000369,0x000003c1,0x0000001e,0x00000061,0x000003ab,0x000003b8,
	0x000003b9,0x0000039c,0x000003ba,0x000003bb,0x000003bc,0x000003bd,0x0000039d,0x000003be,
	0x000003bf,0x000003b0,0x000003c0,0x00000275,0x0004002b,0x00000010,0x0000046d,0x437f0000,
	0x00040020,0x0000047a,0x00000009,0x00000057,0x0003001d,0x000004a8,0x00000006,0x0003001e,
	0x000004a9,0x000004a8,0x00040020,0x000004aa,0x0000000c,0x000004a9,0x0004003b,0x000004aa,
	0x000004ab,0x0000000c,0x00040020,0x000004ad,0x0000000c,0x00000006,0x0006002c,0x0000005a,
	0x000004d3,0x0000009e,0x0000009e,0x0000003f,0x0004001c,0x000004d4,0x00000026,0x00000036,
	0x0004002b,0x00000026,0x000004d5,0x0000000a,0x0004002b,0x00000026,0x000004d6,0xffffffff,
	0x0004002b,0x00000026,0x000004d7,0x0000000b,0x0004002b,0x00000026,0x000004d8,0x0000000c,
	0x0004002b,0x00000026,0x000004d9,0x0000000d,0x0004002b,0x00000026,0x000004da,0x00000009,
	0x0023002c,0x000004d4,0x000004db,0x00000120,0x000000ab,0x000000bd,0x000004d5,0x000004d6,
	0x000004d6,0x0000008b,0x000004d7,0x000004d6,0x000004d6,0x00000080,0x000004d8,0x000004d6,
	0x000004d6,0x00000027,0x000004d9,0x000004d6,0x000004d6,0x00000117,0x000004d6,0x000004d6,
	0x000004d6,0x00000118,0x000004d6,0x000004d6,0x000004d6,0x0000008e,0x000004d6,0x000004d6,
	0x000004d6,0x000004da,0x000004d6,0x0004001c,0x000004dc,0x00000006,0x00000311,0x0004002b,
	0x00000006,0x000004dd,0x00000014,0x0004002b,0x00000006,0x000004de,0x0000002c,0x0004002b,
	0x00000006,0x000004df,0x00000054,0x0004002b,0x00000006,0x000004e0,0x00000069,0x0004002b,
	0x00000006,0x000004e1,0x0000007d,0x0004002b,0x00000006,0x000004e2,0x00000091,0x0004002b,
	0x00000006,0x000004e3,0x000000a7,0x0004002b,0x00000006,0x000004e4,0x000000bd,0x0004002b,
	0x00000006,0x000004e5,0x000000d5,0x0004002b,0x00000006,0x000004e6,0x000000db,0x0004002b,
	0x00000006,0x000004e7,0x000000e4,0x0004002b,0x00000006,0x000004e8,0x000000ed,0x0012002c,
	0x000004dc,0x000004e9,0x0000001e,0x000004dd,0x000004de,0x00000320,0x000004df,0x000004e0,
	0x000004e1,0x000004e2,0x000004e3,0x000004e4,0x000004e5,0x000004e6,0x000004e7,0x000004e8,
	0x00000322,0x0004001c,0x000004ea,0x00000006,0x00000322,0x0004002b,0x00000006,0x000004eb,
	0x00000816,0x0004002b,0x00000006,0x000004ec,0x0000081a,0x0004002b,0x00000006,0x000004ed,
	0x0000081b,0x0004002b,0x00000006,0x000004ee,0x000000a0,0x0004002b,0x00000006,0x000004ef,
	0x000000a4,0x0004002b,0x00000006,0x000004f0,0x000000a8,0x0004002b,0x00000006,0x000004f1,
	0x00000051,0x0004002b,0x00000006,0x000004f2,0x00000817,0x0004002b,0x00000006,0x000004f3,
	0x00000046,0x0004002b,0x00000006,0x000004f4,0x00000055,0x0004002b,0x00000006,0x000004f5,
	0x00000047,0x0004002b,0x00000006,0x000004f6,0x00000059,0x0004002b,0x00000006,0x000004f7,
	0x0000021b,0x0004002b,0x00000006,0x000004f8,0x0000004a,0x0004002b,0x00000006,0x000004f9,
	0x00000052,0x0004002b,0x00000006,0x000004fa,0x0000041b,0x0004002b,0x00000006,0x000004fb,
	0x00000053,0x0004002b,0x00000006,0x000004fc,0x0000061b,0x0004002b,0x00000006,0x000004fd,
	0x0000005c,0x0004002b,0x00000006,0x000004fe,0x00000a16,0x0004002b,0x00000006,0x000004ff,
	0x00000a17,0x0004002b,0x00000006,0x00000500,0x00000070,0x0004002b,0x00000006,0x00000501,
	0x00000074,0x0004002b,0x00000006,0x00000502,0x00000a1a,0x0004002b,0x00000006,0x00000503,
	0x00000078,0x0004002b,0x00000006,0x00000504,0x00000a1b,0x0004002b,0x00000006,0x00000505,
	0x00000061,0x0004002b,0x00000006,0x00000506,0x00000065,0x0004002b,0x00000006,0x00000507,
	0x00000062,0x0004002b,0x00000006,0x00000508,0x00000063,0x0004002b,0x00000006,0x00000509,
	0x00001410,0x0004002b,0x00000006,0x0000050a,0x00000045,0x0004002b,0x00000006,0x0000050b,
	0x00001414,0x0004002b,0x00000006,0x0000050c,0x00000049,0x0004002b,0x00000006,0x0000050d,
	0x00001418,0x0004002b,0x00000006,0x0000050e,0x00000041,0x0004002b,0x00000006,0x0000050f,
	0x00000042,0x0004002b,0x00000006,0x00000510,0x00000043,0x0004002b,0x00000006,0x00000511,
	0x00000090,0x0004002b,0x00000006,0x00000512,0x00000094,0x0004002b,0x00000006,0x00000513,
	0x00000080,0x0004002b,0x00000006,0x00000514,0x00000084,0x0004002b,0x00000006,0x00000515,
	0x00000088,0x0004002b,0x00000006,0x00000516,0x00000060,0x0004002b,0x00000006,0x00000517,
	0x00000064,0x0004002b,0x00000006,0x00000518,0x000000a1,0x0004002b,0x00000006,0x00000519,
	0x000000a9,0x0004002b,0x00000006,0x0000051a,0x00000095,0x0004002b,0x00000006,0x0000051b,
	0x00000099,0x0004002b,0x00000006,0x0000051c,0x00000081,0x0004002b,0x00000006,0x0000051d,
	0x00005420,0x0004002b,0x00000006,0x0000051e,0x00000085,0x0004002b,0x00000006,0x0000051f,
	0x00005424,0x0004002b,0x00000006,0x00000520,0x00000089,0x0004002b,0x00000006,0x00000521,
	0x00005428,0x0004002b,0x00000006,0x00000522,0x00005460,0x0004002b,0x00000006,0x00000523,
	0x00005464,0x0004002b,0x00000006,0x00000524,0x00005468,0x00f9002c,0x000004ea,0x00000525,
	0x000004eb,0x000004ec,0x000004ed,0x000004ee,0x000004ef,0x000004f0,0x000004f1,0x000004f2,
	0x000004f3,0x000004f4,0x000003ad,0x000004f5,0x000004f6,0x000004f7,0x000004f8,0x000004f9,
	0x000004fa,0x000004fb,0x000004fc,0x000004fd,0x000004fe,0x000004f2,0x000004ff,0x00000500,
	0x000003ad,0x000004f7,0x000004ec,0x00000501,0x00000502,0x000004fa,0x000004eb,0x00000503,
	0x000004fc,0x00000504,0x000004ed,0x00000505,0x000004f3,0x00000506,0x000004f5,0x000004e0,
	0x000004f8,0x00000507,0x00000508,0x000004fd,0x000004ee,0x000004ef,0x000004f0,0x000004f1,
	0x00000509,0x000004f3,0x0000050a,0x0000050b,0x000003ad,0x000004f5,0x0000050c,0x0000050d,
	0x000004f7,0x000004f8,0x000004f9,0x000004fa,0x000004fb,0x000004fc,0x000004fd,0x000004ee,
	0x000004ef,0x000004f0,0x0000050e,0x00000509,0x000004f2,0x000004f3,0x000004f4,0x0000050b,
	0x000004f5,0x0000050c,0x0000050d,0x000004f7,0x000004f8,0x0000050f,0x000003ad,0x000004fa,
	0x00000510,0x000004eb,0x000004fc,0x000004fd,0x000004ee,0x000004ef,0x000004f0,0x0000050e,
	0x00000509,0x000004ec,0x000004f3,0x0000050a,0x0000050b,0x000003ad,0x000004f5,0x000004f6,
	0x0000050d,0x000004f8,0x0000050f,0x000004f7,0x000004fa,0x00000510,0x000004ed,0x000004fc,
	0x000004fd,0x00000511,0x000004ec,0x00000512,0x000004eb,0x0000032a,0x000004ed,0x000004f1,
	0x000004f2,0x000004f3,0x000004f4,0x000003ad,0x000004f5,0x000004f6,0x000004f7,0x000004f8,
	0x000004f9,0x000004fa,0x000004fb,0x000004fc,0x000004fd,0x00000513,0x000004f2,0x000004ec,
	0x00000514,0x000004fa,0x000004eb,0x00000515,0x000004fc,0x000004ed,0x00000505,0x000004f3,
	0x000004f4,0x000003ad,0x000004f5,0x000004f6,0x000004f7,0x000004f8,0x00000507,0x00000508,
	0x000004fd,0x00000513,0x000003ad,0x000004ec,0x00000514,0x000004fe,0x000004eb,0x00000515,
	0x000004ff,0x000004ed,0x000004f1,0x000004f2,0x000004f3,0x00000506,0x000004f5,0x000004f6,
	0x000004f7,0x000004f8,0x000004f9,0x000004fa,0x000004fb,0x000004fc,0x000004fd,0x00000513,
	0x000004f7,0x000004ec,0x00000514,0x00000502,0x000004eb,0x00000515,0x00000504,0x000004ed,
	0x000004f1,0x000004f2,0x000004f3,0x000004f4,0x000003ad,0x000004f5,0x000004e0,0x000004f8,
	0x000004f9,0x000004fa,0x000004fb,0x000004fc,0x000004fd,0x00000516,0x000004f2,0x000003ad,
	0x000004f7,0x000004ec,0x00000517,0x000004fe,0x00000502,0x000004fa,0x000004eb,0x00000326,
	0x000004ff,0x000004fc,0x00000504,0x000004ed,0x00000505,0x000004f3,0x00000506,0x000004f5,
	0x000004e0,0x000004f8,0x00000507,0x00000508,0x000004fd,0x000004ee,0x000004ef,0x000004f0,
	0x00000518,0x00000329,0x00000519,0x000004ee,0x000004ef,0x000004f0,0x000004e2,0x00000509,
	0x0000051a,0x0000050b,0x0000051b,0x0000050d,0x000004ee,0x000004ef,0x000004f0,0x0000051c,
	0x0000051d,0x0000051e,0x0000051f,0x00000520,0x00000521,0x000004ee,0x000004ef,0x000004f0,
	0x0000050e,0x00000522,0x0000050a,0x00000523,0x0000050c,0x00000524,0x0004002b,0x00000006,
	0x00000526,0x0000000e,0x0004001c,0x00000527,0x00000026,0x00000526,0x0004002b,0x00000026,
	0x00000528,0x00000010,0x0011002c,0x00000527,0x00000529,0x000004d5,0x00000118,0x000004d7,
	0x000004d7,0x000004d7,0x000004da,0x0000008e,0x0000008e,0x0000008e,0x00000117,0x000004d5,
	0x000004d7,0x000004d8,0x00000528,0x0011002c,0x00000527,0x0000052a,0x00000027,0x00000117,
	0x00000027,0x00000080,0x00000080,0x00000027,0x00000117,0x00000027,0x00000027,0x00000117,
	0x000004d5,0x000004da,0x0000008e,0x00000080,0x0011002c,0x00000527,0x0000052b,0x00000027,
	0x00000117,0x00000080,0x00000027,0x00000080,0x00000027,0x00000027,0x00000117,0x00000027,
	0x00000117,0x000004d5,0x000004da,0x0000008e,0x00000080,0x0011002c,0x00000527,0x0000052c,
	0x00000027,0x00000117,0x00000080,0x00000080,0x00000027,0x00000027,0x00000027,0x00000027,
	0x00000117,0x00000117,0x000004d5,0x000004da,0x0000008e,0x00000080,0x00050036,0x00000002,
	0x00000004,0x00000000,0x00000003,0x000200f8,0x00000005,0x0004003b,0x00000058,0x00000476,
	0x00000007,0x0004003b,0x00000058,0x00000479,0x00000007,0x0004003b,0x00000009,0x00000492,
	0x00000007,0x0004003b,0x00000009,0x00000493,0x00000007,0x0004003b,0x00000008,0x000004a7,
	0x00000007,0x0004003b,0x00000009,0x000004b6,0x00000007,0x0004003b,0x00000009,0x000004c1,
	0x00000007,0x0004003b,0x0000016e,0x000004cb,0x00000007,0x0004003b,0x00000008,0x000004d0,
	0x00000007,0x0004003d,0x0000005a,0x00000477,0x0000005c,0x0007004f,0x00000057,0x00000478,
	0x00000477,0x00000477,0x00000000,0x00000001,0x0003003e,0x00000476,0x00000478,0x00050041,
	0x0000047a,0x0000047b,0x0000006d,0x00000027,0x0004003d,0x00000057,0x0000047c,0x0000047b,
	0x00050050,0x00000057,0x0000047d,0x00000039,0x00000039,0x00050080,0x00000057,0x0000047e,
	0x0000047c,0x0000047d,0x00050050,0x00000057,0x0000047f,0x00000061,0x00000061,0x00050086,
	0x00000057,0x00000480,0x0000047e,0x0000047f,0x0003003e,0x00000479,0x00000480,0x00050041,
	0x00000009,0x00000481,0x00000476,0x0000001e,0x0004003d,0x00000006,0x00000482,0x00000481,
	0x00050041,0x00000009,0x00000483,0x00000479,0x0000001e,0x0004003d,0x00000006,0x00000484,
	0x00000483,0x000500ae,0x0000001f,0x00000485,0x00000482,0x00000484,0x000400a8,0x0000001f,
	0x00000486,0x00000485,0x000300f7,0x00000488,0x00000000,0x000400fa,0x00000486,0x00000487,
	0x00000488,0x000200f8,0x00000487,0x00050041,0x00000009,0x00000489,0x00000476,0x0000003f,
	0x0004003d,0x00000006,0x0000048a,0x00000489,0x00050041,0x00000009,0x0000048b,0x00000479,
	0x0000003f,0x0004003d,0x00000006,0x0000048c,0x0000048b,0x000500ae,0x0000001f,0x0000048d,
	0x0000048a,0x0000048c,0x000200f9,0x00000488,0x000200f8,0x00000488,0x000700f5,0x0000001f,
	0x0000048e,0x00000485,0x00000005,0x0000048d,0x00000487,0x000300f7,0x00000490,0x00000000,
	0x000400fa,0x0000048e,0x0000048f,0x00000490,0x000200f8,0x0000048f,0x000100fd,0x000200f8,
	0x00000490,0x0003003e,0x00000492,0x00000061,0x00050041,0x0000006e,0x00000494,0x0000006d,
	0x00000120,0x0004003d,0x00000006,0x00000495,0x00000494,0x00050041,0x00000088,0x00000496,
	0x0000005c,0x00000087,0x0004003d,0x00000006,0x00000497,0x00000496,0x00050041,0x0000006e,
	0x00000498,0x0000006d,0x000000bd,0x0004003d,0x00000006,0x00000499,0x00000498,0x00050084,
	0x00000006,0x0000049a,0x00000497,0x00000499,0x00050041,0x00000009,0x0000049b,0x00000476,
	0x0000003f,0x0004003d,0x00000006,0x0000049c,0x0000049b,0x00050041,0x0000006e,0x0000049d,
	0x0000006d,0x000000ab,0x0004003d,0x00000006,0x0000049e,0x0000049d,0x00050084,0x00000006,
	0x0000049f,0x0000049c,0x0000049e,0x00050080,0x00000006,0x000004a0,0x0000049a,0x0000049f,
	0x00050041,0x00000009,0x000004a1,0x00000476,0x0000001e,0x0004003d,0x00000006,0x000004a2,
	0x000004a1,0x00050080,0x00000006,0x000004a3,0x000004a0,0x000004a2,0x0004003d,0x00000006,
	0x000004a4,0x00000492,0x00050084,0x00000006,0x000004a5,0x000004a3,0x000004a4,0x00050080,
	0x00000006,0x000004a6,0x00000495,0x000004a5,0x0003003e,0x00000493,0x000004a6,0x0004003d,
	0x00000006,0x000004ac,0x00000493,0x00060041,0x000004ad,0x000004ae,0x000004ab,0x00000120,
	0x000004ac,0x0004003d,0x00000006,0x000004af,0x000004ae,0x0004003d,0x00000006,0x000004b0,
	0x00000493,0x00050080,0x00000006,0x000004b1,0x000004b0,0x0000003f,0x00060041,0x000004ad,
	0x000004b2,0x000004ab,0x00000120,0x000004b1,0x0004003d,0x00000006,0x000004b3,0x000004b2,
	0x0004003d,0x00000006,0x000004b4,0x00000492,0x000500ac,0x0000001f,0x000004b5,0x000004b4,
	0x00000087,0x000300f7,0x000004b8,0x00000000,0x000400fa,0x000004b5,0x000004b7,0x000004bd,
	0x000200f8,0x000004b7,0x0004003d,0x00000006,0x000004b9,0x00000493,0x00050080,0x00000006,
	0x000004ba,0x000004b9,0x00000087,0x00060041,0x000004ad,0x000004bb,0x000004ab,0x00000120,
	0x000004ba,0x0004003d,0x00000006,0x000004bc,0x000004bb,0x0003003e,0x000004b6,0x000004bc,
	0x000200f9,0x000004b8,0x000200f8,0x000004bd,0x0003003e,0x000004b6,0x0000001e,0x000200f9,
	0x000004b8,0x000200f8,0x000004b8,0x0004003d,0x00000006,0x000004be,0x000004b6,0x0004003d,
	0x00000006,0x000004bf,0x00000492,0x000500ac,0x0000001f,0x000004c0,0x000004bf,0x00000087,
	0x000300f7,0x000004c3,0x00000000,0x000400fa,0x000004c0,0x000004c2,0x000004c8,0x000200f8,
	0x000004c2,0x0004003d,0x00000006,0x000004c4,0x00000493,0x00050080,0x00000006,0x000004c5,
	0x000004c4,0x00000039,0x00060041,0x000004ad,0x000004c6,0x000004ab,0x00000120,0x000004c5,
	0x0004003d,0x00000006,0x000004c7,0x000004c6,0x0003003e,0x000004c1,0x000004c7,0x000200f9,
	0x000004c3,0x000200f8,0x000004c8,0x0003003e,0x000004c1,0x0000001e,0x000200f9,0x000004c3,
	0x000200f8,0x000004c3,0x0004003d,0x00000006,0x000004c9,0x000004c1,0x00070050,0x00000007,
	0x000004ca,0x000004af,0x000004b3,0x000004be,0x000004c9,0x0003003e,0x000004a7,0x000004ca,
	0x00050041,0x0000006e,0x000004cc,0x0000006d,0x0000008b,0x0004003d,0x00000006,0x000004cd,
	0x000004cc,0x000500c7,0x00000006,0x000004ce,0x000004cd,0x00000087,0x000500ab,0x0000001f,
	0x000004cf,0x000004ce,0x0000001e,0x0003003e,0x000004cb,0x000004cf,0x0004003d,0x00000007,
	0x000004d1,0x000004a7,0x0003003e,0x000004d0,0x000004d1,0x00050039,0x00000002,0x000004d2,
	0x0000001b,0x000004d0,0x000100fd,0x00010038,0x00050036,0x00000006,0x0000000e,0x00000000,
	0x0000000a,0x00030037,0x00000008,0x0000000b,0x00030037,0x00000009,0x0000000c,0x00030037,
	0x00000009,0x0000000d,0x000200f8,0x0000000f,0x0004003b,0x00000009,0x00000024,0x00000007,
	0x0004003b,0x00000009,0x00000029,0x00000007,0x0004003b,0x00000009,0x0000002d,0x00000007,
	0x0004003b,0x00000009,0x0000004a,0x00000007,0x0004003d,0x00000006,0x0000001d,0x0000000d,
	0x000500aa,0x0000001f,0x00000020,0x0000001d,0x0000001e,0x000300f7,0x00000022,0x00000000,
	0x000400fa,0x00000020,0x00000021,0x00000022,0x000200f8,0x00000021,0x000200fe,0x0000001e,
	0x000200f8,0x00000022,0x0004003d,0x00000006,0x00000025,0x0000000c,0x000500c2,0x00000006,
	0x00000028,0x00000025,0x00000027,0x0003003e,0x00000024,0x00000028,0x0004003d,0x00000006,
	0x0000002a,0x0000000c,0x000500c7,0x00000006,0x0000002c,0x0000002a,0x0000002b,0x0003003e,
	0x00000029,0x0000002c,0x0004003d,0x00000006,0x0000002e,0x00000024,0x00050041,0x00000009,
	0x0000002f,0x0000000b,0x0000002e,0x0004003d,0x00000006,0x00000030,0x0000002f,0x0004003d,
	0x00000006,0x00000031,0x00000029,0x000500c2,0x00000006,0x00000032,0x00000030,0x00000031,
	0x0003003e,0x0000002d,0x00000032,0x0004003d,0x00000006,0x00000033,0x00000029,0x0004003d,
	0x00000006,0x00000034,0x0000000d,0x00050080,0x00000006,0x00000035,0x00000033,0x00000034,
	0x000500ac,0x0000001f,0x00000037,0x00000035,0x00000036,0x0004003d,0x00000006,0x00000038,
	0x00000024,0x000500b0,0x0000001f,0x0000003a,0x00000038,0x00000039,0x000500a7,0x0000001f,
	0x0000003b,0x00000037,0x0000003a,0x000300f7,0x0000003d,0x00000000,0x000400fa,0x0000003b,
	0x0000003c,0x0000003d,0x000200f8,0x0000003c,0x0004003d,0x00000006,0x0000003e,0x00000024,
	0x00050080,0x00000006,0x00000040,0x0000003e,0x0000003f,0x00050041,0x00000009,0x00000041,
	0x0000000b,0x00000040,0x0004003d,0x00000006,0x00000042,0x00000041,0x0004003d,0x00000006,
	0x00000043,0x00000029,0x00050082,0x00000006,0x00000044,0x00000036,0x00000043,0x000500c4,
	0x00000006,0x00000045,0x00000042,0x00000044,0x0004003d,0x00000006,0x00000046,0x0000002d,
	0x000500c5,0x00000006,0x00000047,0x00000046,0x00000045,0x0003003e,0x0000002d,0x00000047,
	0x000200f9,0x0000003d,0x000200f8,0x0000003d,0x0004003d,0x00000006,0x00000048,0x0000000d,
	0x000500aa,0x0000001f,0x00000049,0x00000048,0x00000036,0x000300f7,0x0000004c,0x00000000,
	0x000400fa,0x00000049,0x0000004b,0x0000004e,0x000200f8,0x0000004b,0x0004003d,0x00000006,
	0x0000004d,0x0000002d,0x0003003e,0x0000004a,0x0000004d,0x000200f9,0x0000004c,0x000200f8,
	0x0000004e,0x0004003d,0x00000006,0x0000004f,0x0000002d,0x0004003d,0x00000006,0x00000050,
	0x0000000d,0x000500c4,0x00000006,0x00000051,0x0000003f,0x00000050,0x00050082,0x00000006,
	0x00000052,0x00000051,0x0000003f,0x000500c7,0x00000006,0x00000053,0x0000004f,0x00000052,
	0x0003003e,0x0000004a,0x00000053,0x000200f9,0x0000004c,0x000200f8,0x0000004c,0x0004003d,
	0x00000006,0x00000054,0x0000004a,0x000200fe,0x00000054,0x00010038,0x00050036,0x00000002,
	0x00000017,0x00000000,0x00000013,0x00030037,0x00000009,0x00000014,0x00030037,0x00000009,
	0x00000015,0x00030037,0x00000012,0x00000016,0x000200f8,0x00000018,0x0004003b,0x00000058,
	0x00000059,0x00000007,0x0004003b,0x00000058,0x0000005f,0x00000007,0x0004003d,0x0000005a,
	0x0000005d,0x0000005c,0x0007004f,0x00000057,0x0000005e,0x0000005d,0x0000005d,0x00000000,
	0x00000001,0x0003003e,0x00000059,0x0000005e,0x0004003d,0x00000057,0x00000060,0x00000059,
	0x00050050,0x00000057,0x00000062,0x00000061,0x00000061,0x00050084,0x00000057,0x00000063,
	0x00000060,0x00000062,0x0004003d,0x00000006,0x00000064,0x00000014,0x0004003d,0x00000006,
	0x00000065,0x00000015,0x00050050,0x00000057,0x00000066,0x00000064,0x00000065,0x00050080,
	0x00000057,0x00000067,0x00000063,0x00000066,0x0003003e,0x0000005f,0x00000067,0x00050041,
	0x00000009,0x00000068,0x0000005f,0x0000001e,0x0004003d,0x00000006,0x00000069,0x00000068,
	0x00060041,0x0000006e,0x0000006f,0x0000006d,0x00000027,0x0000001e,0x0004003d,0x00000006,
	0x00000070,0x0000006f,0x000500b0,0x0000001f,0x00000071,0x00000069,0x00000070,0x000300f7,
	0x00000073,0x00000000,0x000400fa,0x00000071,0x00000072,0x00000073,0x000200f8,0x00000072,
	0x00050041,0x00000009,0x00000074,0x0000005f,0x0000003f,0x0004003d,0x00000006,0x00000075,
	0x00000074,0x00060041,0x0000006e,0x00000076,0x0000006d,0x00000027,0x0000003f,0x0004003d,
	0x00000006,0x00000077,0x00000076,0x000500b0,0x0000001f,0x00000078,0x00000075,0x00000077,
	0x000200f9,0x00000073,0x000200f8,0x00000073,0x000700f5,0x0000001f,0x00000079,0x00000071,
	0x00000018,0x00000078,0x00000072,0x000300f7,0x0000007b,0x00000000,0x000400fa,0x00000079,
	0x0000007a,0x0000007b,0x000200f8,0x0000007a,0x0004003d,0x0000007c,0x0000007f,0x0000007e,
	0x00050041,0x00000081,0x00000082,0x0000006d,0x00000080,0x0004003d,0x0000006a,0x00000083,
	0x00000082,0x0004003d,0x00000057,0x00000084,0x0000005f,0x0004007c,0x0000006a,0x00000085,
	0x00000084,0x00050080,0x0000006a,0x00000086,0x00000083,0x00000085,0x00050041,0x00000088,
	0x00000089,0x0000005c,0x00000087,0x0004003d,0x00000006,0x0000008a,0x00000089,0x00050041,
	0x0000006e,0x0000008c,0x0000006d,0x0000008b,0x0004003d,0x00000006,0x0000008d,0x0000008c,
	0x000500c2,0x00000006,0x0000008f,0x0000008d,0x0000008e,0x00050080,0x00000006,0x00000090,
	0x0000008a,0x0000008f,0x0004007c,0x00000026,0x00000091,0x00000090,0x00050051,0x00000026,
	0x00000093,0x00000086,0x00000000,0x00050051,0x00000026,0x00000094,0x00000086,0x00000001,
	0x00060050,0x00000092,0x00000095,0x00000093,0x00000094,0x00000091,0x0004003d,0x00000011,
	0x00000096,0x00000016,0x00040063,0x0000007f,0x00000095,0x00000096,0x000200f9,0x0000007b,
	0x000200f8,0x0000007b,0x000100fd,0x00010038,0x00050036,0x00000002,0x0000001b,0x00000000,
	0x00000019,0x00030037,0x00000008,0x0000001a,0x000200f8,0x0000001c,0x0004003b,0x00000009,
	0x00000097,0x00000007,0x0004003b,0x00000008,0x000000a2,0x00000007,0x0004003b,0x00000009,
	0x000000a4,0x00000007,0x0004003b,0x00000009,0x000000a6,0x00000007,0x0004003b,0x00000009,
	0x000000b1,0x00000007,0x0004003b,0x00000009,0x000000c1,0x00000007,0x0004003b,0x00000009,
	0x000000c2,0x00000007,0x0004003b,0x00000012,0x000000c3,0x00000007,0x0004003b,0x00000009,
	0x000000c8,0x00000007,0x0004003b,0x00000009,0x000000cb,0x00000007,0x0004003b,0x00000009,
	0x000000cc,0x00000007,0x0004003b,0x00000009,0x000000cd,0x00000007,0x0004003b,0x00000009,
	0x000000ce,0x00000007,0x0004003b,0x00000009,0x000000e6,0x00000007,0x0004003b,0x00000008,
	0x000000eb,0x00000007,0x0004003b,0x00000009,0x000000ed,0x00000007,0x0004003b,0x00000009,
	0x000000ef,0x00000007,0x0004003b,0x00000009,0x000000f5,0x00000007,0x0004003b,0x00000008,
	0x00000100,0x00000007,0x0004003b,0x00000009,0x00000102,0x00000007,0x0004003b,0x00000009,
	0x00000104,0x00000007,0x0004003b,0x00000008,0x0000010c,0x00000007,0x0004003b,0x00000009,
	0x0000010e,0x00000007,0x0004003b,0x00000009,0x00000110,0x00000007,0x0004003b,0x00000114,
	0x00000115,0x00000007,0x0004003b,0x0000011b,0x0000011c,0x00000007,0x0004003b,0x00000114,
	0x0000011f,0x00000007,0x0004003b,0x0000011b,0x00000123,0x00000007,0x0004003b,0x00000009,
	0x00000126,0x00000007,0x0004003b,0x00000009,0x0000012e,0x00000007,0x0004003b,0x00000139,
	0x0000013a,0x00000007,0x0004003b,0x00000008,0x0000013f,0x00000007,0x0004003b,0x00000009,
	0x00000141,0x00000007,0x0004003b,0x00000009,0x00000143,0x00000007,0x0004003b,0x00000009,
	0x0000014e,0x00000007,0x0004003b,0x00000008,0x0000015e,0x00000007,0x0004003b,0x00000009,
	0x00000160,0x00000007,0x0004003b,0x00000009,0x00000162,0x00000007,0x0004003b,0x0000016e,
	0x0000016f,0x00000007,0x0004003b,0x00000009,0x00000188,0x00000007,0x0004003b,0x00000009,
	0x00000191,0x00000007,0x0004003b,0x00000009,0x000001a7,0x00000007,0x0004003b,0x00000008,
	0x000001a8,0x00000007,0x0004003b,0x00000009,0x000001aa,0x00000007,0x0004003b,0x00000009,
	0x000001ac,0x00000007,0x0004003b,0x00000009,0x000001ae,0x00000007,0x0004003b,0x00000008,
	0x000001b1,0x00000007,0x0004003b,0x00000009,0x000001b3,0x00000007,0x0004003b,0x00000009,
	0x000001b4,0x00000007,0x0004003b,0x00000009,0x000001b8,0x00000007,0x0004003b,0x00000009,
	0x000001db,0x00000007,0x0004003b,0x00000009,0x000001e4,0x00000007,0x0004003b,0x00000008,
	0x000001e5,0x00000007,0x0004003b,0x00000009,0x000001e7,0x00000007,0x0004003b,0x00000009,
	0x000001e9,0x00000007,0x0004003b,0x00000009,0x000001ed,0x00000007,0x0004003b,0x00000009,
	0x00000200,0x00000007,0x0004003b,0x00000009,0x00000209,0x00000007,0x0004003b,0x00000009,
	0x00000210,0x00000007,0x0004003b,0x00000009,0x00000256,0x00000007,0x0004003b,0x00000009,
	0x0000025c,0x00000007,0x0004003b,0x00000009,0x00000264,0x00000007,0x0004003b,0x00000009,
	0x00000267,0x00000007,0x0004003b,0x00000009,0x0000026f,0x00000007,0x0004003b,0x00000009,
	0x00000272,0x00000007,0x0004003b,0x000002b9,0x000002ba,0x00000007,0x0004003b,0x00000009,
	0x000002c0,0x00000007,0x0004003b,0x000002b9,0x00000305,0x00000007,0x0004003b,0x00000009,
	0x0000030b,0x00000007,0x0004003b,0x00000009,0x0000030e,0x00000007,0x0004003b,0x000002b9,
	0x00000314,0x00000007,0x0004003b,0x00000009,0x0000031a,0x00000007,0x0004003b,0x000002b9,
	0x00000331,0x00000007,0x0004003b,0x00000009,0x00000337,0x00000007,0x0004003b,0x00000009,
	0x0000033f,0x00000007,0x0004003b,0x00000009,0x00000345,0x00000007,0x0004003b,0x0000016e,
	0x00000347,0x00000007,0x0004003b,0x0000036a,0x0000036b,0x00000007,0x0004003b,0x00000008,
	0x0000036d,0x00000007,0x0004003b,0x00000009,0x0000036f,0x00000007,0x0004003b,0x00000009,
	0x00000371,0x00000007,0x0004003b,0x00000009,0x0000037a,0x00000007,0x0004003b,0x00000009,
	0x00000382,0x00000007,0x0004003b,0x00000009,0x00000388,0x00000007,0x0004003b,0x00000009,
	0x0000038b,0x00000007,0x0004003b,0x00000009,0x0000038e,0x00000007,0x0004003b,0x00000009,
	0x00000396,0x00000007,0x0004003b,0x00000009,0x00000399,0x00000007,0x0004003b,0x000003a0,
	0x000003a1,0x00000007,0x0004003b,0x00000009,0x000003a7,0x00000007,0x0004003b,0x000003b3,
	0x000003b4,0x00000007,0x0004003b,0x0000036a,0x000003c3,0x00000007,0x0004003b,0x00000009,
	0x000003c8,0x00000007,0x0004003b,0x00000008,0x000003d0,0x00000007,0x0004003b,0x00000009,
	0x000003e6,0x00000007,0x0004003b,0x00000009,0x000003e9,0x00000007,0x0004003b,0x00000009,
	0x000003f1,0x00000007,0x0004003b,0x00000008,0x000003f2,0x00000007,0x0004003b,0x00000009,
	0x000003f4,0x00000007,0x0004003b,0x00000009,0x000003f6,0x00000007,0x0004003b,0x00000009,
	0x000003fc,0x00000007,0x0004003b,0x00000009,0x000003ff,0x00000007,0x0004003b,0x000003a0,
	0x00000403,0x00000007,0x0004003b,0x000003b3,0x00000408,0x00000007,0x0004003b,0x00000009,
	0x0000040c,0x00000007,0x0004003b,0x00000009,0x0000040f,0x00000007,0x0004003b,0x000003a0,
	0x00000413,0x00000007,0x0004003b,0x000003b3,0x00000418,0x00000007,0x0004003b,0x00000009,
	0x0000041c,0x00000007,0x0004003b,0x00000009,0x00000422,0x00000007,0x0004003b,0x00000009,
	0x00000428,0x00000007,0x0004003b,0x00000009,0x00000470,0x00000007,0x0004003b,0x00000009,
	0x00000471,0x00000007,0x0004003b,0x00000012,0x00000472,0x00000007,0x0003003e,0x00000097,
	0x0000001e,0x000200f9,0x00000098,0x000200f8,0x00000098,0x000400f6,0x0000009a,0x0000009b,
	0x00000000,0x000200f9,0x0000009c,0x000200f8,0x0000009c,0x0004003d,0x00000006,0x0000009d,
	0x00000097,0x000500b0,0x0000001f,0x0000009f,0x0000009d,0x0000009e,0x000300f7,0x000000a1,
	0x00000000,0x000400fa,0x0000009f,0x000000a0,0x000000a1,0x000200f8,0x000000a0,0x0004003d,
	0x00000007,0x000000a3,0x0000001a,0x0003003e,0x000000a2,0x000000a3,0x0004003d,0x00000006,
	0x000000a5,0x00000097,0x0003003e,0x000000a4,0x000000a5,0x0003003e,0x000000a6,0x0000003f,
	0x00070039,0x00000006,0x000000a7,0x0000000e,0x000000a2,0x000000a4,0x000000a6,0x000500aa,
	0x0000001f,0x000000a8,0x000000a7,0x0000001e,0x000200f9,0x000000a1,0x000200f8,0x000000a1,
	0x000700f5,0x0000001f,0x000000a9,0x0000009f,0x0000009c,0x000000a8,0x000000a0,0x000400fa,
	0x000000a9,0x00000099,0x0000009a,0x000200f8,0x00000099,0x0004003d,0x00000006,0x000000aa,
	0x00000097,0x00050080,0x00000006,0x000000ac,0x000000aa,0x000000ab,0x0003003e,0x00000097,
	0x000000ac,0x000200f9,0x0000009b,0x000200f8,0x0000009b,0x000200f9,0x00000098,0x000200f8,
	0x0000009a,0x0004003d,0x00000006,0x000000ad,0x00000097,0x000500ae,0x0000001f,0x000000ae,
	0x000000ad,0x0000009e,0x000300f7,0x000000b0,0x00000000,0x000400fa,0x000000ae,0x000000af,
	0x000000b0,0x000200f8,0x000000af,0x0003003e,0x000000b1,0x0000001e,0x000200f9,0x000000b2,
	0x000200f8,0x000000b2,0x000400f6,0x000000b4,0x000000b5,0x00000000,0x000200f9,0x000000b6,
	0x000200f8,0x000000b6,0x0004003d,0x00000006,0x000000b7,0x000000b1,0x000500b0,0x0000001f,
	0x000000b9,0x000000b7,0x000000b8,0x000400fa,0x000000b9,0x000000b3,0x000000b4,0x000200f8,
	0x000000b3,0x0004003d,0x00000006,0x000000ba,0x000000b1,0x000500c7,0x00000006,0x000000bb,
	0x000000ba,0x00000039,0x0004003d,0x00000006,0x000000bc,0x000000b1,0x000500c2,0x00000006,
	0x000000be,0x000000bc,0x000000bd,0x0003003e,0x000000c1,0x000000bb,0x0003003e,0x000000c2,
	0x000000be,0x0003003e,0x000000c3,0x000000c0,0x00070039,0x00000002,0x000000c4,0x00000017,
	0x000000c1,0x000000c2,0x000000c3,0x000200f9,0x000000b5,0x000200f8,0x000000b5,0x0004003d,
	0x00000006,0x000000c5,0x000000b1,0x00050080,0x00000006,0x000000c6,0x000000c5,0x000000ab,
	0x0003003e,0x000000b1,0x000000c6,0x000200f9,0x000000b2,0x000200f8,0x000000b4,0x000100fd,
	0x000200f8,0x000000b0,0x0004003d,0x00000006,0x000000c9,0x00000097,0x00050080,0x00000006,
	0x000000ca,0x000000c9,0x0000003f,0x0003003e,0x000000c8,0x000000ca,0x0003003e,0x000000cb,
	0x0000003f,0x0003003e,0x000000cc,0x0000001e,0x0003003e,0x000000cd,0x0000001e,0x0003003e,
	0x000000ce,0x0000001e,0x0004003d,0x00000006,0x000000cf,0x00000097,0x000500aa,0x0000001f,
	0x000000d0,0x000000cf,0x0000001e,0x0004003d,0x00000006,0x000000d1,0x00000097,0x000500aa,
	0x0000001f,0x000000d2,0x000000d1,0x0000003f,0x000500a6,0x0000001f,0x000000d3,0x000000d0,
	0x000000d2,0x0004003d,0x00000006,0x000000d4,0x00000097,0x000500aa,0x0000001f,0x000000d5,
	0x000000d4,0x00000087,0x000500a6,0x0000001f,0x000000d6,0x000000d3,0x000000d5,0x0004003d,
	0x00000006,0x000000d7,0x00000097,0x000500aa,0x0000001f,0x000000d8,0x000000d7,0x00000039,
	0x000500a6,0x0000001f,0x000000d9,0x000000d6,0x000000d8,0x0004003d,0x00000006,0x000000da,
	0x00000097,0x000500aa,0x0000001f,0x000000dc,0x000000da,0x000000db,0x000500a6,0x0000001f,
	0x000000dd,0x000000d9,0x000000dc,0x000300f7,0x000000df,0x00000000,0x000400fa,0x000000dd,
	0x000000de,0x000000df,0x000200f8,0x000000de,0x0004003d,0x00000006,0x000000e0,0x00000097,
	0x000500aa,0x0000001f,0x000000e1,0x000000e0,0x0000001e,0x0004003d,0x00000006,0x000000e2,
	0x00000097,0x000500aa,0x0000001f,0x000000e3,0x000000e2,0x00000087,0x000500a6,0x0000001f,
	0x000000e4,0x000000e1,0x000000e3,0x000600a9,0x00000006,0x000000e5,0x000000e4,0x00000039,
	0x00000087,0x0003003e,0x000000cb,0x000000e5,0x0004003d,0x00000006,0x000000e7,0x00000097,
	0x000500aa,0x0000001f,0x000000e8,0x000000e7,0x0000001e,0x000600a9,0x00000006,0x000000ea,
	0x000000e8,0x00000061,0x000000e9,0x0003003e,0x000000e6,0x000000ea,0x0004003d,0x00000007,
	0x000000ec,0x0000001a,0x0003003e,0x000000eb,0x000000ec,0x0004003d,0x00000006,0x000000ee,
	0x000000c8,0x0003003e,0x000000ed,0x000000ee,0x0004003d,0x00000006,0x000000f0,0x000000e6,
	0x0003003e,0x000000ef,0x000000f0,0x00070039,0x00000006,0x000000f1,0x0000000e,0x000000eb,
	0x000000ed,0x000000ef,0x0003003e,0x000000cc,0x000000f1,0x0004003d,0x00000006,0x000000f2,
	0x000000e6,0x0004003d,0x00000006,0x000000f3,0x000000c8,0x00050080,0x00000006,0x000000f4,
	0x000000f3,0x000000f2,0x0003003e,0x000000c8,0x000000f4,0x000200f9,0x000000df,0x000200f8,
	0x000000df,0x0004003d,0x00000006,0x000000f6,0x000000cb,0x00050084,0x00000006,0x000000f7,
	0x000000f6,0x00000087,0x0003003e,0x000000f5,0x000000f7,0x0004003d,0x00000006,0x000000f8,
	0x00000097,0x000500aa,0x0000001f,0x000000f9,0x000000f8,0x00000061,0x0004003d,0x00000006,
	0x000000fa,0x00000097,0x000500aa,0x0000001f,0x000000fc,0x000000fa,0x000000fb,0x000500a6,
	0x0000001f,0x000000fd,0x000000f9,0x000000fc,0x000300f7,0x000000ff,0x00000000,0x000400fa,
	0x000000fd,0x000000fe,0x000000ff,0x000200f8,0x000000fe,0x0004003d,0x00000007,0x00000101,
	0x0000001a,0x0003003e,0x00000100,0x00000101,0x0004003d,0x00000006,0x00000103,0x000000c8,
	0x0003003e,0x00000102,0x00000103,0x0003003e,0x00000104,0x00000087,0x00070039,0x00000006,
	0x00000105,0x0000000e,0x00000100,0x00000102,0x00000104,0x0003003e,0x000000cd,0x00000105,
	0x0004003d,0x00000006,0x00000106,0x000000c8,0x00050080,0x00000006,0x00000107,0x00000106,
	0x00000087,0x0003003e,0x000000c8,0x00000107,0x0004003d,0x00000006,0x00000108,0x00000097,
	0x000500aa,0x0000001f,0x00000109,0x00000108,0x00000061,0x000300f7,0x0000010b,0x00000000,
	0x000400fa,0x00000109,0x0000010a,0x0000010b,0x000200f8,0x0000010a,0x0004003d,0x00000007,
	0x0000010d,0x0000001a,0x0003003e,0x0000010c,0x0000010d,0x0004003d,0x00000006,0x0000010f,
	0x000000c8,0x0003003e,0x0000010e,0x0000010f,0x0003003e,0x00000110,0x0000003f,0x00070039,
	0x00000006,0x00000111,0x0000000e,0x0000010c,0x0000010e,0x00000110,0x0003003e,0x000000ce,
	0x00000111,0x0004003d,0x00000006,0x00000112,0x000000c8,0x00050080,0x00000006,0x00000113,
	0x00000112,0x0000003f,0x0003003e,0x000000c8,0x00000113,0x000200f9,0x0000010b,0x000200f8,
	0x0000010b,0x000200f9,0x000000ff,0x000200f8,0x000000ff,0x0004003d,0x00000006,0x0000011a,
	0x00000097,0x0003003e,0x0000011c,0x00000119,0x00050041,0x00000114,0x0000011d,0x0000011c,
	0x0000011a,0x0004003d,0x00000026,0x0000011e,0x0000011d,0x0003003e,0x00000115,0x0000011e,
	0x0004003d,0x00000006,0x00000122,0x00000097,0x0003003e,0x00000123,0x00000121,0x00050041,
	0x00000114,0x00000124,0x00000123,0x00000122,0x0004003d,0x00000026,0x00000125,0x00000124,
	0x0003003e,0x0000011f,0x00000125,0x0003003e,0x00000126,0x0000001e,0x000200f9,0x00000127,
	0x000200f8,0x00000127,0x000400f6,0x00000129,0x0000012a,0x00000000,0x000200f9,0x0000012b,
	0x000200f8,0x0000012b,0x0004003d,0x00000006,0x0000012c,0x00000126,0x000500b0,0x0000001f,
	0x0000012d,0x0000012c,0x00000039,0x000400fa,0x0000012d,0x00000128,0x00000129,0x000200f8,
	0x00000128,0x0003003e,0x0000012e,0x0000001e,0x000200f9,0x0000012f,0x000200f8,0x0000012f,
	0x000400f6,0x00000131,0x00000132,0x00000000,0x000200f9,0x00000133,0x000200f8,0x00000133,
	0x0004003d,0x00000006,0x00000134,0x0000012e,0x0004003d,0x00000006,0x00000135,0x000000f5,
	0x000500b0,0x0000001f,0x00000136,0x00000134,0x00000135,0x000400fa,0x00000136,0x00000130,
	0x00000131,0x000200f8,0x00000130,0x0004003d,0x00000006,0x0000013b,0x0000012e,0x0004003d,
	0x00000006,0x0000013c,0x00000126,0x0004003d,0x00000026,0x0000013d,0x00000115,0x0004007c,
	0x00000006,0x0000013e,0x0000013d,0x0004003d,0x00000007,0x00000140,0x0000001a,0x0003003e,
	0x0000013f,0x00000140,0x0004003d,0x00000006,0x00000142,0x000000c8,0x0003003e,0x00000141,
	0x00000142,0x0003003e,0x00000143,0x0000013e,0x00070039,0x00000006,0x00000144,0x0000000e,
	0x0000013f,0x00000141,0x00000143,0x00060041,0x00000009,0x00000145,0x0000013a,0x0000013b,
	0x0000013c,0x0003003e,0x00000145,0x00000144,0x0004003d,0x00000026,0x00000146,0x00000115,
	0x0004007c,0x00000006,0x00000147,0x00000146,0x0004003d,0x00000006,0x00000148,0x000000c8,
	0x00050080,0x00000006,0x00000149,0x00000148,0x00000147,0x0003003e,0x000000c8,0x00000149,
	0x000200f9,0x00000132,0x000200f8,0x00000132,0x0004003d,0x00000006,0x0000014a,0x0000012e,
	0x00050080,0x00000006,0x0000014b,0x0000014a,0x000000ab,0x0003003e,0x0000012e,0x0000014b,
	0x000200f9,0x0000012f,0x000200f8,0x00000131,0x000200f9,0x0000012a,0x000200f8,0x0000012a,
	0x0004003d,0x00000006,0x0000014c,0x00000126,0x00050080,0x00000006,0x0000014d,0x0000014c,
	0x000000ab,0x0003003e,0x00000126,0x0000014d,0x000200f9,0x00000127,0x000200f8,0x00000129,
	0x0003003e,0x0000014e,0x0000001e,0x000200f9,0x0000014f,0x000200f8,0x0000014f,0x000400f6,
	0x00000151,0x00000152,0x00000000,0x000200f9,0x00000153,0x000200f8,0x00000153,0x0004003d,
	0x00000006,0x00000154,0x0000014e,0x0004003d,0x00000006,0x00000155,0x000000f5,0x000500b0,
	0x0000001f,0x00000156,0x00000154,0x00000155,0x000400fa,0x00000156,0x00000150,0x00000151,
	0x000200f8,0x00000150,0x0004003d,0x00000026,0x00000157,0x0000011f,0x000500ad,0x0000001f,
	0x00000158,0x00000157,0x00000120,0x000300f7,0x0000015a,0x00000000,0x000400fa,0x00000158,
	0x00000159,0x00000169,0x000200f8,0x00000159,0x0004003d,0x00000006,0x0000015b,0x0000014e,
	0x0004003d,0x00000026,0x0000015c,0x0000011f,0x0004007c,0x00000006,0x0000015d,0x0000015c,
	0x0004003d,0x00000007,0x0000015f,0x0000001a,0x0003003e,0x0000015e,0x0000015f,0x0004003d,
	0x00000006,0x00000161,0x000000c8,0x0003003e,0x00000160,0x00000161,0x0003003e,0x00000162,
	0x0000015d,0x00070039,0x00000006,0x00000163,0x0000000e,0x0000015e,0x00000160,0x00000162,
	0x00060041,0x00000009,0x00000164,0x0000013a,0x0000015b,0x0000008b,0x0003003e,0x00000164,
	0x00000163,0x0004003d,0x00000026,0x00000165,0x0000011f,0x0004007c,0x00000006,0x00000166,
	0x00000165,0x0004003d,0x00000006,0x00000167,0x000000c8,0x00050080,0x00000006,0x00000168,
	0x00000167,0x00000166,0x0003003e,0x000000c8,0x00000168,0x000200f9,0x0000015a,0x000200f8,
	0x00000169,0x0004003d,0x00000006,0x0000016a,0x0000014e,0x00060041,0x00000009,0x0000016b,
	0x0000013a,0x0000016a,0x0000008b,0x0003003e,0x0000016b,0x0000001e,0x000200f9,0x0000015a,
	0x000200f8,0x0000015a,0x000200f9,0x00000152,0x000200f8,0x00000152,0x0004003d,0x00000006,
	0x0000016c,0x0000014e,0x00050080,0x00000006,0x0000016d,0x0000016c,0x000000ab,0x0003003e,
	0x0000014e,0x0000016d,0x000200f9,0x0000014f,0x000200f8,0x00000151,0x0004003d,0x00000006,
	0x00000171,0x00000097,0x000500c2,0x00000006,0x00000172,0x00000170,0x00000171,0x000500c7,
	0x00000006,0x00000173,0x00000172,0x0000003f,0x000500ab,0x0000001f,0x00000174,0x00000173,
	0x0000001e,0x0004003d,0x00000006,0x00000175,0x00000097,0x000500aa,0x0000001f,0x00000176,
	0x00000175,0x0000003f,0x000500a6,0x0000001f,0x00000177,0x00000174,0x00000176,0x0003003e,
	0x0000016f,0x00000177,0x0004003d,0x00000006,0x00000178,0x00000097,0x000500aa,0x0000001f,
	0x00000179,0x00000178,0x0000001e,0x0004003d,0x00000006,0x0000017a,0x00000097,0x000500aa,
	0x0000001f,0x0000017b,0x0000017a,0x0000003f,0x000500a6,0x0000001f,0x0000017c,0x00000179,
	0x0000017b,0x0004003d,0x00000006,0x0000017d,0x00000097,0x000500aa,0x0000001f,0x0000017e,
	0x0000017d,0x00000039,0x000500a6,0x0000001f,0x0000017f,0x0000017c,0x0000017e,0x0004003d,
	0x00000006,0x00000180,0x00000097,0x000500aa,0x0000001f,0x00000181,0x00000180,0x000000e9,
	0x000500a6,0x0000001f,0x00000182,0x0000017f,0x00000181,0x0004003d,0x00000006,0x00000183,
	0x00000097,0x000500aa,0x0000001f,0x00000184,0x00000183,0x000000db,0x000500a6,0x0000001f,
	0x00000185,0x00000182,0x00000184,0x000300f7,0x00000187,0x00000000,0x000400fa,0x00000185,
	0x00000186,0x00000187,0x000200f8,0x00000186,0x0003003e,0x00000188,0x0000001e,0x000200f9,
	0x00000189,0x000200f8,0x00000189,0x000400f6,0x0000018b,0x0000018c,0x00000000,0x000200f9,
	0x0000018d,0x000200f8,0x0000018d,0x0004003d,0x00000006,0x0000018e,0x00000188,0x0004003d,
	0x00000006,0x0000018f,0x000000f5,0x000500b0,0x0000001f,0x00000190,0x0000018e,0x0000018f,
	0x000400fa,0x00000190,0x0000018a,0x0000018b,0x000200f8,0x0000018a,0x0003003e,0x00000191,
	0x0000001e,0x000200f9,0x00000192,0x000200f8,0x00000192,0x000400f6,0x00000194,0x00000195,
	0x00000000,0x000200f9,0x00000196,0x000200f8,0x00000196,0x0004003d,0x00000006,0x00000197,
	0x00000191,0x000500b0,0x0000001f,0x00000198,0x00000197,0x00000061,0x000400fa,0x00000198,
	0x00000193,0x00000194,0x000200f8,0x00000193,0x0004003d,0x00000006,0x00000199,0x00000188,
	0x0004003d,0x00000006,0x0000019a,0x00000191,0x00060041,0x00000009,0x0000019b,0x0000013a,
	0x00000199,0x0000019a,0x0004003d,0x00000006,0x0000019c,0x0000019b,0x000500c4,0x00000006,
	0x0000019d,0x0000019c,0x000000ab,0x00060041,0x00000009,0x0000019e,0x0000013a,0x00000199,
	0x0000019a,0x0003003e,0x0000019e,0x0000019d,0x000200f9,0x00000195,0x000200f8,0x00000195,
	0x0004003d,0x00000006,0x0000019f,0x00000191,0x00050080,0x00000006,0x000001a0,0x0000019f,
	0x000000ab,0x0003003e,0x00000191,0x000001a0,0x000200f9,0x00000192,0x000200f8,0x00000194,
	0x000200f9,0x0000018c,0x000200f8,0x0000018c,0x0004003d,0x00000006,0x000001a1,0x00000188,
	0x00050080,0x00000006,0x000001a2,0x000001a1,0x000000ab,0x0003003e,0x00000188,0x000001a2,
	0x000200f9,0x00000189,0x000200f8,0x0000018b,0x0004003d,0x00000006,0x000001a3,0x00000097,
	0x000500aa,0x0000001f,0x000001a4,0x000001a3,0x0000003f,0x000300f7,0x000001a6,0x00000000,
	0x000400fa,0x000001a4,0x000001a5,0x000001da,0x000200f8,0x000001a5,0x0004003d,0x00000007,
	0x000001a9,0x0000001a,0x0003003e,0x000001a8,0x000001a9,0x0004003d,0x00000006,0x000001ab,
	0x000000c8,0x0003003e,0x000001aa,0x000001ab,0x0003003e,0x000001ac,0x0000003f,0x00070039,
	0x00000006,0x000001ad,0x0000000e,0x000001a8,0x000001aa,0x000001ac,0x0003003e,0x000001a7,
	0x000001ad,0x0004003d,0x00000006,0x000001af,0x000000c8,0x00050080,0x00000006,0x000001b0,
	0x000001af,0x0000003f,0x0004003d,0x00000007,0x000001b2,0x0000001a,0x0003003e,0x000001b1,
	0x000001b2,0x0003003e,0x000001b3,0x000001b0,0x0003003e,0x000001b4,0x0000003f,0x00070039,
	0x00000006,0x000001b5,0x0000000e,0x000001b1,0x000001b3,0x000001b4,0x0003003e,0x000001ae,
	0x000001b5,0x0004003d,0x00000006,0x000001b6,0x000000c8,0x00050080,0x00000006,0x000001b7,
	0x000001b6,0x00000087,0x0003003e,0x000000c8,0x000001b7,0x0003003e,0x000001b8,0x0000001e,
	0x000200f9,0x000001b9,0x000200f8,0x000001b9,0x000400f6,0x000001bb,0x000001bc,0x00000000,
	0x000200f9,0x000001bd,0x000200f8,0x000001bd,0x0004003d,0x00000006,0x000001be,0x000001b8,
	0x000500b0,0x0000001f,0x000001bf,0x000001be,0x00000039,0x000400fa,0x000001bf,0x000001ba,
	0x000001bb,0x000200f8,0x000001ba,0x0004003d,0x00000006,0x000001c0,0x000001b8,0x0004003d,
	0x00000006,0x000001c1,0x000001a7,0x00060041,0x00000009,0x000001c2,0x0000013a,0x00000120,
	0x000001c0,0x0004003d,0x00000006,0x000001c3,0x000001c2,0x000500c5,0x00000006,0x000001c4,
	0x000001c3,0x000001c1,0x00060041,0x00000009,0x000001c5,0x0000013a,0x00000120,0x000001c0,
	0x0003003e,0x000001c5,0x000001c4,0x0004003d,0x00000006,0x000001c6,0x000001b8,0x0004003d,
	0x00000006,0x000001c7,0x000001a7,0x00060041,0x00000009,0x000001c8,0x0000013a,0x000000ab,
	0x000001c6,0x0004003d,0x00000006,0x000001c9,0x000001c8,0x000500c5,0x00000006,0x000001ca,
	0x000001c9,0x000001c7,0x00060041,0x00000009,0x000001cb,0x0000013a,0x000000ab,0x000001c6,
	0x0003003e,0x000001cb,0x000001ca,0x0004003d,0x00000006,0x000001cc,0x000001b8,0x0004003d,
	0x00000006,0x000001cd,0x000001ae,0x00060041,0x00000009,0x000001ce,0x0000013a,0x000000bd,
	0x000001cc,0x0004003d,0x00000006,0x000001cf,0x000001ce,0x000500c5,0x00000006,0x000001d0,
	0x000001cf,0x000001cd,0x00060041,0x00000009,0x000001d1,0x0000013a,0x000000bd,0x000001cc,
	0x0003003e,0x000001d1,0x000001d0,0x0004003d,0x00000006,0x000001d2,0x000001b8,0x0004003d,
	0x00000006,0x000001d3,0x000001ae,0x00060041,0x00000009,0x000001d4,0x0000013a,0x0000008b,
	0x000001d2,0x0004003d,0x00000006,0x000001d5,0x000001d4,0x000500c5,0x00000006,0x000001d6,
	0x000001d5,0x000001d3,0x00060041,0x00000009,0x000001d7,0x0000013a,0x0000008b,0x000001d2,
	0x0003003e,0x000001d7,0x000001d6,0x000200f9,0x000001bc,0x000200f8,0x000001bc,0x0004003d,
	0x00000006,0x000001d8,0x000001b8,0x00050080,0x00000006,0x000001d9,0x000001d8,0x000000ab,
	0x0003003e,0x000001b8,0x000001d9,0x000200f9,0x000001b9,0x000200f8,0x000001bb,0x000200f9,
	0x000001a6,0x000200f8,0x000001da,0x0003003e,0x000001db,0x0000001e,0x000200f9,0x000001dc,
	0x000200f8,0x000001dc,0x000400f6,0x000001de,0x000001df,0x00000000,0x000200f9,0x000001e0,
	0x000200f8,0x000001e0,0x0004003d,0x00000006,0x000001e1,0x000001db,0x0004003d,0x00000006,
	0x000001e2,0x000000f5,0x000500b0,0x0000001f,0x000001e3,0x000001e1,0x000001e2,0x000400fa,
	0x000001e3,0x000001dd,0x000001de,0x000200f8,0x000001dd,0x0004003d,0x00000007,0x000001e6,
	0x0000001a,0x0003003e,0x000001e5,0x000001e6,0x0004003d,0x00000006,0x000001e8,0x000000c8,
	0x0003003e,0x000001e7,0x000001e8,0x0003003e,0x000001e9,0x0000003f,0x00070039,0x00000006,
	0x000001ea,0x0000000e,0x000001e5,0x000001e7,0x000001e9,0x0003003e,0x000001e4,0x000001ea,
	0x0004003d,0x00000006,0x000001eb,0x000000c8,0x00050080,0x00000006,0x000001ec,0x000001eb,
	0x0000003f,0x0003003e,0x000000c8,0x000001ec,0x0003003e,0x000001ed,0x0000001e,0x000200f9,
	0x000001ee,0x000200f8,0x000001ee,0x000400f6,0x000001f0,0x000001f1,0x00000000,0x000200f9,
	0x000001f2,0x000200f8,0x000001f2,0x0004003d,0x00000006,0x000001f3,0x000001ed,0x000500b0,
	0x0000001f,0x000001f4,0x000001f3,0x00000061,0x000400fa,0x000001f4,0x000001ef,0x000001f0,
	0x000200f8,0x000001ef,0x0004003d,0x00000006,0x000001f5,0x000001db,0x0004003d,0x00000006,
	0x000001f6,0x000001ed,0x0004003d,0x00000006,0x000001f7,0x000001e4,0x00060041,0x00000009,
	0x000001f8,0x0000013a,0x000001f5,0x000001f6,0x0004003d,0x00000006,0x000001f9,0x000001f8,
	0x000500c5,0x00000006,0x000001fa,0x000001f9,0x000001f7,0x00060041,0x00000009,0x000001fb,
	0x0000013a,0x000001f5,0x000001f6,0x0003003e,0x000001fb,0x000001fa,0x000200f9,0x000001f1,
	0x000200f8,0x000001f1,0x0004003d,0x00000006,0x000001fc,0x000001ed,0x00050080,0x00000006,
	0x000001fd,0x000001fc,0x000000ab,0x0003003e,0x000001ed,0x000001fd,0x000200f9,0x000001ee,
	0x000200f8,0x000001f0,0x000200f9,0x000001df,0x000200f8,0x000001df,0x0004003d,0x00000006,
	0x000001fe,0x000001db,0x00050080,0x00000006,0x000001ff,0x000001fe,0x000000ab,0x0003003e,
	0x000001db,0x000001ff,0x000200f9,0x000001dc,0x000200f8,0x000001de,0x000200f9,0x000001a6,
	0x000200f8,0x000001a6,0x000200f9,0x00000187,0x000200f8,0x00000187,0x0003003e,0x00000200,
	0x0000001e,0x000200f9,0x00000201,0x000200f8,0x00000201,0x000400f6,0x00000203,0x00000204,
	0x00000000,0x000200f9,0x00000205,0x000200f8,0x00000205,0x0004003d,0x00000006,0x00000206,
	0x00000200,0x0004003d,0x00000006,0x00000207,0x000000f5,0x000500b0,0x0000001f,0x00000208,
	0x00000206,0x00000207,0x000400fa,0x00000208,0x00000202,0x00000203,0x000200f8,0x00000202,
	0x0004003d,0x00000026,0x0000020a,0x00000115,0x0004007c,0x00000006,0x0000020b,0x0000020a,
	0x0004003d,0x00000006,0x0000020c,0x00000097,0x000500c2,0x00000006,0x0000020d,0x00000170,
	0x0000020c,0x000500c7,0x00000006,0x0000020e,0x0000020d,0x0000003f,0x00050080,0x00000006,
	0x0000020f,0x0000020b,0x0000020e,0x0003003e,0x00000209,0x0000020f,0x0003003e,0x00000210,
	0x0000001e,0x000200f9,0x00000211,0x000200f8,0x00000211,0x000400f6,0x00000213,0x00000214,
	0x00000000,0x000200f9,0x00000215,0x000200f8,0x00000215,0x0004003d,0x00000006,0x00000216,
	0x00000210,0x000500b0,0x0000001f,0x00000217,0x00000216,0x00000039,0x000400fa,0x00000217,
	0x00000212,0x00000213,0x000200f8,0x00000212,0x0004003d,0x00000006,0x00000218,0x00000200,
	0x0004003d,0x00000006,0x00000219,0x00000210,0x0004003d,0x00000006,0x0000021a,0x00000200,
	0x0004003d,0x00000006,0x0000021b,0x00000210,0x00060041,0x00000009,0x0000021c,0x0000013a,
	0x0000021a,0x0000021b,0x0004003d,0x00000006,0x0000021d,0x0000021c,0x0004003d,0x00000006,
	0x0000021e,0x00000209,0x00050082,0x00000006,0x0000021f,0x0000009e,0x0000021e,0x000500c4,
	0x00000006,0x00000220,0x0000021d,0x0000021f,0x00060041,0x00000009,0x00000221,0x0000013a,
	0x00000218,0x00000219,0x0003003e,0x00000221,0x00000220,0x0004003d,0x00000006,0x00000222,
	0x00000200,0x0004003d,0x00000006,0x00000223,0x00000210,0x0004003d,0x00000006,0x00000224,
	0x00000200,0x0004003d,0x00000006,0x00000225,0x00000210,0x00060041,0x00000009,0x00000226,
	0x0000013a,0x00000224,0x00000225,0x0004003d,0x00000006,0x00000227,0x00000226,0x0004003d,
	0x00000006,0x00000228,0x00000200,0x0004003d,0x00000006,0x00000229,0x00000210,0x00060041,
	0x00000009,0x0000022a,0x0000013a,0x00000228,0x00000229,0x0004003d,0x00000006,0x0000022b,
	0x0000022a,0x0004003d,0x00000006,0x0000022c,0x00000209,0x000500c2,0x00000006,0x0000022d,
	0x0000022b,0x0000022c,0x000500c5,0x00000006,0x0000022e,0x00000227,0x0000022d,0x000500c7,
	0x00000006,0x00000230,0x0000022e,0x0000022f,0x00060041,0x00000009,0x00000231,0x0000013a,
	0x00000222,0x00000223,0x0003003e,0x00000231,0x00000230,0x000200f9,0x00000214,0x000200f8,
	0x00000214,0x0004003d,0x00000006,0x00000232,0x00000210,0x00050080,0x00000006,0x00000233,
	0x00000232,0x000000ab,0x0003003e,0x00000210,0x00000233,0x000200f9,0x00000211,0x000200f8,
	0x00000213,0x0004003d,0x00000026,0x00000234,0x0000011f,0x0004007c,0x00000006,0x00000235,
	0x00000234,0x0004003d,0x00000006,0x00000236,0x00000097,0x000500c2,0x00000006,0x00000237,
	0x00000170,0x00000236,0x000500c7,0x00000006,0x00000238,0x00000237,0x0000003f,0x00050080,
	0x00000006,0x00000239,0x00000235,0x00000238,0x0003003e,0x00000209,0x00000239,0x0004003d,
	0x00000006,0x0000023a,0x00000200,0x0004003d,0x00000006,0x0000023b,0x00000200,0x00060041,
	0x00000009,0x0000023c,0x0000013a,0x0000023b,0x0000008b,0x0004003d,0x00000006,0x0000023d,
	0x0000023c,0x0004003d,0x00000006,0x0000023e,0x00000209,0x00050082,0x00000006,0x0000023f,
	0x0000009e,0x0000023e,0x000500c4,0x00000006,0x00000240,0x0000023d,0x0000023f,0x00060041,
	0x00000009,0x00000241,0x0000013a,0x0000023a,0x0000008b,0x0003003e,0x00000241,0x00000240,
	0x0004003d,0x00000006,0x00000242,0x00000200,0x0004003d,0x00000006,0x00000243,0x00000200,
	0x00060041,0x00000009,0x00000244,0x0000013a,0x00000243,0x0000008b,0x0004003d,0x00000006,
	0x00000245,0x00000244,0x0004003d,0x00000006,0x00000246,0x00000200,0x00060041,0x00000009,
	0x00000247,0x0000013a,0x00000246,0x0000008b,0x0004003d,0x00000006,0x00000248,0x00000247,
	0x0004003d,0x00000006,0x00000249,0x00000209,0x000500c2,0x00000006,0x0000024a,0x00000248,
	0x00000249,0x000500c5,0x00000006,0x0000024b,0x00000245,0x0000024a,0x000500c7,0x00000006,
	0x0000024c,0x0000024b,0x0000022f,0x00060041,0x00000009,0x0000024d,0x0000013a,0x00000242,
	0x0000008b,0x0003003e,0x0000024d,0x0000024c,0x0004003d,0x00000026,0x0000024e,0x0000011f,
	0x000500aa,0x0000001f,0x0000024f,0x0000024e,0x00000120,0x000300f7,0x00000251,0x00000000,
	0x000400fa,0x0000024f,0x00000250,0x00000251,0x000200f8,0x00000250,0x0004003d,0x00000006,
	0x00000252,0x00000200,0x00060041,0x00000009,0x00000253,0x0000013a,0x00000252,0x0000008b,
	0x0003003e,0x00000253,0x0000022f,0x000200f9,0x00000251,0x000200f8,0x00000251,0x000200f9,
	0x00000204,0x000200f8,0x00000204,0x0004003d,0x00000006,0x00000254,0x00000200,0x00050080,
	0x00000006,0x00000255,0x00000254,0x000000ab,0x0003003e,0x00000200,0x00000255,0x000200f9,
	0x00000201,0x000200f8,0x00000203,0x0004003d,0x00000006,0x00000257,0x00000097,0x000500aa,
	0x0000001f,0x00000258,0x00000257,0x0000001e,0x0004003d,0x00000006,0x00000259,0x00000097,
	0x000500aa,0x0000001f,0x0000025a,0x00000259,0x0000003f,0x000500a6,0x0000001f,0x0000025b,
	0x00000258,0x0000025a,0x000300f7,0x0000025e,0x00000000,0x000400fa,0x0000025b,0x0000025d,
	0x0000025f,0x000200f8,0x0000025d,0x0003003e,0x0000025c,0x00000039,0x000200f9,0x0000025e,
	0x000200f8,0x0000025f,0x0004003d,0x00000006,0x00000260,0x00000097,0x000500aa,0x0000001f,
	0x00000261,0x00000260,0x000000e9,0x000600a9,0x00000006,0x00000262,0x00000261,0x00000061,
	0x00000087,0x0003003e,0x0000025c,0x00000262,0x000200f9,0x0000025e,0x000200f8,0x0000025e,
	0x0004003d,0x00000006,0x00000263,0x0000025c,0x0003003e,0x00000256,0x00000263,0x0004003d,
	0x00000006,0x00000265,0x00000097,0x000500aa,0x0000001f,0x00000266,0x00000265,0x00000061,
	0x000300f7,0x00000269,0x00000000,0x000400fa,0x00000266,0x00000268,0x0000026a,0x000200f8,
	0x00000268,0x0003003e,0x00000267,0x00000039,0x000200f9,0x00000269,0x000200f8,0x0000026a,
	0x0004003d,0x00000006,0x0000026b,0x00000097,0x000500aa,0x0000001f,0x0000026c,0x0000026b,
	0x000000fb,0x000600a9,0x00000006,0x0000026d,0x0000026c,0x00000087,0x0000001e,0x0003003e,
	0x00000267,0x0000026d,0x000200f9,0x00000269,0x000200f8,0x00000269,0x0004003d,0x00000006,
	0x0000026e,0x00000267,0x0003003e,0x00000264,0x0000026e,0x0004003d,0x00000006,0x00000270,
	0x000000cb,0x000500aa,0x0000001f,0x00000271,0x00000270,0x00000087,0x000300f7,0x00000274,
	0x00000000,0x000400fa,0x00000271,0x00000273,0x000002bd,0x000200f8,0x00000273,0x0004003d,
	0x00000006,0x000002b8,0x000000cc,0x0003003e,0x000002ba,0x000002b7,0x00050041,0x00000009,
	0x000002bb,0x000002ba,0x000002b8,0x0004003d,0x00000006,0x000002bc,0x000002bb,0x0003003e,
	0x00000272,0x000002bc,0x000200f9,0x00000274,0x000200f8,0x000002bd,0x0004003d,0x00000006,
	0x000002be,0x000000cb,0x000500aa,0x0000001f,0x000002bf,0x000002be,0x00000039,0x000300f7,
	0x000002c2,0x00000000,0x000400fa,0x000002bf,0x000002c1,0x00000308,0x000200f8,0x000002c1,
	0x0004003d,0x00000006,0x00000304,0x000000cc,0x0003003e,0x00000305,0x00000303,0x00050041,
	0x00000009,0x00000306,0x00000305,0x00000304,0x0004003d,0x00000006,0x00000307,0x00000306,
	0x0003003e,0x000002c0,0x00000307,0x000200f9,0x000002c2,0x000200f8,0x00000308,0x0003003e,
	0x000002c0,0x0000001e,0x000200f9,0x000002c2,0x000200f8,0x000002c2,0x0004003d,0x00000006,
	0x00000309,0x000002c0,0x0003003e,0x00000272,0x00000309,0x000200f9,0x00000274,0x000200f8,
	0x00000274,0x0004003d,0x00000006,0x0000030a,0x00000272,0x0003003e,0x0000026f,0x0000030a,
	0x0004003d,0x00000006,0x0000030c,0x000000cb,0x000500aa,0x0000001f,0x0000030d,0x0000030c,
	0x00000087,0x000300f7,0x00000310,0x00000000,0x000400fa,0x0000030d,0x0000030f,0x00000317,
	0x000200f8,0x0000030f,0x0004003d,0x00000006,0x00000313,0x000000cc,0x0003003e,0x00000314,
	0x00000312,0x00050041,0x00000009,0x00000315,0x00000314,0x00000313,0x0004003d,0x00000006,
	0x00000316,0x00000315,0x0003003e,0x0000030e,0x00000316,0x000200f9,0x00000310,0x000200f8,
	0x00000317,0x0004003d,0x00000006,0x00000318,0x000000cb,0x000500aa,0x0000001f,0x00000319,
	0x00000318,0x00000039,0x000300f7,0x0000031c,0x00000000,0x000400fa,0x00000319,0x0000031b,
	0x00000334,0x000200f8,0x0000031b,0x0004003d,0x00000006,0x00000330,0x000000cc,0x0003003e,
	0x00000331,0x0000032f,0x00050041,0x00000009,0x00000332,0x00000331,0x00000330,0x0004003d,
	0x00000006,0x00000333,0x00000332,0x0003003e,0x0000031a,0x00000333,0x000200f9,0x0000031c,
	0x000200f8,0x00000334,0x0003003e,0x0000031a,0x0000001e,0x000200f9,0x0000031c,0x000200f8,
	0x0000031c,0x0004003d,0x00000006,0x00000335,0x0000031a,0x0003003e,0x0000030e,0x00000335,
	0x000200f9,0x00000310,0x000200f8,0x00000310,0x0004003d,0x00000006,0x00000336,0x0000030e,
	0x0003003e,0x0000030b,0x00000336,0x0003003e,0x00000337,0x0000001e,0x000200f9,0x00000338,
	0x000200f8,0x00000338,0x000400f6,0x0000033a,0x0000033b,0x00000000,0x000200f9,0x0000033c,
	0x000200f8,0x0000033c,0x0004003d,0x00000006,0x0000033d,0x00000337,0x000500b0,0x0000001f,
	0x0000033e,0x0000033d,0x000000b8,0x000400fa,0x0000033e,0x00000339,0x0000033a,0x000200f8,
	0x00000339,0x0004003d,0x00000006,0x00000340,0x0000026f,0x0004003d,0x00000006,0x00000341,
	0x00000337,0x00050084,0x00000006,0x00000342,0x00000087,0x00000341,0x000500c2,0x00000006,
	0x00000343,0x00000340,0x00000342,0x000500c7,0x00000006,0x00000344,0x00000343,0x00000039,
	0x0003003e,0x0000033f,0x00000344,0x0004003d,0x00000006,0x00000346,0x00000256,0x0003003e,
	0x00000345,0x00000346,0x0004003d,0x00000006,0x00000348,0x00000337,0x000500aa,0x0000001f,
	0x00000349,0x00000348,0x0000001e,0x000400a8,0x0000001f,0x0000034a,0x00000349,0x000300f7,
	0x0000034c,0x00000000,0x000400fa,0x0000034a,0x0000034b,0x0000034c,0x000200f8,0x0000034b,
	0x0004003d,0x00000006,0x0000034d,0x0000033f,0x000500aa,0x0000001f,0x0000034e,0x0000034d,
	0x0000003f,0x000300f7,0x00000350,0x00000000,0x000400fa,0x0000034e,0x0000034f,0x00000350,
	0x000200f8,0x0000034f,0x0004003d,0x00000006,0x00000351,0x00000337,0x0004003d,0x00000006,
	0x00000352,0x0000030b,0x000500c7,0x00000006,0x00000353,0x00000352,0x00000311,0x000500aa,
	0x0000001f,0x00000354,0x00000351,0x00000353,0x000200f9,0x00000350,0x000200f8,0x00000350,
	0x000700f5,0x0000001f,0x00000355,0x0000034e,0x0000034b,0x00000354,0x0000034f,0x000200f9,
	0x0000034c,0x000200f8,0x0000034c,0x000700f5,0x0000001f,0x00000356,0x00000349,0x00000339,
	0x00000355,0x00000350,0x000400a8,0x0000001f,0x00000357,0x00000356,0x000300f7,0x00000359,
	0x00000000,0x000400fa,0x00000357,0x00000358,0x00000359,0x000200f8,0x00000358,0x0004003d,
	0x00000006,0x0000035a,0x0000033f,0x000500aa,0x0000001f,0x0000035b,0x0000035a,0x00000087,
	0x000300f7,0x0000035d,0x00000000,0x000400fa,0x0000035b,0x0000035c,0x0000035d,0x000200f8,
	0x0000035c,0x0004003d,0x00000006,0x0000035e,0x00000337,0x0004003d,0x00000006,0x0000035f,
	0x0000030b,0x000500c2,0x00000006,0x00000360,0x0000035f,0x00000080,0x000500aa,0x0000001f,
	0x00000361,0x0000035e,0x00000360,0x000200f9,0x0000035d,0x000200f8,0x0000035d,0x000700f5,
	0x0000001f,0x00000362,0x0000035b,0x00000358,0x00000361,0x0000035c,0x000200f9,0x00000359,
	0x000200f8,0x00000359,0x000700f5,0x0000001f,0x00000363,0x00000356,0x0000034c,0x00000362,
	0x0000035d,0x0003003e,0x00000347,0x00000363,0x0004003d,0x0000001f,0x00000364,0x00000347,
	0x000300f7,0x00000366,0x00000000,0x000400fa,0x00000364,0x00000365,0x00000366,0x000200f8,
	0x00000365,0x0004003d,0x00000006,0x00000367,0x00000345,0x00050082,0x00000006,0x00000368,
	0x00000367,0x000000ab,0x0003003e,0x00000345,0x00000368,0x000200f9,0x00000366,0x000200f8,
	0x00000366,0x0004003d,0x00000006,0x0000036c,0x00000337,0x0004003d,0x00000007,0x0000036e,
	0x0000001a,0x0003003e,0x0000036d,0x0000036e,0x0004003d,0x00000006,0x00000370,0x000000c8,
	0x0003003e,0x0000036f,0x00000370,0x0004003d,0x00000006,0x00000372,0x00000345,0x0003003e,
	0x00000371,0x00000372,0x00070039,0x00000006,0x00000373,0x0000000e,0x0000036d,0x0000036f,
	0x00000371,0x00050041,0x00000009,0x00000374,0x0000036b,0x0000036c,0x0003003e,0x00000374,
	0x00000373,0x0004003d,0x00000006,0x00000375,0x00000345,0x0004003d,0x00000006,0x00000376,
	0x000000c8,0x00050080,0x00000006,0x00000377,0x00000376,0x00000375,0x0003003e,0x000000c8,
	0x00000377,0x000200f9,0x0000033b,0x000200f8,0x0000033b,0x0004003d,0x00000006,0x00000378,
	0x00000337,0x00050080,0x00000006,0x00000379,0x00000378,0x000000ab,0x0003003e,0x00000337,
	0x00000379,0x000200f9,0x00000338,0x000200f8,0x0000033a,0x0003003e,0x0000037a,0x0000001e,
	0x000200f9,0x0000037b,0x000200f8,0x0000037b,0x000400f6,0x0000037d,0x0000037e,0x00000000,
	0x000200f9,0x0000037f,0x000200f8,0x0000037f,0x0004003d,0x00000006,0x00000380,0x0000037a,
	0x000500b0,0x0000001f,0x00000381,0x00000380,0x000000b8,0x000400fa,0x00000381,0x0000037c,
	0x0000037d,0x000200f8,0x0000037c,0x0004003d,0x00000006,0x00000383,0x0000026f,0x0004003d,
	0x00000006,0x00000384,0x0000037a,0x00050084,0x00000006,0x00000385,0x00000087,0x00000384,
	0x000500c2,0x00000006,0x00000386,0x00000383,0x00000385,0x000500c7,0x00000006,0x00000387,
	0x00000386,0x00000039,0x0003003e,0x00000382,0x00000387,0x0004003d,0x00000006,0x00000389,
	0x00000382,0x00050084,0x00000006,0x0000038a,0x00000389,0x00000087,0x0003003e,0x00000388,
	0x0000038a,0x0004003d,0x00000006,0x0000038c,0x00000388,0x00050080,0x00000006,0x0000038d,
	0x0000038c,0x0000003f,0x0003003e,0x0000038b,0x0000038d,0x0004003d,0x00000006,0x0000038f,
	0x0000037a,0x00050041,0x00000009,0x00000390,0x0000036b,0x0000038f,0x0004003d,0x00000006,
	0x00000391,0x00000390,0x0003003e,0x0000038e,0x00000391,0x0004003d,0x00000006,0x00000392,
	0x00000264,0x000500aa,0x0000001f,0x00000393,0x00000392,0x0000001e,0x000300f7,0x00000395,
	0x00000000,0x000400fa,0x00000393,0x00000394,0x000003e5,0x000200f8,0x00000394,0x0004003d,
	0x00000006,0x00000397,0x00000256,0x000500aa,0x0000001f,0x00000398,0x00000397,0x00000087,
	0x000300f7,0x0000039b,0x00000000,0x000400fa,0x00000398,0x0000039a,0x000003a4,0x000200f8,
	0x0000039a,0x0004003d,0x00000006,0x0000039f,0x0000038e,0x0003003e,0x000003a1,0x0000039e,
	0x00050041,0x00000009,0x000003a2,0x000003a1,0x0000039f,0x0004003d,0x00000006,0x000003a3,
	0x000003a2,0x0003003e,0x00000399,0x000003a3,0x000200f9,0x0000039b,0x000200f8,0x000003a4,
	0x0004003d,0x00000006,0x000003a5,0x00000256,0x000500aa,0x0000001f,0x000003a6,0x000003a5,
	0x00000039,0x000300f7,0x000003a9,0x00000000,0x000400fa,0x000003a6,0x000003a8,0x000003b7,
	0x000200f8,0x000003a8,0x0004003d,0x00000006,0x000003b2,0x0000038e,0x0003003e,0x000003b4,
	0x000003b1,0x00050041,0x00000009,0x000003b5,0x000003b4,0x000003b2,0x0004003d,0x00000006,
	0x000003b6,0x000003b5,0x0003003e,0x000003a7,0x000003b6,0x000200f9,0x000003a9,0x000200f8,
	0x000003b7,0x0004003d,0x00000006,0x000003c2,0x0000038e,0x0003003e,0x000003c3,0x000003c1,
	0x00050041,0x00000009,0x000003c4,0x000003c3,0x000003c2,0x0004003d,0x00000006,0x000003c5,
	0x000003c4,0x0003003e,0x000003a7,0x000003c5,0x000200f9,0x000003a9,0x000200f8,0x000003a9,
	0x0004003d,0x00000006,0x000003c6,0x000003a7,0x0003003e,0x00000399,0x000003c6,0x000200f9,
	0x0000039b,0x000200f8,0x0000039b,0x0004003d,0x00000006,0x000003c7,0x00000399,0x0003003e,
	0x00000396,0x000003c7,0x0003003e,0x000003c8,0x0000001e,0x000200f9,0x000003c9,0x000200f8,
	0x000003c9,0x000400f6,0x000003cb,0x000003cc,0x00000000,0x000200f9,0x000003cd,0x000200f8,
	0x000003cd,0x0004003d,0x00000006,0x000003ce,0x000003c8,0x000500b0,0x0000001f,0x000003cf,
	0x000003ce,0x00000061,0x000400fa,0x000003cf,0x000003ca,0x000003cb,0x000200f8,0x000003ca,
	0x0004003d,0x00000006,0x000003d1,0x000003c8,0x0004003d,0x00000006,0x000003d2,0x00000388,
	0x0004003d,0x00000006,0x000003d3,0x000003c8,0x00060041,0x00000009,0x000003d4,0x0000013a,
	0x000003d2,0x000003d3,0x0004003d,0x00000006,0x000003d5,0x000003d4,0x0004003d,0x00000006,
	0x000003d6,0x00000396,0x00050082,0x00000006,0x000003d7,0x00000275,0x000003d6,0x00050084,
	0x00000006,0x000003d8,0x000003d5,0x000003d7,0x0004003d,0x00000006,0x000003d9,0x0000038b,
	0x0004003d,0x00000006,0x000003da,0x000003c8,0x00060041,0x00000009,0x000003db,0x0000013a,
	0x000003d9,0x000003da,0x0004003d,0x00000006,0x000003dc,0x000003db,0x0004003d,0x00000006,
	0x000003dd,0x00000396,0x00050084,0x00000006,0x000003de,0x000003dc,0x000003dd,0x00050080,
	0x00000006,0x000003df,0x000003d8,0x000003de,0x00050080,0x00000006,0x000003e0,0x000003df,
	0x00000036,0x000500c2,0x00000006,0x000003e1,0x000003e0,0x00000117,0x00050041,0x00000009,
	0x000003e2,0x000003d0,0x000003d1,0x0003003e,0x000003e2,0x000003e1,0x000200f9,0x000003cc,
	0x000200f8,0x000003cc,0x0004003d,0x00000006,0x000003e3,0x000003c8,0x00050080,0x00000006,
	0x000003e4,0x000003e3,0x000000ab,0x0003003e,0x000003c8,0x000003e4,0x000200f9,0x000003c9,
	0x000200f8,0x000003cb,0x000200f9,0x00000395,0x000200f8,0x000003e5,0x0004003d,0x00000006,
	0x000003e7,0x0000037a,0x000500aa,0x0000001f,0x000003e8,0x000003e7,0x0000001e,0x000300f7,
	0x000003eb,0x00000000,0x000400fa,0x000003e8,0x000003ea,0x000003ee,0x000200f8,0x000003ea,
	0x0004003d,0x00000006,0x000003ec,0x00000264,0x00050082,0x00000006,0x000003ed,0x000003ec,
	0x0000003f,0x0003003e,0x000003e9,0x000003ed,0x000200f9,0x000003eb,0x000200f8,0x000003ee,
	0x0004003d,0x00000006,0x000003ef,0x00000264,0x0003003e,0x000003e9,0x000003ef,0x000200f9,
	0x000003eb,0x000200f8,0x000003eb,0x0004003d,0x00000006,0x000003f0,0x000003e9,0x0003003e,
	0x000003e6,0x000003f0,0x0004003d,0x00000007,0x000003f3,0x0000001a,0x0003003e,0x000003f2,
	0x000003f3,0x0004003d,0x00000006,0x000003f5,0x000000c8,0x0003003e,0x000003f4,0x000003f5,
	0x0004003d,0x00000006,0x000003f7,0x000003e6,0x0003003e,0x000003f6,0x000003f7,0x00070039,
	0x00000006,0x000003f8,0x0000000e,0x000003f2,0x000003f4,0x000003f6,0x0003003e,0x000003f1,
	0x000003f8,0x0004003d,0x00000006,0x000003f9,0x000003e6,0x0004003d,0x00000006,0x000003fa,
	0x000000c8,0x00050080,0x00000006,0x000003fb,0x000003fa,0x000003f9,0x0003003e,0x000000c8,
	0x000003fb,0x0004003d,0x00000006,0x000003fd,0x00000256,0x000500aa,0x0000001f,0x000003fe,
	0x000003fd,0x00000087,0x000300f7,0x00000401,0x00000000,0x000400fa,0x000003fe,0x00000400,
	0x00000406,0x000200f8,0x00000400,0x0004003d,0x00000006,0x00000402,0x0000038e,0x0003003e,
	0x00000403,0x0000039e,0x00050041,0x00000009,0x00000404,0x00000403,0x00000402,0x0004003d,
	0x00000006,0x00000405,0x00000404,0x0003003e,0x000003ff,0x00000405,0x000200f9,0x00000401,
	0x000200f8,0x00000406,0x0004003d,0x00000006,0x00000407,0x0000038e,0x0003003e,0x00000408,
	0x000003b1,0x00050041,0x00000009,0x00000409,0x00000408,0x00000407,0x0004003d,0x00000006,
	0x0000040a,0x00000409,0x0003003e,0x000003ff,0x0000040a,0x000200f9,0x00000401,0x000200f8,
	0x00000401,0x0004003d,0x00000006,0x0000040b,0x000003ff,0x0003003e,0x000003fc,0x0000040b,
	0x0004003d,0x00000006,0x0000040d,0x00000264,0x000500aa,0x0000001f,0x0000040e,0x0000040d,
	0x00000087,0x000300f7,0x00000411,0x00000000,0x000400fa,0x0000040e,0x00000410,0x00000416,
	0x000200f8,0x00000410,0x0004003d,0x00000006,0x00000412,0x000003f1,0x0003003e,0x00000413,
	0x0000039e,0x00050041,0x00000009,0x00000414,0x00000413,0x00000412,0x0004003d,0x00000006,
	0x00000415,0x00000414,0x0003003e,0x0000040f,0x00000415,0x000200f9,0x00000411,0x000200f8,
	0x00000416,0x0004003d,0x00000006,0x00000417,0x000003f1,0x0003003e,0x00000418,0x000003b1,
	0x00050041,0x00000009,0x00000419,0x00000418,0x00000417,0x0004003d,0x00000006,0x0000041a,
	0x00000419,0x0003003e,0x0000040f,0x0000041a,0x000200f9,0x00000411,0x000200f8,0x00000411,
	0x0004003d,0x00000006,0x0000041b,0x0000040f,0x0003003e,0x0000040c,0x0000041b,0x0004003d,
	0x00000006,0x0000041d,0x000000ce,0x000500aa,0x0000001f,0x0000041e,0x0000041d,0x0000001e,
	0x0004003d,0x00000006,0x0000041f,0x000003fc,0x0004003d,0x00000006,0x00000420,0x0000040c,
	0x000600a9,0x00000006,0x00000421,0x0000041e,0x0000041f,0x00000420,0x0003003e,0x0000041c,
	0x00000421,0x0004003d,0x00000006,0x00000423,0x000000ce,0x000500aa,0x0000001f,0x00000424,
	0x00000423,0x0000001e,0x0004003d,0x00000006,0x00000425,0x0000040c,0x0004003d,0x00000006,
	0x00000426,0x000003fc,0x000600a9,0x00000006,0x00000427,0x00000424,0x00000425,0x00000426,
	0x0003003e,0x00000422,0x00000427,0x0003003e,0x00000428,0x0000001e,0x000200f9,0x00000429,
	0x000200f8,0x00000429,0x000400f6,0x0000042b,0x0000042c,0x00000000,0x000200f9,0x0000042d,
	0x000200f8,0x0000042d,0x0004003d,0x00000006,0x0000042e,0x00000428,0x000500b0,0x0000001f,
	0x0000042f,0x0000042e,0x00000039,0x000400fa,0x0000042f,0x0000042a,0x0000042b,0x000200f8,
	0x0000042a,0x0004003d,0x00000006,0x00000430,0x00000428,0x0004003d,0x00000006,0x00000431,
	0x00000388,0x0004003d,0x00000006,0x00000432,0x00000428,0x00060041,0x00000009,0x00000433,
	0x0000013a,0x00000431,0x00000432,0x0004003d,0x00000006,0x00000434,0x00000433,0x0004003d,
	0x00000006,0x00000435,0x0000041c,0x00050082,0x00000006,0x00000436,0x00000275,0x00000435,
	0x00050084,0x00000006,0x00000437,0x00000434,0x00000436,0x0004003d,0x00000006,0x00000438,
	0x0000038b,0x0004003d,0x00000006,0x00000439,0x00000428,0x00060041,0x00000009,0x0000043a,
	0x0000013a,0x00000438,0x00000439,0x0004003d,0x00000006,0x0000043b,0x0000043a,0x0004003d,
	0x00000006,0x0000043c,0x0000041c,0x00050084,0x00000006,0x0000043d,0x0000043b,0x0000043c,
	0x00050080,0x00000006,0x0000043e,0x00000437,0x0000043d,0x00050080,0x00000006,0x0000043f,
	0x0000043e,0x00000036,0x000500c2,0x00000006,0x00000440,0x0000043f,0x00000117,0x00050041,
	0x00000009,0x00000441,0x000003d0,0x00000430,0x0003003e,0x00000441,0x00000440,0x000200f9,
	0x0000042c,0x000200f8,0x0000042c,0x0004003d,0x00000006,0x00000442,0x00000428,0x00050080,
	0x00000006,0x00000443,0x00000442,0x000000ab,0x0003003e,0x00000428,0x00000443,0x000200f9,
	0x00000429,0x000200f8,0x0000042b,0x0004003d,0x00000006,0x00000444,0x00000388,0x00060041,
	0x00000009,0x00000445,0x0000013a,0x00000444,0x0000008b,0x0004003d,0x00000006,0x00000446,
	0x00000445,0x0004003d,0x00000006,0x00000447,0x00000422,0x00050082,0x00000006,0x00000448,
	0x00000275,0x00000447,0x00050084,0x00000006,0x00000449,0x00000446,0x00000448,0x0004003d,
	0x00000006,0x0000044a,0x0000038b,0x00060041,0x00000009,0x0000044b,0x0000013a,0x0000044a,
	0x0000008b,0x0004003d,0x00000006,0x0000044c,0x0000044b,0x0004003d,0x00000006,0x0000044d,
	0x00000422,0x00050084,0x00000006,0x0000044e,0x0000044c,0x0000044d,0x00050080,0x00000006,
	0x0000044f,0x00000449,0x0000044e,0x00050080,0x00000006,0x00000450,0x0000044f,0x00000036,
	0x000500c2,0x00000006,0x00000451,0x00000450,0x00000117,0x00050041,0x00000009,0x00000452,
	0x000003d0,0x00000039,0x0003003e,0x00000452,0x00000451,0x000200f9,0x00000395,0x000200f8,
	0x00000395,0x0004003d,0x00000006,0x00000453,0x000000cd,0x000500aa,0x0000001f,0x00000454,
	0x00000453,0x0000003f,0x000300f7,0x00000456,0x00000000,0x000400fa,0x00000454,0x00000455,
	0x00000459,0x000200f8,0x00000455,0x0004003d,0x00000007,0x00000457,0x000003d0,0x0009004f,
	0x00000007,0x00000458,0x00000457,0x00000457,0x00000003,0x00000001,0x00000002,0x00000000,
	0x0003003e,0x000003d0,0x00000458,0x000200f9,0x00000456,0x000200f8,0x00000459,0x0004003d,
	0x00000006,0x0000045a,0x000000cd,0x000500aa,0x0000001f,0x0000045b,0x0000045a,0x00000087,
	0x000300f7,0x0000045d,0x00000000,0x000400fa,0x0000045b,0x0000045c,0x00000460,0x000200f8,
	0x0000045c,0x0004003d,0x00000007,0x0000045e,0x000003d0,0x0009004f,0x00000007,0x0000045f,
	0x0000045e,0x0000045e,0x00000000,0x00000003,0x00000002,0x00000001,0x0003003e,0x000003d0,
	0x0000045f,0x000200f9,0x0000045d,0x000200f8,0x00000460,0x0004003d,0x00000006,0x00000461,
	0x000000cd,0x000500aa,0x0000001f,0x00000462,0x00000461,0x00000039,0x000300f7,0x00000464,
	0x00000000,0x000400fa,0x00000462,0x00000463,0x00000464,0x000200f8,0x00000463,0x0004003d,
	0x00000007,0x00000465,0x000003d0,0x0009004f,0x00000007,0x00000466,0x00000465,0x00000465,
	0x00000000,0x00000001,0x00000003,0x00000002,0x0003003e,0x000003d0,0x00000466,0x000200f9,
	0x00000464,0x000200f8,0x00000464,0x000200f9,0x0000045d,0x000200f8,0x0000045d,0x000200f9,
	0x00000456,0x000200f8,0x00000456,0x0004003d,0x00000006,0x00000467,0x0000037a,0x000500c7,
	0x00000006,0x00000468,0x00000467,0x00000039,0x0004003d,0x00000006,0x00000469,0x0000037a,
	0x000500c2,0x00000006,0x0000046a,0x00000469,0x000000bd,0x0004003d,0x00000007,0x0000046b,
	0x000003d0,0x00040070,0x00000011,0x0000046c,0x0000046b,0x00070050,0x00000011,0x0000046e,
	0x0000046d,0x0000046d,0x0000046d,0x0000046d,0x00050088,0x00000011,0x0000046f,0x0000046c,
	0x0000046e,0x0003003e,0x00000470,0x00000468,0x0003003e,0x00000471,0x0000046a,0x0003003e,
	0x00000472,0x0000046f,0x00070039,0x00000002,0x00000473,0x00000017,0x00000470,0x00000471,
	0x00000472,0x000200f9,0x0000037e,0x000200f8,0x0000037e,0x0004003d,0x00000006,0x00000474,
	0x0000037a,0x00050080,0x00000006,0x00000475,0x00000474,0x000000ab,0x0003003e,0x0000037a,
	0x00000475,0x000200f9,0x0000037b,0x000200f8,0x0000037d,0x000100fd,0x00010038
};
